station_complex_id,dow,hour,mean_ridership,pred_ridership,n_obs
10,0,0,266.16,263.94414711372406,75
10,0,1,93.88,87.57659342706198,75
10,0,2,41.14666666666667,39.056249518312406,75
10,0,3,26.093333333333334,25.006772271817226,75
10,0,4,23.026666666666667,22.11574818922245,75
10,0,5,47.06666666666667,47.782714558204596,75
10,0,6,130.98666666666668,137.26775397971502,75
10,0,7,310.52,323.2384570996541,75
10,0,8,693.5466666666666,701.056766243128,75
10,0,9,830.1333333333333,812.9409531039594,75
10,0,10,774.2933333333333,763.8222979400326,75
10,0,11,706.5733333333334,722.6140142915706,75
10,0,12,710.36,722.2512454542707,75
10,0,13,737.6133333333333,726.691917457283,75
10,0,14,910.68,922.7033565096833,75
10,0,15,1239.2266666666667,1248.2587775595066,75
10,0,16,1703.5866666666666,1705.8081869474734,75
10,0,17,2747.24,2723.722105150545,75
10,0,18,2084.5066666666667,2062.7328868177483,75
10,0,19,1252.2266666666667,1217.1060037004247,75
10,0,20,948.1333333333333,928.0104864858682,75
10,0,21,952.5733333333334,957.3418233426055,75
10,0,22,734.6933333333334,741.6043422817347,75
10,0,23,461.17333333333335,455.5517768448092,75
10,1,0,278.84,273.46382832805085,75
10,1,1,85.21333333333334,86.33156543852307,75
10,1,2,38.22666666666667,37.88733597725986,75
10,1,3,18.85333333333333,23.433667828997912,75
10,1,4,20.773333333333333,21.182315646192166,75
10,1,5,48.973333333333336,50.007447048434756,75
10,1,6,145.37333333333333,146.45084202206624,75
10,1,7,354.25333333333333,366.2948508815201,75
10,1,8,764.32,770.3545281967934,75
10,1,9,899.28,909.5366502474002,75
10,1,10,810.4933333333333,839.3380065224287,75
10,1,11,736.5866666666667,798.2888072096038,75
10,1,12,749.5733333333334,797.6683912647862,75
10,1,13,802.72,804.4164965474008,75
10,1,14,999.0266666666666,1006.4224285397188,75
10,1,15,1337.3066666666666,1353.0608359028872,75
10,1,16,1963.3733333333332,1998.5507220122797,75
10,1,17,3444.306666666667,3424.5314889354186,75
10,1,18,2559.4,2491.8982688546866,75
10,1,19,1512.5466666666666,1442.5661638902195,75
10,1,20,1142.32,1187.3075152572878,75
10,1,21,1737.0933333333332,1642.7150912104241,75
10,1,22,1223.3733333333332,1252.826580333099,75
10,1,23,541.56,678.4782895588548,75
10,2,0,326.28,327.15473123462795,75
10,2,1,102.86842105263158,103.58852106388551,76
10,2,2,47.18421052631579,44.1009785556661,76
10,2,3,25.473684210526315,26.876043758735978,76
10,2,4,24.0,23.204454760226135,76
10,2,5,48.36842105263158,50.28693000904895,76
10,2,6,137.28947368421052,144.38582229385722,76
10,2,7,357.67105263157896,362.94374879445536,76
10,2,8,791.0394736842105,766.2957543810987,76
10,2,9,905.5131578947369,906.8194547401635,76
10,2,10,825.8815789473684,840.2386561416431,76
10,2,11,747.9605263157895,806.6219719200031,76
10,2,12,759.9605263157895,806.5894356810683,76
10,2,13,834.75,814.7894802342622,76
10,2,14,986.6842105263158,1026.4733527567303,76
10,2,15,1383.157894736842,1383.70709560137,76
10,2,16,2192.2236842105262,2085.495914574487,76
10,2,17,3414.7894736842104,3356.288021681982,76
10,2,18,2520.092105263158,2446.1044894741767,76
10,2,19,1531.0,1474.6781218059632,76
10,2,20,1154.2763157894738,1202.1610941450347,76
10,2,21,1424.6052631578948,1526.4117378430572,76
10,2,22,1470.8947368421052,1393.3392255007354,76
10,2,23,647.56,699.2526896476044,75
10,3,0,356.29333333333335,357.3346895798786,75
10,3,1,117.45333333333333,111.4739624881303,75
10,3,2,49.54666666666667,47.19204041510268,75
10,3,3,32.50666666666667,31.36727052433376,75
10,3,4,27.04054054054054,25.0312597656298,74
10,3,5,51.10666666666667,51.61997444786923,75
10,3,6,142.06666666666666,144.01756903488874,75
10,3,7,347.46666666666664,357.23991185265476,75
10,3,8,742.12,748.6510868610771,75
10,3,9,914.2133333333334,900.9433403984397,75
10,3,10,859.68,848.844057005053,75
10,3,11,811.9733333333334,825.655608408667,75
10,3,12,799.4133333333333,822.0597259509399,75
10,3,13,845.36,827.2055658366302,75
10,3,14,1072.4666666666667,1064.7557149547667,75
10,3,15,1409.6266666666668,1406.3503403494562,75
10,3,16,1964.0533333333333,2017.1935577154795,75
10,3,17,3123.0,3164.597641280097,75
10,3,18,2404.826666666667,2425.6634338804565,75
10,3,19,1554.0266666666666,1501.3102856912676,75
10,3,20,1225.0,1230.9673997518207,75
10,3,21,1810.7733333333333,1687.1251689535038,75
10,3,22,1395.1066666666666,1412.0553720956448,75
10,3,23,686.2702702702703,722.2563489471122,74
10,4,0,404.6,387.09752956712475,75
10,4,1,135.3013698630137,134.9983249584826,73
10,4,2,59.68493150684932,60.975988345571125,73
10,4,3,33.43835616438356,34.66617503578653,73
10,4,4,30.30666666666667,29.61573911920375,75
10,4,5,52.18666666666667,52.47156969406,75
10,4,6,130.70666666666668,139.8640102267944,75
10,4,7,313.3066666666667,320.3703180693013,75
10,4,8,650.0133333333333,634.7862144577836,75
10,4,9,829.88,850.9419910409385,75
10,4,10,907.04,840.5026472724502,75
10,4,11,853.5866666666667,820.5538486395654,75
10,4,12,873.6666666666666,820.5873203213523,75
10,4,13,902.9866666666667,827.2079814755186,75
10,4,14,1131.0,1130.3008849236764,75
10,4,15,1469.4133333333334,1466.8321345370728,75
10,4,16,1863.7466666666667,1878.4603852919765,75
10,4,17,2234.0933333333332,2221.2274541918096,75
10,4,18,1723.52,1710.04633401832,75
10,4,19,1336.7466666666667,1392.1902753793127,75
10,4,20,1178.56,1222.5770050464896,75
10,4,21,1744.2,1677.994628898902,75
10,4,22,1641.2933333333333,1598.7696532437974,75
10,4,23,914.3866666666667,800.4261945239244,75
10,5,0,628.6533333333333,607.3934560612158,75
10,5,1,252.21621621621622,238.06610768775514,74
10,5,2,115.29333333333334,118.37285700784045,75
10,5,3,61.891891891891895,63.464361238618764,74
10,5,4,47.946666666666665,50.16325368415533,75
10,5,5,49.57333333333333,47.41687437728298,75
10,5,6,95.22666666666667,96.98567090840585,75
10,5,7,175.50666666666666,167.9525192472318,75
10,5,8,399.82666666666665,388.8914938041221,75
10,5,9,687.1333333333333,660.804948229342,75
10,5,10,901.0666666666667,873.0198845956013,75
10,5,11,917.84,890.4839562984098,75
10,5,12,910.6533333333333,896.9033925553085,75
10,5,13,921.9333333333333,902.7588634548546,75
10,5,14,1043.9733333333334,1057.7980926074597,75
10,5,15,1240.2533333333333,1217.7829318402273,75
10,5,16,1949.5733333333333,1887.2558802411736,75
10,5,17,1636.4,1621.8898036913076,75
10,5,18,1357.48,1350.3253496437615,75
10,5,19,1188.04,1195.1887668868583,75
10,5,20,1095.4666666666667,1102.0833168071292,75
10,5,21,1283.9466666666667,1272.3519929145987,75
10,5,22,1824.5866666666666,1767.5385537837656,75
10,5,23,1156.1466666666668,1130.2618931235106,75
10,6,0,563.8933333333333,565.172584713485,75
10,6,1,251.42666666666668,242.08424254893586,75
10,6,2,123.0,116.12413606826374,74
10,6,3,75.2,65.67340920696309,75
10,6,4,57.64,52.84942970198261,75
10,6,5,52.38666666666666,50.151006623123955,75
10,6,6,93.69333333333333,93.01873233448558,75
10,6,7,162.97333333333333,156.75770552577217,75
10,6,8,365.92,358.78987180856046,75
10,6,9,597.6133333333333,578.5803111441926,75
10,6,10,747.88,730.0732563268591,75
10,6,11,798.9066666666666,784.4738709077955,75
10,6,12,877.3066666666666,847.893887062113,75
10,6,13,767.4266666666666,777.2024806282831,75
10,6,14,839.12,845.5654817198061,75
10,6,15,1086.56,1073.8026787659212,75
10,6,16,1448.8533333333332,1384.6999057281998,75
10,6,17,1514.8,1471.5385570847425,75
10,6,18,1223.96,1206.002986243526,75
10,6,19,942.8133333333334,935.8186670400513,75
10,6,20,863.8133333333334,832.0399644750349,75
10,6,21,946.56,933.3094066340418,75
10,6,22,831.44,811.0769651235454,75
10,6,23,478.4533333333333,464.432423242144,75
103,0,0,48.666666666666664,47.53828389886316,66
103,0,1,19.96923076923077,20.513493777229115,65
103,0,2,12.06060606060606,12.250603214297376,66
103,0,3,9.553846153846154,8.879425660672885,65
103,0,4,8.304347826086957,8.027444517526312,69
103,0,5,6.972222222222222,7.043276902329047,72
103,0,6,19.246575342465754,19.230507588573637,73
103,0,7,48.013698630136986,49.82132940278282,73
103,0,8,99.15068493150685,100.14172245547367,73
103,0,9,81.0945945945946,82.19797912906549,74
103,0,10,77.18666666666667,80.2537196492574,75
103,0,11,83.45333333333333,86.65798012363024,75
103,0,12,109.04109589041096,111.55308620165081,73
103,0,13,131.05479452054794,135.83103690080384,73
103,0,14,164.94520547945206,162.8475396400706,73
103,0,15,210.83561643835617,215.1423480183717,73
103,0,16,222.93150684931507,224.79139289038073,73
103,0,17,265.02702702702703,268.7057384510469,74
103,0,18,223.3972602739726,239.06840314261447,73
103,0,19,178.23287671232876,189.5985996248697,73
103,0,20,139.63513513513513,144.62375283218137,74
103,0,21,125.79452054794521,129.42759352668716,73
103,0,22,123.95945945945945,124.16565066704739,74
103,0,23,89.26027397260275,89.7372858735996,73
103,1,0,47.3013698630137,51.00353368370666,73
103,1,1,19.136986301369863,19.468176381710624,73
103,1,2,9.561643835616438,11.53735326147328,73
103,1,3,5.555555555555555,7.551523518143701,72
103,1,4,7.093333333333334,7.671786426717234,75
103,1,5,7.746666666666667,7.141212177512806,75
103,1,6,19.44,19.397506338986574,75
103,1,7,53.413333333333334,53.70613052904451,75
103,1,8,123.24,123.14099043155542,75
103,1,9,94.92,91.57130268282357,75
103,1,10,84.01333333333334,84.40760846042772,75
103,1,11,85.29333333333334,89.11483458327731,75
103,1,12,108.17333333333333,113.20737613307693,75
103,1,13,126.85333333333334,140.6792817793533,75
103,1,14,154.66666666666666,168.28347836412306,75
103,1,15,204.74666666666667,237.53491927319595,75
103,1,16,223.54666666666665,241.60603960298573,75
103,1,17,287.6,294.65111229273134,75
103,1,18,256.02666666666664,272.8513397423801,75
103,1,19,200.98666666666668,221.15885238950534,75
103,1,20,174.88,172.5404814436597,75
103,1,21,163.08,170.10842617065245,75
103,1,22,164.78666666666666,169.66051329644156,75
103,1,23,106.8,110.13709238146555,75
103,2,0,66.96,68.49268971056853,75
103,2,1,28.24,26.093669229722543,75
103,2,2,13.026666666666667,13.427719581018437,75
103,2,3,7.9324324324324325,8.477096559616129,74
103,2,4,7.546666666666667,8.141858396407793,75
103,2,5,7.026315789473684,7.246733731700096,76
103,2,6,19.81578947368421,19.329901358332677,76
103,2,7,54.30263157894737,53.46138117831975,76
103,2,8,125.86842105263158,121.21484958843712,76
103,2,9,95.28947368421052,92.00927162846824,76
103,2,10,80.0,84.75882509773469,76
103,2,11,87.94736842105263,91.4721130075686,76
103,2,12,107.84210526315789,113.28965417631326,76
103,2,13,129.3684210526316,140.6906137852768,76
103,2,14,154.1578947368421,170.39864534615083,76
103,2,15,212.6184210526316,236.91318419825487,76
103,2,16,226.5,241.86680664338147,76
103,2,17,290.11842105263156,297.60311085620714,76
103,2,18,260.7894736842105,271.389062960518,76
103,2,19,208.1315789473684,223.5146095143258,76
103,2,20,184.14473684210526,175.40078267576737,76
103,2,21,178.96052631578948,173.98088646117375,76
103,2,22,189.71052631578948,174.31889974348647,76
103,2,23,125.36842105263158,133.9056634483019,76
103,3,0,70.70270270270271,71.63717286196797,74
103,3,1,32.513513513513516,29.971258994691315,74
103,3,2,16.445945945945947,17.34918563243242,74
103,3,3,10.391891891891891,9.777683183613298,74
103,3,4,11.486486486486486,11.152750407390096,74
103,3,5,7.68,7.323832139001825,75
103,3,6,19.0,19.128983769187936,75
103,3,7,51.84,52.39869900642443,75
103,3,8,116.28,117.62256330397179,75
103,3,9,94.73333333333333,90.48222897043043,75
103,3,10,83.61333333333333,87.32696727884671,75
103,3,11,93.97333333333333,94.91730744889611,75
103,3,12,116.13333333333334,118.36702796486851,75
103,3,13,138.21333333333334,143.5731227439177,75
103,3,14,164.17333333333335,177.63720527333624,75
103,3,15,212.21333333333334,237.70814369290335,75
103,3,16,234.69333333333333,242.3682416623353,75
103,3,17,290.4533333333333,295.5707091147575,75
103,3,18,259.5466666666667,269.5676873684468,75
103,3,19,220.33333333333334,228.8057408743208,75
103,3,20,201.86666666666667,187.695008930442,75
103,3,21,193.48,184.11919052608138,75
103,3,22,210.28,187.95821613979982,75
103,3,23,165.54666666666665,152.27610251000996,75
103,4,0,97.92,94.36285466197977,75
103,4,1,51.8,49.80355875832369,75
103,4,2,27.746666666666666,26.447965687104897,75
103,4,3,18.12,17.51919725428426,75
103,4,4,14.506666666666666,13.413942164582775,75
103,4,5,9.773333333333333,8.947068455940485,75
103,4,6,19.466666666666665,19.122483320219246,75
103,4,7,43.70666666666666,46.19485872294198,75
103,4,8,81.81333333333333,87.30878853123208,75
103,4,9,80.81333333333333,87.12489919559899,75
103,4,10,83.69333333333333,87.17495804634618,75
103,4,11,97.82666666666667,98.43544186437062,75
103,4,12,123.82666666666667,121.74729854817303,75
103,4,13,142.73333333333332,150.03911779288597,75
103,4,14,185.45333333333335,188.01502195720448,75
103,4,15,237.41333333333333,245.75993585215713,75
103,4,16,254.90666666666667,251.57347746282176,75
103,4,17,290.8,299.4647470450112,75
103,4,18,253.42666666666668,273.18846795179337,75
103,4,19,220.32,241.0509425031797,75
103,4,20,191.81333333333333,197.02375729210013,75
103,4,21,192.48,197.69846467881314,75
103,4,22,219.17333333333335,206.18239801965078,75
103,4,23,217.81333333333333,189.863479173634,75
103,5,0,168.25,164.268041704597,68
103,5,1,101.19402985074628,97.80067578264267,67
103,5,2,67.56060606060606,65.77927299186024,66
103,5,3,38.04545454545455,37.137145661623116,66
103,5,4,24.388059701492537,24.21253939383475,67
103,5,5,9.582089552238806,9.44203602053125,67
103,5,6,13.44927536231884,12.600533314241478,69
103,5,7,22.3768115942029,21.68795022099709,69
103,5,8,38.46969696969697,38.104174137112174,66
103,5,9,58.028985507246375,59.33824495504537,69
103,5,10,88.46969696969697,90.39509624444031,66
103,5,11,109.1029411764706,107.55789017888316,68
103,5,12,146.65151515151516,142.6892252602297,66
103,5,13,183.62686567164178,182.90025800913224,67
103,5,14,214.56338028169014,198.396879437916,71
103,5,15,281.2686567164179,250.3848782196999,67
103,5,16,293.86764705882354,255.8119603547532,68
103,5,17,295.4142857142857,291.3610436793943,70
103,5,18,295.7352941176471,266.02450656657646,68
103,5,19,274.3731343283582,243.39378380152195,67
103,5,20,214.69117647058823,197.74674178850222,68
103,5,21,184.22727272727272,182.0493683524022,66
103,5,22,181.89705882352942,189.23680069755142,68
103,5,23,194.65671641791045,187.5688909875025,67
103,6,0,151.77272727272728,152.99269709224333,66
103,6,1,92.98507462686567,95.15371454755937,67
103,6,2,59.44615384615385,62.848721770619164,65
103,6,3,37.298507462686565,37.16037383901713,67
103,6,4,24.772727272727273,24.82975540048893,66
103,6,5,10.272727272727273,9.672698041879428,66
103,6,6,10.984848484848484,10.969917283940925,66
103,6,7,22.228571428571428,21.787252045732185,70
103,6,8,35.0735294117647,35.29687382785266,68
103,6,9,49.785714285714285,48.475955976049086,70
103,6,10,73.98529411764706,71.23504483283307,68
103,6,11,91.17910447761194,90.61896619298206,67
103,6,12,117.92537313432835,115.96931329820539,67
103,6,13,153.1014492753623,148.49303676271876,69
103,6,14,176.95774647887325,163.03474821460048,71
103,6,15,218.55882352941177,213.23729391919227,68
103,6,16,230.7941176470588,222.75034264318796,68
103,6,17,233.32857142857142,225.62690992873635,70
103,6,18,254.3582089552239,243.44241819508733,67
103,6,19,202.78787878787878,200.7233410257744,66
103,6,20,162.11940298507463,152.7795721214894,67
103,6,21,138.33333333333334,134.4751065842079,66
103,6,22,120.02898550724638,119.30777757947223,69
103,6,23,77.63235294117646,79.1529638757505,68
107,0,0,27.91304347826087,26.977504067255097,69
107,0,1,9.0,10.454397192541531,70
107,0,2,5.029850746268656,6.765113938231151,67
107,0,3,5.205882352941177,5.795824695417265,68
107,0,4,6.552238805970149,6.296154548395747,67
107,0,5,10.767123287671232,9.771817828225574,73
107,0,6,33.986486486486484,33.78075568950273,74
107,0,7,68.16216216216216,66.5703926495073,74
107,0,8,112.83561643835617,112.35741390937844,73
107,0,9,100.42465753424658,99.69761137678069,73
107,0,10,102.82432432432432,99.64748604432474,74
107,0,11,135.63013698630138,139.5721805098527,73
107,0,12,176.8108108108108,177.48386786491128,74
107,0,13,192.55405405405406,198.61453573845017,74
107,0,14,316.94520547945206,302.3013989668961,73
107,0,15,413.2739726027397,393.4554765395021,73
107,0,16,558.2972972972973,564.0842932853718,74
107,0,17,850.8630136986301,853.2416255395971,73
107,0,18,453.02702702702703,434.72760398732936,74
107,0,19,231.26027397260273,223.44845600258103,73
107,0,20,134.83561643835617,140.2466549002535,73
107,0,21,90.91891891891892,94.428523620024,74
107,0,22,88.9041095890411,84.52263601288027,73
107,0,23,70.45205479452055,68.33229580871516,73
107,1,0,56.63013698630137,57.593114757968706,73
107,1,1,11.554054054054054,12.77891078456399,74
107,1,2,6.0,6.757927613366744,74
107,1,3,5.943661971830986,5.820464309207243,71
107,1,4,6.635135135135135,6.221964697283787,74
107,1,5,11.813333333333333,10.796841794997885,75
107,1,6,40.2,38.41789142711396,75
107,1,7,72.53333333333333,71.14224403158732,75
107,1,8,127.06666666666666,126.65682777673426,75
107,1,9,110.4,106.1520272353142,75
107,1,10,100.46666666666667,102.36314152805272,75
107,1,11,136.81333333333333,144.73383547637425,75
107,1,12,179.09333333333333,189.2946249944147,75
107,1,13,197.34666666666666,214.84976928784778,75
107,1,14,291.9866666666667,305.89808292609484,75
107,1,15,491.1066666666667,477.2370442519259,75
107,1,16,682.52,677.8444086702839,75
107,1,17,1133.9866666666667,1072.8250311526692,75
107,1,18,618.4933333333333,613.6462786589423,75
107,1,19,277.06666666666666,248.45897846986122,75
107,1,20,163.69333333333333,158.49858319280773,75
107,1,21,109.77333333333333,111.48787611282205,75
107,1,22,98.54666666666667,95.32088149040305,75
107,1,23,72.38666666666667,73.57258702070251,75
107,2,0,64.64,62.21815274963899,75
107,2,1,14.276315789473685,14.316708169925775,76
107,2,2,7.824324324324325,7.599159003455188,74
107,2,3,6.095890410958904,6.021399993176771,73
107,2,4,7.197368421052632,6.303164515544697,76
107,2,5,11.5,10.752630589553695,76
107,2,6,40.63157894736842,38.45345554988253,76
107,2,7,70.51315789473684,70.85176464040119,76
107,2,8,125.60526315789474,124.87172517946934,76
107,2,9,106.11842105263158,102.79183395520235,76
107,2,10,100.52631578947368,103.78416341593977,76
107,2,11,132.97368421052633,143.64489771064748,76
107,2,12,175.80263157894737,187.8476253072903,76
107,2,13,204.0921052631579,215.5510839818346,76
107,2,14,298.7368421052632,306.67351145551567,76
107,2,15,487.36842105263156,476.6527805373551,76
107,2,16,689.6052631578947,670.378873329395,76
107,2,17,1115.2105263157894,1057.9167331915326,76
107,2,18,611.3947368421053,606.1840831081975,76
107,2,19,290.61842105263156,248.07775589778703,76
107,2,20,175.98684210526315,162.60814081949061,76
107,2,21,116.13157894736842,113.86058282706553,76
107,2,22,106.63157894736842,103.3404660412236,76
107,2,23,79.90789473684211,75.7334554391997,76
107,3,0,66.0945945945946,63.07918786131237,74
107,3,1,17.906666666666666,14.828949604818199,75
107,3,2,8.56,8.248495754489067,75
107,3,3,6.8493150684931505,6.428142029520385,73
107,3,4,7.64,6.688330015266334,75
107,3,5,10.346666666666666,10.397500115582282,75
107,3,6,38.38666666666666,37.526114184043465,75
107,3,7,73.05333333333333,70.8993137982748,75
107,3,8,117.76,120.94976353357636,75
107,3,9,104.37333333333333,102.77635386409517,75
107,3,10,105.70666666666666,106.54388611724076,75
107,3,11,133.06666666666666,142.03699111805838,75
107,3,12,187.92,197.23849835434146,75
107,3,13,209.14666666666668,218.78121493237919,75
107,3,14,302.1333333333333,305.5902280950121,75
107,3,15,488.64,469.25990266099797,75
107,3,16,642.3066666666666,655.6742798426993,75
107,3,17,1017.92,1001.4492333984499,75
107,3,18,581.5466666666666,595.852813972756,75
107,3,19,297.9066666666667,252.69648395890223,75
107,3,20,182.08,169.01731293582972,75
107,3,21,124.94666666666667,115.55924257420077,75
107,3,22,114.45333333333333,107.97751114836969,75
107,3,23,94.56,88.05982838102655,75
107,4,0,71.86666666666666,71.55799290887913,75
107,4,1,21.586666666666666,18.56317373867565,75
107,4,2,10.626666666666667,9.242870012134992,75
107,4,3,7.8,6.342346455416707,75
107,4,4,8.08,7.533698293247855,75
107,4,5,10.986666666666666,10.311270613041359,75
107,4,6,34.4,34.427416465097906,75
107,4,7,67.70666666666666,65.78918232527494,75
107,4,8,114.81333333333333,114.90618219135254,75
107,4,9,94.8,96.01224082332487,75
107,4,10,108.92,113.6262867751208,75
107,4,11,160.50666666666666,157.66250065527169,75
107,4,12,211.38666666666666,204.37974000300446,75
107,4,13,244.85333333333332,237.68670857254628,75
107,4,14,361.3333333333333,333.4762833064618,75
107,4,15,459.93333333333334,462.35823277713564,75
107,4,16,529.5866666666667,542.7522315074364,75
107,4,17,652.4,700.99145865704,75
107,4,18,381.28,384.9261190738041,75
107,4,19,245.76,262.79685198818686,75
107,4,20,173.53333333333333,172.69060461881585,75
107,4,21,138.46666666666667,137.2924924792409,75
107,4,22,140.16,134.34007098316016,75
107,4,23,114.0,105.41065208508365,75
107,5,0,78.25352112676056,75.34718984339875,71
107,5,1,30.352941176470587,28.589818637845603,68
107,5,2,14.557142857142857,12.826314985248526,70
107,5,3,7.865671641791045,7.156808190403236,67
107,5,4,7.028985507246377,7.248416143176395,69
107,5,5,6.970588235294118,6.377103506259232,68
107,5,6,13.63768115942029,13.112207905608269,69
107,5,7,28.014285714285716,26.533004768244194,70
107,5,8,39.57746478873239,39.69062032028041,71
107,5,9,69.95774647887323,67.41615076048161,71
107,5,10,114.13235294117646,111.92018597474487,68
107,5,11,180.86567164179104,183.97287557868404,67
107,5,12,211.68571428571428,198.01884772046992,70
107,5,13,241.53623188405797,227.4702506082183,69
107,5,14,238.65714285714284,243.1037093781175,70
107,5,15,270.74626865671644,269.73980677234664,67
107,5,16,267.7826086956522,261.16670806937674,69
107,5,17,275.37142857142857,270.07861297713737,70
107,5,18,248.0597014925373,245.81754684065365,67
107,5,19,202.88235294117646,223.57378368550727,68
107,5,20,158.11764705882354,155.9310243693233,68
107,5,21,127.95522388059702,122.78208012587588,67
107,5,22,109.41176470588235,111.10920624884214,68
107,5,23,104.59701492537313,103.44054614959204,67
107,6,0,69.04411764705883,68.95066943782966,68
107,6,1,30.67142857142857,28.8693473534069,70
107,6,2,13.696969696969697,12.8836739464916,66
107,6,3,7.838235294117647,7.160963554402395,68
107,6,4,6.544117647058823,7.193637730478473,68
107,6,5,6.0,5.985601239493702,66
107,6,6,13.611940298507463,12.949701871729756,67
107,6,7,26.814285714285713,26.299610416788013,70
107,6,8,29.44927536231884,28.35199919560214,69
107,6,9,58.61194029850746,59.10185543277143,67
107,6,10,97.29411764705883,91.14151614705885,68
107,6,11,143.82608695652175,139.08410903301206,69
107,6,12,169.4788732394366,162.48012768379226,71
107,6,13,172.94285714285715,166.75513427109667,70
107,6,14,177.14285714285714,172.5628130490445,70
107,6,15,187.5,184.94901480977651,70
107,6,16,208.9855072463768,199.21673323765765,69
107,6,17,195.85714285714286,185.55750928112658,70
107,6,18,167.8840579710145,163.61076891960545,69
107,6,19,125.3913043478261,130.1062358466062,69
107,6,20,94.33823529411765,96.07853529976376,68
107,6,21,69.55072463768116,71.18362122741085,69
107,6,22,63.75,63.54423095940325,68
107,6,23,47.82608695652174,47.05279444865365,69
118,0,0,75.25333333333333,75.59781718176077,75
118,0,1,28.16,26.460512559161998,75
118,0,2,14.88,13.692852505292002,75
118,0,3,8.973333333333333,8.168960719406504,75
118,0,4,6.8493150684931505,6.858562549598664,73
118,0,5,9.173333333333334,9.754577815467353,75
118,0,6,29.173333333333332,29.811656198560193,75
118,0,7,85.70666666666666,86.05750894078106,75
118,0,8,161.08,168.0273668609787,75
118,0,9,134.46666666666667,141.94232844256766,75
118,0,10,115.64,116.15575454339213,75
118,0,11,129.58666666666667,138.28585793997303,75
118,0,12,159.81333333333333,175.14767877728,75
118,0,13,187.54666666666665,198.93322158000421,75
118,0,14,241.46666666666667,257.3343422132222,75
118,0,15,394.8,392.67924766965666,75
118,0,16,426.1066666666667,424.836850663374,75
118,0,17,469.97333333333336,477.15298429667774,75
118,0,18,460.41333333333336,476.79600090250364,75
118,0,19,374.68,404.76210913811417,75
118,0,20,367.3066666666667,366.3629431413306,75
118,0,21,346.50666666666666,358.2492018001797,75
118,0,22,283.32,286.47122344822014,75
118,0,23,157.24,153.40525845515987,75
118,1,0,72.83561643835617,76.24562535082174,73
118,1,1,21.675675675675677,22.181887231605646,74
118,1,2,10.569444444444445,12.690274683265047,72
118,1,3,5.36,7.487852438432085,75
118,1,4,4.486486486486487,5.293448652495866,74
118,1,5,10.706666666666667,10.681170928109184,75
118,1,6,33.4,31.827472217497707,75
118,1,7,103.06666666666666,98.40938897224481,75
118,1,8,202.22666666666666,194.84941053790027,75
118,1,9,165.66666666666666,158.59486217331107,75
118,1,10,127.22666666666667,129.96941383021039,75
118,1,11,139.73333333333332,145.62259104821638,75
118,1,12,163.68,182.82574718095023,75
118,1,13,191.45333333333335,228.2160527456469,75
118,1,14,252.73333333333332,281.1752119021874,75
118,1,15,416.7866666666667,431.23093272296,75
118,1,16,470.28,480.00547214564324,75
118,1,17,530.4,528.9958262020081,75
118,1,18,548.4,540.6622345766507,75
118,1,19,446.04,476.17793016817933,75
118,1,20,411.84,416.4655994007915,75
118,1,21,425.85333333333335,414.91509409771953,75
118,1,22,347.53333333333336,364.4023014758781,75
118,1,23,182.78666666666666,221.6948280854103,75
118,2,0,86.93333333333334,96.716832759029,75
118,2,1,31.539473684210527,30.281509309368243,76
118,2,2,17.77027027027027,15.446280559769548,74
118,2,3,9.36,8.635439446066906,75
118,2,4,6.906666666666666,6.868572817300963,75
118,2,5,12.144736842105264,11.235826032171012,76
118,2,6,31.67105263157895,31.291232830906115,76
118,2,7,99.5657894736842,97.21336410156061,76
118,2,8,201.05263157894737,192.75361756627936,76
118,2,9,171.30263157894737,154.46660616058168,76
118,2,10,128.77631578947367,133.00636261415974,76
118,2,11,143.3684210526316,146.19743623282258,76
118,2,12,163.93421052631578,183.18845560196047,76
118,2,13,200.35526315789474,227.59151458851355,76
118,2,14,256.6842105263158,283.0959150784507,76
118,2,15,431.0394736842105,432.738707343809,76
118,2,16,475.8421052631579,479.5328218017652,76
118,2,17,516.9605263157895,523.9402199008105,76
118,2,18,543.4605263157895,537.6220804495114,76
118,2,19,469.4868421052632,476.3310610192772,76
118,2,20,430.11842105263156,415.6302039490712,76
118,2,21,435.9868421052632,413.13974315620317,76
118,2,22,373.9605263157895,366.927972941452,76
118,2,23,210.30263157894737,225.43896362077953,76
118,3,0,99.13333333333334,105.91655975621487,75
118,3,1,34.148648648648646,33.41363479072381,74
118,3,2,14.67123287671233,15.833597574651751,73
118,3,3,7.851351351351352,8.543015374725186,74
118,3,4,6.726027397260274,6.787220702473517,73
118,3,5,10.506666666666666,11.229174659566693,75
118,3,6,30.986666666666668,30.77342264751153,75
118,3,7,96.98666666666666,94.3310612138217,75
118,3,8,190.24,188.50420700729038,75
118,3,9,163.02666666666667,151.30330248655557,75
118,3,10,130.42666666666668,133.91882469631716,75
118,3,11,142.78666666666666,146.3042445361847,75
118,3,12,167.0,189.74281299661985,75
118,3,13,188.66666666666666,228.2471683407319,75
118,3,14,246.01333333333332,282.6645547128002,75
118,3,15,425.5733333333333,431.7318071985385,75
118,3,16,455.82666666666665,478.1461148403562,75
118,3,17,512.24,519.9159130771775,75
118,3,18,525.16,534.425568072306,75
118,3,19,474.0933333333333,478.74830517248205,75
118,3,20,451.3466666666667,430.95000949643236,75
118,3,21,443.29333333333335,428.9619552996701,75
118,3,22,401.08,414.3644085821905,75
118,3,23,249.81333333333333,243.59776164196816,75
118,4,0,124.55405405405405,131.63659153619986,74
118,4,1,45.86666666666667,46.02074532601468,75
118,4,2,20.746666666666666,23.06159743075158,75
118,4,3,12.472972972972974,16.56984297622688,74
118,4,4,9.837837837837839,10.260475768161392,74
118,4,5,11.16,11.244493050462793,75
118,4,6,31.133333333333333,30.79068136929971,75
118,4,7,92.82666666666667,91.8886583402534,75
118,4,8,144.77333333333334,150.9380860556669,75
118,4,9,134.34666666666666,141.50842991595468,75
118,4,10,135.10666666666665,137.5453183484437,75
118,4,11,162.4,160.1450432414526,75
118,4,12,188.6,198.9612758297263,75
118,4,13,230.97333333333333,248.4320785103971,75
118,4,14,302.85333333333335,290.9792873455439,75
118,4,15,447.3466666666667,439.83593504209904,75
118,4,16,463.26666666666665,485.66948710610234,75
118,4,17,483.02666666666664,525.1304880838122,75
118,4,18,506.52,533.4092146840893,75
118,4,19,489.2,486.03455991171836,75
118,4,20,457.73333333333335,441.97693551644613,75
118,4,21,438.8,439.0451944520622,75
118,4,22,477.02666666666664,427.8884107676751,75
118,4,23,375.84,305.27312628793567,75
118,5,0,269.02666666666664,233.19564598205542,75
118,5,1,146.3783783783784,138.4797734861994,74
118,5,2,69.92,69.37611573136783,75
118,5,3,39.74324324324324,39.07238480604635,74
118,5,4,23.04054054054054,23.11846808381554,74
118,5,5,10.626666666666667,11.699214214978502,75
118,5,6,17.866666666666667,18.497976976008214,75
118,5,7,44.946666666666665,49.282165210644266,75
118,5,8,58.84,59.18057718197266,75
118,5,9,90.49333333333334,101.25070121662324,75
118,5,10,143.6,139.84280065738804,75
118,5,11,199.36,188.41467695301577,75
118,5,12,257.6933333333333,254.85281979086596,75
118,5,13,323.5733333333333,259.64434471778037,75
118,5,14,361.73333333333335,350.56738086227017,75
118,5,15,395.8933333333333,409.8216421968815,75
118,5,16,400.94666666666666,405.9744984914552,75
118,5,17,402.2,404.11529065207293,75
118,5,18,431.61333333333334,422.5737865568809,75
118,5,19,430.94666666666666,408.7047185401991,75
118,5,20,391.72,403.0084646097279,75
118,5,21,394.16,403.0277595111312,75
118,5,22,421.8,420.09845211446134,75
118,5,23,356.7733333333333,309.01823044618897,75
118,6,0,260.6,258.36276673968314,75
118,6,1,141.37333333333333,135.57197572980684,75
118,6,2,74.58108108108108,68.82750940008326,74
118,6,3,45.4,41.32103716116949,75
118,6,4,28.0,25.337343367544964,75
118,6,5,13.84,12.63423022726389,75
118,6,6,15.52,14.655542075160092,75
118,6,7,36.906666666666666,36.44381558891734,75
118,6,8,44.346666666666664,43.90065012566838,75
118,6,9,74.93333333333334,77.16568318444814,75
118,6,10,125.82666666666667,124.16525555910334,75
118,6,11,177.10666666666665,173.84757707863352,75
118,6,12,231.10666666666665,228.8789245742188,75
118,6,13,266.46666666666664,268.0378107838893,75
118,6,14,298.88,298.1395354860061,75
118,6,15,309.38666666666666,331.8679692406267,75
118,6,16,319.7866666666667,321.85320907913336,75
118,6,17,316.85333333333335,311.50212046041975,75
118,6,18,336.81333333333333,326.745451952481,75
118,6,19,334.05333333333334,315.5465814485147,75
118,6,20,292.4,291.5874329890775,75
118,6,21,272.48,284.80569482066835,75
118,6,22,247.77333333333334,238.0226251386967,75
118,6,23,143.49333333333334,139.32595346815575,75
119,0,0,157.34666666666666,157.69875318435476,75
119,0,1,67.32,66.5771004999482,75
119,0,2,37.413333333333334,37.28372511562892,75
119,0,3,24.546666666666667,24.870446320663824,75
119,0,4,29.6,28.365253602287098,75
119,0,5,72.04,73.32783079069004,75
119,0,6,287.84,294.3824773447574,75
119,0,7,903.1733333333333,900.6289375824805,75
119,0,8,1786.1333333333334,1778.62224437803,75
119,0,9,1165.1466666666668,1141.627631656152,75
119,0,10,734.12,755.1121466901462,75
119,0,11,691.8133333333334,719.6878117588244,75
119,0,12,726.4266666666666,742.1970142533071,75
119,0,13,814.5466666666666,824.3681120585471,75
119,0,14,1242.3333333333333,1239.7546215299644,75
119,0,15,1431.92,1428.3488221801676,75
119,0,16,1449.4533333333334,1445.6235289670929,75
119,0,17,1619.08,1640.0251140466166,75
119,0,18,1450.12,1455.7257540734734,75
119,0,19,1113.9866666666667,1135.5487649266097,75
119,0,20,891.4266666666666,895.9285669802377,75
119,0,21,778.0133333333333,770.3423324425812,75
119,0,22,572.24,563.1188624974817,75
119,0,23,338.12,322.13310494490355,75
119,1,0,155.06666666666666,149.77393594587247,75
119,1,1,57.093333333333334,59.62195970933313,75
119,1,2,35.148648648648646,35.531519932771836,74
119,1,3,22.96,24.29041718639365,75
119,1,4,27.04,27.47652623592723,75
119,1,5,81.86666666666666,78.88070434799208,75
119,1,6,354.0,324.9127300298729,75
119,1,7,1126.3066666666666,1097.704091695195,75
119,1,8,2398.04,2371.8872005680405,75
119,1,9,1538.5733333333333,1563.7536059916936,75
119,1,10,832.6133333333333,843.7917259465297,75
119,1,11,709.96,793.9190155809389,75
119,1,12,732.16,781.5501409995642,75
119,1,13,816.8266666666667,894.5269498670559,75
119,1,14,1241.52,1280.9929645037016,75
119,1,15,1526.6266666666668,1560.4956763433074,75
119,1,16,1534.0933333333332,1571.0362882399,75
119,1,17,1755.16,1804.7509002823604,75
119,1,18,1684.32,1784.1227997827034,75
119,1,19,1318.2,1344.4348996967121,75
119,1,20,1046.0133333333333,1186.7358015595828,75
119,1,21,946.72,1005.4870784070341,75
119,1,22,730.1466666666666,868.3356799188663,75
119,1,23,390.17333333333335,397.3398843172062,75
119,2,0,192.69736842105263,194.60841324444297,76
119,2,1,80.37333333333333,75.3864447421113,75
119,2,2,38.60526315789474,41.30967353161431,76
119,2,3,25.06756756756757,27.570864765475704,74
119,2,4,28.43421052631579,28.910875780643657,76
119,2,5,80.73684210526316,78.80451338562304,76
119,2,6,344.7236842105263,322.3022585165698,76
119,2,7,1106.5657894736842,1083.9010898148783,76
119,2,8,2372.8947368421054,2339.4401218842263,76
119,2,9,1546.6447368421052,1551.3334364472448,76
119,2,10,858.921052631579,841.4949504369685,76
119,2,11,738.3157894736842,803.9543488792796,76
119,2,12,767.3815789473684,790.8989941435332,76
119,2,13,863.1184210526316,917.8842241531437,76
119,2,14,1293.5526315789473,1307.3885664917943,76
119,2,15,1527.6184210526317,1567.5416009117494,76
119,2,16,1573.7368421052631,1575.5981943637714,76
119,2,17,1816.171052631579,1817.1970968483056,76
119,2,18,1726.9605263157894,1779.8477825442387,76
119,2,19,1384.4868421052631,1401.000530938624,76
119,2,20,1117.657894736842,1199.5456471450113,76
119,2,21,1047.0394736842106,1036.208174761646,76
119,2,22,805.0526315789474,895.443810745568,76
119,2,23,442.6842105263158,441.97137544972543,76
119,3,0,206.98666666666668,201.55128578057545,75
119,3,1,88.0958904109589,87.767724388871,73
119,3,2,40.74666666666667,42.09685481751255,75
119,3,3,29.72972972972973,31.789759066298874,74
119,3,4,31.386666666666667,30.706115450302452,75
119,3,5,80.98666666666666,78.6439663672146,75
119,3,6,322.94666666666666,315.99512507716474,75
119,3,7,1038.2533333333333,1041.3023981398892,75
119,3,8,2203.826666666667,2205.0202682122613,75
119,3,9,1478.0133333333333,1502.3121622962287,75
119,3,10,857.2666666666667,833.5165645849227,75
119,3,11,762.6933333333334,799.7722685531488,75
119,3,12,784.5733333333334,800.0254856578182,75
119,3,13,859.08,922.7386225354883,75
119,3,14,1231.32,1291.0829708304273,75
119,3,15,1576.4533333333334,1584.997477285431,75
119,3,16,1588.9066666666668,1599.2034847568455,75
119,3,17,1816.5466666666666,1801.9723982873911,75
119,3,18,1755.88,1784.1952841347568,75
119,3,19,1448.5733333333333,1457.423944484579,75
119,3,20,1192.56,1201.252774540729,75
119,3,21,1095.3066666666666,1072.0620396685379,75
119,3,22,910.6933333333334,903.3666164552777,75
119,3,23,536.6,537.2063417079692,75
119,4,0,262.70666666666665,263.3250773241921,75
119,4,1,105.86666666666666,104.18726356470714,75
119,4,2,55.2972972972973,57.125408890759104,74
119,4,3,32.7027027027027,37.0791591435376,74
119,4,4,31.493333333333332,32.75485257037749,75
119,4,5,72.0,72.31754571136231,75
119,4,6,271.0,278.01981859111817,75
119,4,7,788.3066666666666,785.7512861847025,75
119,4,8,1347.2933333333333,1356.7532413656045,75
119,4,9,1037.48,1015.8063571997101,75
119,4,10,794.8133333333334,837.6935861783772,75
119,4,11,813.5866666666667,821.6220228568858,75
119,4,12,886.4933333333333,883.6161747016896,75
119,4,13,1012.2533333333333,1044.0600105551878,75
119,4,14,1456.9866666666667,1465.635156187682,75
119,4,15,1627.8266666666666,1624.8748089079972,75
119,4,16,1677.64,1641.3318115966658,75
119,4,17,1906.52,1852.008429518624,75
119,4,18,1936.7333333333333,1827.3326263567744,75
119,4,19,1779.6666666666667,1713.0064412149839,75
119,4,20,1464.6266666666668,1262.3681089739687,75
119,4,21,1338.7466666666667,1244.7617056673155,75
119,4,22,1202.6,1030.4416201157217,75
119,4,23,952.52,921.7010944280674,75
119,5,0,662.7733333333333,646.282507946729,75
119,5,1,387.24,376.5041091217628,75
119,5,2,219.75675675675674,209.76166891827148,74
119,5,3,116.41333333333333,112.82944014973708,75
119,5,4,72.67567567567568,71.96810661067097,74
119,5,5,54.81333333333333,54.73202077028077,75
119,5,6,104.70666666666666,135.36587349025945,75
119,5,7,229.13333333333333,224.35128545580048,75
119,5,8,386.06666666666666,380.6303789660535,75
119,5,9,589.2533333333333,588.786816058875,75
119,5,10,818.28,828.4656254599587,75
119,5,11,1055.1066666666666,1064.1700161778538,75
119,5,12,1279.2533333333333,1261.2407667178882,75
119,5,13,1443.9866666666667,1421.5052463565562,75
119,5,14,1466.52,1447.493644013541,75
119,5,15,1489.4933333333333,1461.5117698508263,75
119,5,16,1442.9066666666668,1455.0705040061266,75
119,5,17,1460.36,1471.253689405243,75
119,5,18,1525.7066666666667,1502.5676399127253,75
119,5,19,1471.6133333333332,1457.219139871908,75
119,5,20,1240.1733333333334,1215.067913679926,75
119,5,21,1117.9066666666668,1113.5492794904658,75
119,5,22,1096.6,1083.4625405457066,75
119,5,23,928.6933333333334,917.6403759523729,75
119,6,0,662.1466666666666,656.6352538793332,75
119,6,1,380.7866666666667,377.2887421007888,75
119,6,2,215.74324324324326,209.36880312030908,74
119,6,3,128.82666666666665,115.67230536420402,75
119,6,4,77.81333333333333,75.6303425400283,75
119,6,5,56.12,54.39263282555188,75
119,6,6,87.36,84.46076009967618,75
119,6,7,177.8,176.88484324370222,75
119,6,8,307.3466666666667,304.7770737126118,75
119,6,9,494.02666666666664,487.87996891867584,75
119,6,10,745.9733333333334,731.7852970667803,75
119,6,11,957.68,927.3005847930021,75
119,6,12,1108.4266666666667,1067.236051885031,75
119,6,13,1204.24,1122.8643615772282,75
119,6,14,1212.1733333333334,1186.0649258987512,75
119,6,15,1200.4266666666667,1201.7429892155944,75
119,6,16,1161.4,1210.2758125240289,75
119,6,17,1149.88,1192.5016445470003,75
119,6,18,1105.7733333333333,1140.5831673266186,75
119,6,19,921.0933333333334,917.7775376947469,75
119,6,20,771.5466666666666,786.1941994423444,75
119,6,21,652.64,663.1024818977238,75
119,6,22,556.8133333333334,544.7307884885466,75
119,6,23,328.04,330.50858561162465,75
13,0,0,88.30666666666667,86.13867007057921,75
13,0,1,41.44,40.55792981388751,75
13,0,2,21.346666666666668,21.02023551238739,75
13,0,3,9.68,9.2739766732929,75
13,0,4,10.315068493150685,8.287372709701843,73
13,0,5,20.893333333333334,19.739533496943306,75
13,0,6,52.6,51.55951990357647,75
13,0,7,171.32,173.37135773233996,75
13,0,8,359.73333333333335,365.61716789563565,75
13,0,9,386.9866666666667,400.6556481644588,75
13,0,10,338.28,342.8328118361478,75
13,0,11,336.0133333333333,341.52384075398294,75
13,0,12,360.53333333333336,378.4427745710893,75
13,0,13,387.85333333333335,401.58716983911984,75
13,0,14,446.28,466.4756975706198,75
13,0,15,583.1066666666667,598.9030096466274,75
13,0,16,743.56,743.3032152731183,75
13,0,17,1105.7066666666667,1105.5109075994626,75
13,0,18,907.2,889.8629471801124,75
13,0,19,571.08,600.0228280842637,75
13,0,20,452.4,453.7883502453366,75
13,0,21,390.94666666666666,394.7439415218233,75
13,0,22,289.92,288.4901975929218,75
13,0,23,223.74324324324326,217.30908300738687,74
13,1,0,102.86666666666666,97.51311435882134,75
13,1,1,39.472972972972975,40.98193521999731,74
13,1,2,18.45945945945946,19.721021069949437,74
13,1,3,7.780821917808219,8.35387910732674,73
13,1,4,7.445945945945946,8.024186406718735,74
13,1,5,19.226666666666667,19.90297241549816,75
13,1,6,57.8,55.20268015604841,75
13,1,7,195.06666666666666,194.3600537017396,75
13,1,8,440.8666666666667,436.55226993639627,75
13,1,9,454.02666666666664,479.4147039266168,75
13,1,10,360.88,373.99188069359093,75
13,1,11,366.97333333333336,374.2228846049123,75
13,1,12,403.41333333333336,425.2487468423096,75
13,1,13,448.93333333333334,474.15636615411825,75
13,1,14,507.74666666666667,530.4920805995407,75
13,1,15,663.24,692.9597593664903,75
13,1,16,903.72,874.1949835739454,75
13,1,17,1437.8,1401.3653418523606,75
13,1,18,1207.72,1147.2731263040748,75
13,1,19,734.7466666666667,726.7253778818175,75
13,1,20,573.32,543.1875993816593,75
13,1,21,471.70666666666665,477.26555962020626,75
13,1,22,367.0821917808219,378.87687306153174,73
13,1,23,257.5135135135135,288.3839592409469,74
13,2,0,130.7972972972973,131.98751416977183,74
13,2,1,50.06666666666667,51.607441225991394,75
13,2,2,23.62162162162162,24.581922743505924,74
13,2,3,9.88888888888889,9.7522406263462,72
13,2,4,8.18918918918919,8.622916095280496,74
13,2,5,18.67105263157895,19.732885080068844,76
13,2,6,52.578947368421055,54.726328648475196,76
13,2,7,189.98684210526315,192.45833033969032,76
13,2,8,421.5,431.19199996966364,76
13,2,9,455.9078947368421,473.8854984790256,76
13,2,10,367.5921052631579,373.19479107500496,76
13,2,11,368.13157894736844,379.776926999921,76
13,2,12,402.7236842105263,426.0959574722477,76
13,2,13,464.0394736842105,484.26558216613796,76
13,2,14,510.80263157894734,537.6237123042832,76
13,2,15,664.1842105263158,686.8846008553289,76
13,2,16,893.9736842105264,864.2493685915018,76
13,2,17,1393.7105263157894,1375.671080391815,76
13,2,18,1183.9868421052631,1130.683347236553,76
13,2,19,750.9473684210526,722.8996257735098,76
13,2,20,587.0131578947369,547.8590935937425,76
13,2,21,500.92105263157896,479.1912673450997,76
13,2,22,375.0131578947368,379.23661030315645,76
13,2,23,285.94736842105266,295.382548592888,76
13,3,0,148.16216216216216,146.4450679134048,74
13,3,1,64.48648648648648,68.03662936602362,74
13,3,2,29.04054054054054,28.215191393208478,74
13,3,3,12.452054794520548,10.645255408760427,73
13,3,4,10.297297297297296,9.627216263089748,74
13,3,5,18.85333333333333,19.899194301976436,75
13,3,6,54.68,54.2746361778932,75
13,3,7,185.62666666666667,189.45889589278184,75
13,3,8,406.6,422.97521261434485,75
13,3,9,440.14666666666665,466.03987548205896,75
13,3,10,367.44,369.989440443509,75
13,3,11,371.3466666666667,378.0847002745599,75
13,3,12,403.25333333333333,425.6403329274976,75
13,3,13,451.24,479.1308583548237,75
13,3,14,513.5866666666667,537.5354440941453,75
13,3,15,680.4533333333334,683.6158278281565,75
13,3,16,908.48,858.1438230606017,75
13,3,17,1338.84,1352.444049812103,75
13,3,18,1174.6533333333334,1126.4581065090547,75
13,3,19,758.0,720.6645335688329,75
13,3,20,587.88,550.7444326583544,75
13,3,21,510.08,482.80925186181577,75
13,3,22,410.63513513513516,424.3092033489183,74
13,3,23,329.4246575342466,327.62314402431616,73
13,4,0,161.32432432432432,157.49292585083472,74
13,4,1,74.23287671232876,76.23090039547832,73
13,4,2,35.72,37.95898722258586,75
13,4,3,12.986301369863014,13.710228640129944,73
13,4,4,11.337837837837839,11.547121348058733,74
13,4,5,18.84,19.797047122211996,75
13,4,6,49.306666666666665,50.39999613980718,75
13,4,7,155.64,153.65320810129253,75
13,4,8,289.5733333333333,299.2908939447501,75
13,4,9,364.61333333333334,372.8365691484287,75
13,4,10,377.84,378.7003026346826,75
13,4,11,393.16,384.78493462672117,75
13,4,12,436.7733333333333,432.86795159813073,75
13,4,13,515.4133333333333,491.4393956850601,75
13,4,14,561.2666666666667,547.1847618752346,75
13,4,15,695.1333333333333,685.8326881780434,75
13,4,16,838.2266666666667,856.7065770604132,75
13,4,17,998.0533333333333,1013.8026101680665,75
13,4,18,923.0266666666666,949.7676683885958,75
13,4,19,646.1333333333333,718.2078003771073,75
13,4,20,521.3333333333334,555.1865257066756,75
13,4,21,468.7866666666667,488.29886941423456,75
13,4,22,430.68,433.20134986347546,75
13,4,23,434.2,405.4982667957029,75
13,5,0,284.25333333333333,270.15850055397044,75
13,5,1,147.22972972972974,138.20519585177917,74
13,5,2,89.0945945945946,87.58046360196677,74
13,5,3,39.148648648648646,41.75555328853624,74
13,5,4,20.546666666666667,20.585091586947502,75
13,5,5,18.0,17.98674175002203,75
13,5,6,35.53333333333333,35.601123914349984,75
13,5,7,76.62666666666667,78.14167987496815,75
13,5,8,144.82666666666665,139.17311602933023,75
13,5,9,263.17333333333335,256.1444806589304,75
13,5,10,359.17333333333335,355.4299751811013,75
13,5,11,433.17333333333335,420.06454157933945,75
13,5,12,472.08,469.03392213944426,75
13,5,13,565.32,541.231660562594,75
13,5,14,559.4533333333334,540.4052009699103,75
13,5,15,620.0666666666667,625.9180414578035,75
13,5,16,686.0,672.9501726534131,75
13,5,17,667.2933333333333,666.4665563881521,75
13,5,18,684.0933333333334,665.7669194562706,75
13,5,19,637.48,631.43864105758,75
13,5,20,473.64,471.48060317953707,75
13,5,21,439.94666666666666,442.1512545784561,75
13,5,22,458.6933333333333,438.2024242237047,75
13,5,23,428.53333333333336,415.5082366662125,75
13,6,0,270.29333333333335,262.4172584066563,75
13,6,1,155.78666666666666,148.06707647220847,75
13,6,2,90.85135135135135,86.49015155711365,74
13,6,3,49.946666666666665,46.098291001855586,75
13,6,4,27.546666666666667,23.265202553047846,75
13,6,5,20.906666666666666,20.06778001245377,75
13,6,6,33.906666666666666,34.528795547059495,75
13,6,7,74.30666666666667,73.4757788028033,75
13,6,8,131.05333333333334,125.3149960878571,75
13,6,9,220.54666666666665,217.12669001511065,75
13,6,10,305.4266666666667,302.15693516093415,75
13,6,11,349.3066666666667,369.8524098578423,75
13,6,12,398.1333333333333,403.1074512155678,75
13,6,13,430.0933333333333,412.3372626946652,75
13,6,14,459.48,465.6844440318816,75
13,6,15,462.8933333333333,464.08186377169204,75
13,6,16,494.64,487.59074211348275,75
13,6,17,491.9866666666667,482.8710738116885,75
13,6,18,473.74666666666667,474.86564429285033,75
13,6,19,370.97333333333336,367.74025024987094,75
13,6,20,328.73333333333335,315.7469523879235,75
13,6,21,310.4,291.6754741782297,75
13,6,22,283.2266666666667,247.54093333940978,75
13,6,23,192.96,197.6216351753112,75
14,0,0,76.58666666666667,77.13469349942804,75
14,0,1,25.533333333333335,26.68243820028139,75
14,0,2,13.786666666666667,13.73368928720369,75
14,0,3,8.493333333333334,9.314939344932927,75
14,0,4,10.466666666666667,8.787205229126668,75
14,0,5,16.84,17.37663234985781,75
14,0,6,74.78666666666666,76.05123683692945,75
14,0,7,228.17333333333335,225.3561645027613,75
14,0,8,542.3333333333334,534.8079289713369,75
14,0,9,462.92,467.48145059085647,75
14,0,10,405.8,405.51081262155765,75
14,0,11,466.17333333333335,472.17018267722653,75
14,0,12,584.4133333333333,587.5474220781699,75
14,0,13,651.3066666666666,704.4895190790561,75
14,0,14,907.9466666666667,921.7060620697869,75
14,0,15,1171.5733333333333,1130.3420613320843,75
14,0,16,1425.8933333333334,1413.878545920024,75
14,0,17,1925.92,1936.7883868312176,75
14,0,18,1508.8133333333333,1528.5328629130647,75
14,0,19,976.7066666666667,1024.581045760326,75
14,0,20,690.4266666666666,647.6624487682114,75
14,0,21,486.62666666666667,461.3965110297859,75
14,0,22,311.81081081081084,304.7566592671412,74
14,0,23,221.3783783783784,223.71385751053006,74
14,1,0,103.5,100.5869560832192,74
14,1,1,27.39189189189189,28.07484594401615,74
14,1,2,13.621621621621621,14.579562836031853,74
14,1,3,8.219178082191782,9.164913298728992,73
14,1,4,8.35135135135135,8.496763773530853,74
14,1,5,19.0,18.602033313512415,75
14,1,6,81.74666666666667,81.68709625250413,75
14,1,7,288.5466666666667,263.73310393228763,75
14,1,8,731.9066666666666,685.3456069312527,75
14,1,9,611.3866666666667,604.1747262487779,75
14,1,10,465.93333333333334,455.98948864964876,75
14,1,11,533.0533333333333,546.3760769535601,75
14,1,12,663.8,683.1621916052002,75
14,1,13,722.8,784.4473019982654,75
14,1,14,974.2133333333334,1037.7933610885996,75
14,1,15,1269.5866666666666,1323.381149493238,75
14,1,16,1681.6266666666668,1664.77420629791,75
14,1,17,2462.64,2457.3690760400996,75
14,1,18,1983.64,1948.2039987364951,75
14,1,19,1193.8933333333334,1160.3816128559336,75
14,1,20,800.7733333333333,749.9837966905271,75
14,1,21,586.48,546.2378095858802,75
14,1,22,389.85135135135135,386.89076510547415,74
14,1,23,270.47297297297297,287.66475082970237,74
14,2,0,127.86666666666666,127.30052247702245,75
14,2,1,36.05263157894737,35.21915232075876,76
14,2,2,17.605263157894736,16.875501022732106,76
14,2,3,9.826666666666666,10.009119700270755,75
14,2,4,10.157894736842104,8.94389131499194,76
14,2,5,19.355263157894736,18.793616421344744,76
14,2,6,81.11842105263158,81.20525996801011,76
14,2,7,275.7631578947368,261.1950809313359,76
14,2,8,726.5526315789474,676.6435233760074,76
14,2,9,608.0526315789474,596.2106919112933,76
14,2,10,481.7631578947368,456.4424233901058,76
14,2,11,557.9342105263158,558.2328930116955,76
14,2,12,676.8026315789474,687.8702340697482,76
14,2,13,780.5,797.2883798343958,76
14,2,14,1001.1578947368421,1037.590213000649,76
14,2,15,1295.5263157894738,1319.0411238212196,76
14,2,16,1658.5131578947369,1646.9347298200123,76
14,2,17,2420.2763157894738,2409.6067269276814,76
14,2,18,1927.578947368421,1910.0630733914436,76
14,2,19,1222.3947368421052,1147.0938011459482,76
14,2,20,803.578947368421,746.8898508791061,76
14,2,21,584.0526315789474,553.5988791562861,76
14,2,22,396.5394736842105,387.88874031157314,76
14,2,23,275.5921052631579,295.6304822822956,76
14,3,0,134.55405405405406,129.76076305161735,74
14,3,1,38.74666666666667,38.6463033574097,75
14,3,2,18.65753424657534,19.40830607491793,73
14,3,3,10.375,10.154248030945388,72
14,3,4,9.133333333333333,9.41639928719784,75
14,3,5,19.813333333333333,19.000121026260402,75
14,3,6,81.13333333333334,80.33289216203886,75
14,3,7,258.52,255.77113121187125,75
14,3,8,665.24,654.6124152998411,75
14,3,9,588.3733333333333,586.7939212560923,75
14,3,10,469.50666666666666,453.16271243258745,75
14,3,11,555.24,552.3855191878242,75
14,3,12,691.64,683.3870629583852,75
14,3,13,737.4133333333333,787.042344296666,75
14,3,14,981.4133333333333,1033.247687535357,75
14,3,15,1305.88,1305.5721827900054,75
14,3,16,1634.9866666666667,1620.9738442995906,75
14,3,17,2284.3733333333334,2321.940789221506,75
14,3,18,1886.9866666666667,1885.5326895916085,75
14,3,19,1184.9733333333334,1135.5396630348564,75
14,3,20,846.0266666666666,744.8977225956633,75
14,3,21,599.5733333333334,559.6697704244378,75
14,3,22,424.4266666666667,418.4989166536893,75
14,3,23,306.2972972972973,298.2571579905525,74
14,4,0,150.22666666666666,144.11752677112312,75
14,4,1,51.24657534246575,49.764702423110485,73
14,4,2,20.328767123287673,20.45226205033557,73
14,4,3,12.973333333333333,13.376449864410683,75
14,4,4,11.91891891891892,11.585495472828303,74
14,4,5,18.253333333333334,18.35591789574697,75
14,4,6,67.69333333333333,67.04915531949051,75
14,4,7,188.69333333333333,206.17506484348175,75
14,4,8,390.6,394.70757240518924,75
14,4,9,394.12,398.3221624834358,75
14,4,10,425.76,456.22002771190824,75
14,4,11,533.6666666666666,544.1795817053621,75
14,4,12,661.16,696.2689990567948,75
14,4,13,805.72,810.1360973946809,75
14,4,14,1067.3333333333333,1058.5717087545931,75
14,4,15,1284.9466666666667,1316.8628928422104,75
14,4,16,1428.4133333333334,1445.7728214232889,75
14,4,17,1558.5066666666667,1569.3197955150802,75
14,4,18,1353.4666666666667,1357.8028312963258,75
14,4,19,920.0533333333333,1117.102116375094,75
14,4,20,678.5733333333334,751.1659755696768,75
14,4,21,536.1066666666667,558.9519373302699,75
14,4,22,423.05333333333334,428.684530604316,75
14,4,23,386.48,349.21275149555873,75
14,5,0,251.21333333333334,237.754571402265,75
14,5,1,106.74324324324324,94.20862075184627,74
14,5,2,45.06666666666667,41.63880846084122,75
14,5,3,25.16216216216216,22.64795420881643,74
14,5,4,20.62162162162162,20.404775985781086,74
14,5,5,18.133333333333333,16.739952855650515,75
14,5,6,33.38666666666666,31.290016137353614,75
14,5,7,66.61333333333333,65.3658720530665,75
14,5,8,121.62666666666667,121.49212998259219,75
14,5,9,223.76,217.96622217591684,75
14,5,10,375.68,389.16733493265286,75
14,5,11,539.2266666666667,526.3980855323915,75
14,5,12,710.0666666666667,699.4930368669848,75
14,5,13,899.2133333333334,880.8437079245019,75
14,5,14,1007.48,945.0456780415022,75
14,5,15,1133.5866666666666,1045.8087608846427,75
14,5,16,1127.5466666666666,1087.3761779141294,75
14,5,17,1058.36,1048.6129379869783,75
14,5,18,973.7333333333333,980.1894542820687,75
14,5,19,857.8666666666667,865.5659060250906,75
14,5,20,591.92,596.8068329532539,75
14,5,21,445.2133333333333,461.7726120424355,75
14,5,22,398.8933333333333,388.5075675493649,75
14,5,23,347.29333333333335,337.01901972011166,75
14,6,0,207.18666666666667,201.70062453012767,75
14,6,1,101.70666666666666,91.83041283416216,75
14,6,2,44.66216216216216,39.36780031127425,74
14,6,3,28.56,23.463184011078646,75
14,6,4,20.986666666666668,20.36975881853117,75
14,6,5,15.106666666666667,15.222266633054481,75
14,6,6,29.36,30.247608018279486,75
14,6,7,61.32,61.91021583376774,75
14,6,8,101.76,100.48661726146958,75
14,6,9,179.36,173.2778141252885,75
14,6,10,294.56,307.87337604627913,75
14,6,11,436.88,445.3560210751103,75
14,6,12,583.7333333333333,597.8311844954432,75
14,6,13,689.76,674.1896360241027,75
14,6,14,787.8133333333334,718.6305928318602,75
14,6,15,822.2,796.9478950651799,75
14,6,16,834.24,801.5380410475177,75
14,6,17,804.2266666666667,767.2179883520864,75
14,6,18,721.5466666666666,725.7309320561355,75
14,6,19,534.9866666666667,513.342405959668,75
14,6,20,398.28,398.76934104473685,75
14,6,21,322.2,317.01317029443635,75
14,6,22,264.14666666666665,246.55819986919568,75
14,6,23,184.96,186.33008410436005,75
143,0,0,23.25,22.422277285091717,72
143,0,1,17.463768115942027,15.008650779592498,69
143,0,2,11.462686567164178,9.902442226711285,67
143,0,3,21.059701492537314,18.006825660500244,67
143,0,4,51.14666666666667,51.8814822274433,75
143,0,5,167.81333333333333,173.77576728793736,75
143,0,6,374.92,368.8428016241813,75
143,0,7,773.4533333333334,770.5396954802198,75
143,0,8,814.5333333333333,814.9477666457,75
143,0,9,440.4533333333333,438.47546436443236,75
143,0,10,276.68,274.946152298232,75
143,0,11,253.57333333333332,241.63628189686793,75
143,0,12,259.76,256.5077612058333,75
143,0,13,297.0133333333333,298.7867181495783,75
143,0,14,313.16,304.4467321687677,75
143,0,15,325.2133333333333,310.2973623392141,75
143,0,16,317.2133333333333,311.22167746853296,75
143,0,17,316.02666666666664,309.5174858786451,75
143,0,18,226.02666666666667,219.38781083875443,75
143,0,19,159.36,151.22141432422188,75
143,0,20,104.89333333333333,106.24525950525248,75
143,0,21,90.29333333333334,84.55862407539153,75
143,0,22,65.42666666666666,61.76231015623952,75
143,0,23,40.50666666666667,39.11156690349166,75
143,1,0,26.52,23.994376432427245,75
143,1,1,15.876712328767123,14.914712398212528,73
143,1,2,10.710144927536232,9.797453922511586,69
143,1,3,18.315068493150687,17.78601398740254,73
143,1,4,60.026666666666664,56.08775976824367,75
143,1,5,195.22666666666666,187.61343147787298,75
143,1,6,437.3466666666667,412.49775151472386,75
143,1,7,912.16,894.8465170211199,75
143,1,8,1014.68,984.9521303710452,75
143,1,9,528.0933333333334,520.5724124540637,75
143,1,10,320.2,313.86325522734586,75
143,1,11,271.97333333333336,274.837646639147,75
143,1,12,279.8,289.75304542282805,75
143,1,13,330.2,329.0499913338098,75
143,1,14,349.16,339.9126842746532,75
143,1,15,365.49333333333334,345.5440997934752,75
143,1,16,361.3066666666667,345.9368768996413,75
143,1,17,355.24,336.9397561673535,75
143,1,18,249.38666666666666,245.89729655319354,75
143,1,19,162.70666666666668,161.56106167802915,75
143,1,20,115.84,113.63976343800438,75
143,1,21,98.96,91.35063999884484,75
143,1,22,69.21333333333334,64.9011610587631,75
143,1,23,42.346666666666664,41.27818292422943,75
143,2,0,28.466666666666665,24.53693842827428,75
143,2,1,16.52777777777778,15.522419863677422,72
143,2,2,9.01388888888889,10.050912268716857,72
143,2,3,18.19178082191781,17.881846230649167,73
143,2,4,55.48684210526316,54.73179756816806,76
143,2,5,185.5,185.4464022973576,76
143,2,6,413.4605263157895,408.3626690683287,76
143,2,7,890.3026315789474,887.2903829365034,76
143,2,8,983.4342105263158,974.2103752548098,76
143,2,9,501.30263157894734,511.2181203042409,76
143,2,10,315.35526315789474,313.88671444739657,76
143,2,11,294.42105263157896,277.07943218196164,76
143,2,12,294.9736842105263,295.060203630999,76
143,2,13,324.35526315789474,327.48813243408415,76
143,2,14,343.64473684210526,338.47712182334965,76
143,2,15,351.88157894736844,343.7587689497949,76
143,2,16,348.4605263157895,343.27067939151624,76
143,2,17,340.25,334.4885147146668,76
143,2,18,259.5394736842105,245.3010526589388,76
143,2,19,174.67105263157896,166.75329685680308,76
143,2,20,116.46052631578948,114.55351881907578,76
143,2,21,100.13157894736842,96.03772340892472,76
143,2,22,77.52631578947368,71.50174395858772,76
143,2,23,45.75,42.692842131503575,76
143,3,0,28.19178082191781,25.12388880082378,73
143,3,1,15.824324324324325,15.54550134303607,74
143,3,2,10.971830985915492,10.12402845316083,71
143,3,3,17.506849315068493,17.980165621061577,73
143,3,4,55.85333333333333,53.37034869479866,75
143,3,5,179.68,181.88746590830027,75
143,3,6,401.9066666666667,400.30520396963277,75
143,3,7,853.9733333333334,858.2251576218382,75
143,3,8,922.8,950.832745302674,75
143,3,9,499.26666666666665,502.8580164241842,75
143,3,10,320.04,312.4141101090978,75
143,3,11,277.49333333333334,272.9962560573954,75
143,3,12,279.08,292.42365160433695,75
143,3,13,326.3466666666667,330.04117702984144,75
143,3,14,341.6533333333333,337.9290548109279,75
143,3,15,356.44,343.84195065899064,75
143,3,16,356.7733333333333,343.84944662236376,75
143,3,17,356.3066666666667,337.09889091996166,75
143,3,18,251.58666666666667,249.9836735258236,75
143,3,19,169.45333333333335,170.83923482617072,75
143,3,20,119.65333333333334,114.59540449243742,75
143,3,21,103.97333333333333,100.17402953669105,75
143,3,22,67.41333333333333,70.30962658894025,75
143,3,23,40.84,41.99165234366703,75
143,4,0,27.35135135135135,25.26583632565506,74
143,4,1,15.083333333333334,16.37354548230959,72
143,4,2,9.788732394366198,10.142533296224183,71
143,4,3,19.405797101449274,17.06768444629427,69
143,4,4,50.46666666666667,50.643688335826475,75
143,4,5,162.25333333333333,160.43817671619578,75
143,4,6,372.6533333333333,367.09140263762924,75
143,4,7,745.6666666666666,746.6623910706212,75
143,4,8,746.8,748.3195717962084,75
143,4,9,440.85333333333335,434.7899939857482,75
143,4,10,303.4,303.2233177737815,75
143,4,11,279.6933333333333,276.69900930662595,75
143,4,12,296.17333333333335,289.80893196987665,75
143,4,13,333.16,337.9291093626084,75
143,4,14,340.50666666666666,344.6170006814354,75
143,4,15,374.16,352.3607848125603,75
143,4,16,363.29333333333335,351.76040619758163,75
143,4,17,376.88,355.6933443742665,75
143,4,18,295.7733333333333,265.0693837116444,75
143,4,19,197.21333333333334,198.02694495297078,75
143,4,20,141.26666666666668,136.96043890237968,75
143,4,21,120.46666666666667,122.82061435649683,75
143,4,22,75.70666666666666,77.28654300011472,75
143,4,23,44.52054794520548,44.89438403523988,73
143,5,0,30.438356164383563,30.422659033118478,73
143,5,1,23.166666666666668,22.83289277836054,66
143,5,2,12.484375,11.761951861434182,64
143,5,3,16.78787878787879,16.777319398932438,66
143,5,4,29.45945945945946,28.563332667229258,74
143,5,5,67.71232876712328,64.45342934507178,73
143,5,6,130.21621621621622,125.06035756653624,74
143,5,7,184.1304347826087,179.73864610014277,69
143,5,8,236.4,228.29302518872635,70
143,5,9,251.18055555555554,242.61128358391878,72
143,5,10,285.55882352941177,280.9639049765166,68
143,5,11,306.54285714285714,286.4294054846375,70
143,5,12,311.3424657534247,304.4180253205284,73
143,5,13,305.041095890411,295.31300240862953,73
143,5,14,295.17808219178085,282.2289041959215,73
143,5,15,256.93150684931504,262.46792378639134,73
143,5,16,260.04545454545456,253.54721449208023,66
143,5,17,238.26470588235293,239.08039152149922,68
143,5,18,197.90140845070422,222.83382001205442,71
143,5,19,144.33333333333334,149.11736715911022,72
143,5,20,108.3108108108108,111.16456116670464,74
143,5,21,94.52857142857142,96.9906861035218,70
143,5,22,67.09333333333333,70.2064314364715,75
143,5,23,43.8,44.3804311683902,70
143,6,0,30.956521739130434,30.688400376724108,69
143,6,1,22.686567164179106,22.677391853783796,67
143,6,2,12.484848484848484,12.04007569138949,66
143,6,3,16.87878787878788,16.70550946128637,66
143,6,4,28.760563380281692,28.888635497212746,71
143,6,5,54.51470588235294,52.64069483273894,68
143,6,6,97.74324324324324,94.81380148901992,74
143,6,7,123.5,121.70446165041486,70
143,6,8,161.77611940298507,156.8357774641614,67
143,6,9,199.89705882352942,190.8373802326089,68
143,6,10,218.71014492753622,217.80016188614715,69
143,6,11,221.6086956521739,221.36881575426978,69
143,6,12,240.2054794520548,229.27573638430152,73
143,6,13,241.71621621621622,227.1092764727223,74
143,6,14,228.7123287671233,216.8615748507593,73
143,6,15,204.73239436619718,198.46101057284818,71
143,6,16,185.1014492753623,194.1518370482019,69
143,6,17,160.75342465753425,163.8406478626158,73
143,6,18,135.2394366197183,135.44597115982995,71
143,6,19,111.8169014084507,104.28413050217927,71
143,6,20,83.17808219178082,81.69959596905505,73
143,6,21,77.61971830985915,74.63261762490217,71
143,6,22,53.306666666666665,51.30978811177898,75
143,6,23,34.726027397260275,34.23461968525978,73
144,0,0,12.606060606060606,11.800931823755947,66
144,0,1,9.34920634920635,7.92952739314635,63
144,0,2,6.75,5.456069924565446,64
144,0,3,10.492063492063492,10.23710650918923,63
144,0,4,27.906666666666666,29.55426258010942,75
144,0,5,113.64,113.41540744473224,75
144,0,6,267.76,267.1313234775681,75
144,0,7,517.2666666666667,522.2367678606904,75
144,0,8,563.92,574.2400467411718,75
144,0,9,326.92,326.3461991249277,75
144,0,10,219.37333333333333,224.03534901984568,75
144,0,11,198.44,205.84140814310052,75
144,0,12,210.37333333333333,212.46550802610267,75
144,0,13,242.14666666666668,234.34117544160506,75
144,0,14,277.93333333333334,268.2819899066665,75
144,0,15,284.6933333333333,277.2886575246165,75
144,0,16,296.12,296.0480710168235,75
144,0,17,265.6,256.0318924192105,75
144,0,18,174.17333333333335,176.45886015231,75
144,0,19,108.92,112.97583794803835,75
144,0,20,76.21333333333334,77.57155979883436,75
144,0,21,55.973333333333336,54.77543320757042,75
144,0,22,44.48,42.34374683899705,75
144,0,23,27.093333333333334,26.251436812616205,75
144,1,0,11.691176470588236,11.607995109600456,68
144,1,1,6.373134328358209,7.082587120753917,67
144,1,2,6.343283582089552,5.425087093214377,67
144,1,3,9.850746268656716,9.957399057312267,67
144,1,4,34.21621621621622,31.559980708388064,74
144,1,5,132.86666666666667,129.64623420334755,75
144,1,6,310.9866666666667,296.26939508530927,75
144,1,7,613.8533333333334,620.3579329594157,75
144,1,8,720.0133333333333,692.4239998652275,75
144,1,9,410.1333333333333,406.22571277429364,75
144,1,10,252.74666666666667,245.42079739930492,75
144,1,11,220.42666666666668,227.18362001426803,75
144,1,12,222.88,240.35172411011192,75
144,1,13,257.97333333333336,256.21984407822004,75
144,1,14,300.8933333333333,287.1756146233302,75
144,1,15,306.4,306.74560836361024,75
144,1,16,315.28,326.7892774608093,75
144,1,17,282.5733333333333,288.3581720346847,75
144,1,18,191.33333333333334,198.2189148821428,75
144,1,19,123.22666666666667,124.16323689950994,75
144,1,20,78.92,83.58069082610734,75
144,1,21,55.84,57.215969798278884,75
144,1,22,42.61333333333334,42.458257597861014,75
144,1,23,26.626666666666665,27.76185433378166,75
144,2,0,13.895522388059701,12.31070702030069,67
144,2,1,7.029850746268656,7.62914385389675,67
144,2,2,6.2272727272727275,5.822487324716891,66
144,2,3,9.779411764705882,10.128914258594293,68
144,2,4,32.78947368421053,31.049816485172894,76
144,2,5,128.27631578947367,126.20647619992137,76
144,2,6,309.4736842105263,292.9869602631802,76
144,2,7,610.2368421052631,617.3422386925464,76
144,2,8,692.578947368421,682.2038789088663,76
144,2,9,406.0394736842105,401.58010617739075,76
144,2,10,257.69736842105266,244.3275584320478,76
144,2,11,226.55263157894737,226.47905409629513,76
144,2,12,216.78947368421052,239.7203807679165,76
144,2,13,230.01315789473685,250.6147177285921,76
144,2,14,266.9868421052632,282.93855126081377,76
144,2,15,271.44736842105266,284.6642027295931,76
144,2,16,274.5394736842105,292.9963700624823,76
144,2,17,258.0394736842105,287.04679185738354,76
144,2,18,190.80263157894737,198.07288280717387,76
144,2,19,122.13157894736842,124.08195029257219,76
144,2,20,87.11842105263158,85.63520876848503,76
144,2,21,56.73684210526316,60.31789922025975,76
144,2,22,42.56578947368421,43.62288507477788,76
144,2,23,25.789473684210527,26.72615976954075,76
144,3,0,11.144927536231885,12.273870305184191,69
144,3,1,7.358208955223881,7.918399920248953,67
144,3,2,6.7272727272727275,5.981832098050736,66
144,3,3,10.544117647058824,10.309724426965312,68
144,3,4,30.76,30.91273547531665,75
144,3,5,124.01333333333334,122.69297517135361,75
144,3,6,302.25333333333333,289.4235902271281,75
144,3,7,577.4266666666666,602.5577378247373,75
144,3,8,653.7066666666667,665.8135688063333,75
144,3,9,394.84,389.9561511181182,75
144,3,10,258.38666666666666,243.24360815709562,75
144,3,11,224.36,227.0720374150349,75
144,3,12,226.33333333333334,238.86683701219863,75
144,3,13,252.94666666666666,254.0955475796079,75
144,3,14,297.3333333333333,288.35233820618055,75
144,3,15,300.2266666666667,306.1898906748149,75
144,3,16,314.14666666666665,323.87944583075534,75
144,3,17,288.52,288.0309191782381,75
144,3,18,191.92,208.9146024216333,75
144,3,19,126.48,126.03157169737203,75
144,3,20,92.54666666666667,86.61116267270656,75
144,3,21,64.17333333333333,61.243670869742566,75
144,3,22,46.18666666666667,46.279389986343,75
144,3,23,28.773333333333333,27.322103169633053,75
144,4,0,14.402985074626866,13.756645653800755,67
144,4,1,7.8307692307692305,7.974520206252067,65
144,4,2,6.390625,6.2831094141021495,64
144,4,3,11.686567164179104,10.694317313736935,67
144,4,4,30.72,31.109423599039474,75
144,4,5,117.89333333333333,116.81684299142944,75
144,4,6,273.7733333333333,261.9777904926429,75
144,4,7,515.52,528.6368934983158,75
144,4,8,527.44,532.5386730569414,75
144,4,9,344.32,349.1491562875262,75
144,4,10,239.25333333333333,247.83710897155362,75
144,4,11,237.05333333333334,240.7570781557759,75
144,4,12,241.72,246.80875723793216,75
144,4,13,271.8933333333333,257.59556660236495,75
144,4,14,315.68,296.5191719976496,75
144,4,15,328.94666666666666,319.01815401874455,75
144,4,16,360.3333333333333,340.5206951035515,75
144,4,17,320.28,296.28638750093495,75
144,4,18,233.30666666666667,219.7179906890508,75
144,4,19,155.48,148.74576466228615,75
144,4,20,110.17333333333333,107.03270383842055,75
144,4,21,78.72,78.44618369876272,75
144,4,22,56.208333333333336,57.84173312478754,72
144,4,23,32.02777777777778,30.645017245444308,72
144,5,0,17.063492063492063,17.62074686662177,63
144,5,1,11.984126984126984,11.205350252385843,63
144,5,2,8.672131147540984,8.558098560518088,61
144,5,3,9.428571428571429,9.848620046089081,63
144,5,4,23.741935483870968,22.401621449774197,62
144,5,5,42.96774193548387,42.374760153983985,62
144,5,6,94.7258064516129,111.51026991139297,62
144,5,7,144.5483870967742,141.6753601190341,62
144,5,8,177.84375,177.83785668861375,64
144,5,9,207.57142857142858,206.9758921832559,63
144,5,10,217.47619047619048,236.7876884523318,63
144,5,11,251.44615384615383,238.93070678389412,65
144,5,12,283.5079365079365,247.55747701117616,63
144,5,13,301.03125,279.9802945722161,64
144,5,14,315.7258064516129,307.0436518317204,62
144,5,15,325.03225806451616,312.93585906301246,62
144,5,16,320.85714285714283,310.82678035025464,63
144,5,17,271.8709677419355,250.78886008500655,62
144,5,18,187.12698412698413,179.61417668207474,63
144,5,19,134.0,127.41991098754853,63
144,5,20,103.88709677419355,99.62207466503472,62
144,5,21,72.109375,74.4816989013424,64
144,5,22,58.403225806451616,59.56249499665465,62
144,5,23,32.671875,32.47073923301284,64
144,6,0,19.56451612903226,17.74257635333766,62
144,6,1,11.238095238095237,11.436189135839964,63
144,6,2,7.396825396825397,8.195304155389005,63
144,6,3,9.415384615384616,9.77205164613673,65
144,6,4,17.677419354838708,18.133523658204908,62
144,6,5,29.19047619047619,28.818597515697096,63
144,6,6,65.74603174603175,65.43165551484975,63
144,6,7,91.7741935483871,88.9477126228032,62
144,6,8,124.44444444444444,121.9968579322643,63
144,6,9,150.15873015873015,147.0910258118129,63
144,6,10,175.76923076923077,179.5688140280079,65
144,6,11,197.46875,204.47365349471195,64
144,6,12,233.47619047619048,223.76035647914443,63
144,6,13,240.625,233.26262087427762,64
144,6,14,240.7846153846154,235.9685531628036,65
144,6,15,238.79365079365078,229.66919882907118,63
144,6,16,234.46875,218.5493911429252,64
144,6,17,192.13846153846154,186.26418451477412,65
144,6,18,129.11111111111111,125.44580510041258,63
144,6,19,91.671875,85.88324005684125,64
144,6,20,72.16923076923077,70.960688579225,65
144,6,21,60.84615384615385,59.12028112986482,65
144,6,22,50.285714285714285,43.145890807856745,63
144,6,23,26.181818181818183,25.558681980770398,66
145,0,0,5.19672131147541,5.362482979937935,61
145,0,1,4.087719298245614,3.7835792917688056,57
145,0,2,3.3389830508474576,3.4226501905441613,59
145,0,3,4.728813559322034,4.772783419367249,59
145,0,4,11.301369863013699,12.119340388735917,73
145,0,5,48.77333333333333,50.667424451818746,75
145,0,6,137.29333333333332,137.09686822526214,75
145,0,7,394.8933333333333,387.00078212304214,75
145,0,8,460.3333333333333,466.7307575370946,75
145,0,9,249.57333333333332,252.8147323761012,75
145,0,10,152.93333333333334,157.14455520283767,75
145,0,11,133.02666666666667,138.89089185824704,75
145,0,12,131.36,139.15187763173773,75
145,0,13,142.12,141.03083168730163,75
145,0,14,160.96,160.96246891927476,75
145,0,15,158.01333333333332,160.25882918684403,75
145,0,16,191.77333333333334,187.15484549463233,75
145,0,17,180.2,184.97528472158467,75
145,0,18,115.08,117.241170370021,75
145,0,19,60.57333333333333,61.43938186082915,75
145,0,20,44.06666666666667,43.09377210032955,75
145,0,21,26.026666666666667,27.053298743714894,75
145,0,22,17.626666666666665,16.988868818135163,75
145,0,23,15.453333333333333,15.175972593267234,75
145,1,0,4.823529411764706,5.31343920246962,68
145,1,1,3.65,3.6256612620052078,60
145,1,2,3.4153846153846152,3.307204715514089,65
145,1,3,5.375,4.916664881386095,64
145,1,4,14.072463768115941,12.54357146661814,69
145,1,5,59.92,56.39264145374305,75
145,1,6,164.04,160.85554379479885,75
145,1,7,464.76,458.7214964144989,75
145,1,8,593.6266666666667,578.632203967751,75
145,1,9,303.73333333333335,304.50487864372326,75
145,1,10,170.28,172.42800739938235,75
145,1,11,141.94666666666666,147.27835385545745,75
145,1,12,137.78666666666666,147.25255715207047,75
145,1,13,151.25333333333333,148.86475137795944,75
145,1,14,174.16,172.91931436354912,75
145,1,15,177.34666666666666,174.65220480143512,75
145,1,16,211.30666666666667,204.31710353432882,75
145,1,17,211.02666666666667,202.77072970653833,75
145,1,18,128.93333333333334,131.83502306968265,75
145,1,19,66.70666666666666,66.48362190628725,75
145,1,20,45.08,43.23464889856422,75
145,1,21,28.626666666666665,27.202148565007363,75
145,1,22,16.72,17.567321682908954,75
145,1,23,14.533333333333333,15.676054159772463,75
145,2,0,6.181818181818182,5.71236666667655,66
145,2,1,3.4107142857142856,3.8817685525721126,56
145,2,2,3.3548387096774195,3.4164524120010906,62
145,2,3,5.0,4.954429337234849,64
145,2,4,13.164383561643836,12.447060415894034,73
145,2,5,55.421052631578945,55.93601286357744,76
145,2,6,165.53947368421052,159.4517795749125,76
145,2,7,452.2105263157895,454.5988751243798,76
145,2,8,567.8026315789474,567.7869027316034,76
145,2,9,308.3421052631579,301.30299134048573,76
145,2,10,177.1578947368421,174.0643601963359,76
145,2,11,155.21052631578948,149.3751862330147,76
145,2,12,153.80263157894737,149.4022942108321,76
145,2,13,161.44736842105263,150.42288896023763,76
145,2,14,167.27631578947367,172.4598376018071,76
145,2,15,161.6578947368421,174.08954627871404,76
145,2,16,174.48684210526315,198.30862793700643,76
145,2,17,184.81578947368422,199.0561333744683,76
145,2,18,130.89473684210526,132.52729622469144,76
145,2,19,71.05263157894737,68.99599518926954,76
145,2,20,42.76315789473684,43.07112625080809,76
145,2,21,29.092105263157894,27.818386139717045,76
145,2,22,21.157894736842106,19.881275076976063,76
145,2,23,16.526315789473685,16.51819154093913,76
145,3,0,5.085714285714285,5.711829628555785,70
145,3,1,3.59375,3.7976083742345055,64
145,3,2,3.076923076923077,3.434368522650172,65
145,3,3,5.384615384615385,4.952249333971881,65
145,3,4,12.180555555555555,12.377023358202745,72
145,3,5,54.48,54.08839756222457,75
145,3,6,153.48,153.00330176922716,75
145,3,7,432.3466666666667,443.59778571378064,75
145,3,8,539.04,547.2339743035653,75
145,3,9,292.88,295.340527679643,75
145,3,10,174.17333333333335,173.7520598478897,75
145,3,11,151.13333333333333,148.96155053122243,75
145,3,12,147.77333333333334,148.97008012269035,75
145,3,13,148.65333333333334,149.92440342435222,75
145,3,14,180.50666666666666,177.90059804622152,75
145,3,15,172.14666666666668,178.37905454203502,75
145,3,16,214.4,212.0464933911528,75
145,3,17,211.34666666666666,211.26010150021457,75
145,3,18,135.50666666666666,133.45726464586784,75
145,3,19,68.81333333333333,69.54520946728317,75
145,3,20,43.61333333333334,44.30976558278674,75
145,3,21,29.093333333333334,27.65286857964069,75
145,3,22,21.56,19.85918205639325,75
145,3,23,18.533333333333335,17.71169347345925,75
145,4,0,5.863636363636363,5.737460671091419,66
145,4,1,3.8870967741935485,3.802619263119108,62
145,4,2,4.125,3.76936990423138,64
145,4,3,4.080645161290323,4.802866362147234,62
145,4,4,11.383561643835616,12.168243955098124,73
145,4,5,54.68,52.26486554198891,75
145,4,6,136.36,135.05980070017497,75
145,4,7,359.37333333333333,355.3609632948638,75
145,4,8,388.72,386.00536893672194,75
145,4,9,245.26666666666668,262.8754060568806,75
145,4,10,163.58666666666667,172.88001434979722,75
145,4,11,150.16,154.92788988208102,75
145,4,12,152.44,154.8768733813961,75
145,4,13,160.09333333333333,156.29257259023709,75
145,4,14,195.13333333333333,188.50822163006504,75
145,4,15,187.93333333333334,187.63351231451298,75
145,4,16,220.48,216.7953536513779,75
145,4,17,232.73333333333332,218.16448819016142,75
145,4,18,161.85333333333332,144.49382512354399,75
145,4,19,86.10666666666667,85.29865199982754,75
145,4,20,57.85333333333333,55.7963738922627,75
145,4,21,36.906666666666666,36.15234468672291,75
145,4,22,25.26388888888889,25.102391041342134,72
145,4,23,21.666666666666668,20.7730738138207,72
145,5,0,7.790322580645161,7.765682461248978,62
145,5,1,5.180327868852459,4.734921370107059,61
145,5,2,3.7142857142857144,3.8974167728472446,56
145,5,3,3.9298245614035086,3.96982199724061,57
145,5,4,5.85,5.5726563968582035,60
145,5,5,21.126984126984127,21.116676590855782,63
145,5,6,41.738461538461536,37.73692303378125,65
145,5,7,73.43548387096774,72.73135737613256,62
145,5,8,116.9375,115.91351897948041,64
145,5,9,153.17741935483872,150.7465463429182,62
145,5,10,162.20967741935485,160.9412312381167,62
145,5,11,191.7258064516129,185.9458084859995,62
145,5,12,199.2622950819672,186.00958227393477,61
145,5,13,184.40625,182.35536460929825,64
145,5,14,177.3125,177.1205082204818,64
145,5,15,190.1290322580645,182.46828447441618,62
145,5,16,173.23809523809524,168.2862911531633,63
145,5,17,163.04761904761904,166.2236241377194,63
145,5,18,123.36507936507937,126.1084612237325,63
145,5,19,79.90322580645162,76.3580784369474,62
145,5,20,51.596774193548384,51.47866389009217,62
145,5,21,34.609375,34.98637363868192,64
145,5,22,23.338709677419356,24.22314129092826,62
145,5,23,20.29032258064516,21.33780088345955,62
145,6,0,8.67741935483871,8.12612134725047,62
145,6,1,4.3,4.649529087075155,60
145,6,2,3.1403508771929824,3.640874595821891,57
145,6,3,3.933333333333333,3.852012152393535,60
145,6,4,4.754385964912281,5.0358407669003125,57
145,6,5,15.274193548387096,17.024243558497076,62
145,6,6,30.6875,32.31572017226339,64
145,6,7,53.666666666666664,53.202691781878144,63
145,6,8,82.42857142857143,82.89599479857814,63
145,6,9,120.56451612903226,120.57374480174913,62
145,6,10,139.46031746031747,135.2382822972064,63
145,6,11,158.15873015873015,159.6826016360187,63
145,6,12,172.796875,166.8078945078383,64
145,6,13,166.22222222222223,165.97537982090083,63
145,6,14,153.14285714285714,144.96873240283648,63
145,6,15,144.55555555555554,138.38157377839227,63
145,6,16,133.296875,125.46377725860383,64
145,6,17,112.84375,116.07274395647775,64
145,6,18,77.6875,79.24849267732766,64
145,6,19,50.0,48.528450717046496,63
145,6,20,40.609375,37.293223830528085,64
145,6,21,23.71875,23.18607048286096,64
145,6,22,19.285714285714285,19.230244931263226,63
145,6,23,14.238095238095237,14.485425556482834,63
146,0,0,8.46875,8.012335379704686,64
146,0,1,5.384615384615385,5.113616527874029,65
146,0,2,5.145161290322581,5.178828295352991,62
146,0,3,8.970588235294118,9.320818111991452,68
146,0,4,24.56,26.186679658589902,75
146,0,5,121.97333333333333,118.58554798009628,75
146,0,6,337.12,327.48602506522434,75
146,0,7,834.84,817.3916934254447,75
146,0,8,970.5333333333333,971.848324003452,75
146,0,9,581.2133333333334,580.9725813456989,75
146,0,10,378.5733333333333,375.6723088737306,75
146,0,11,338.94666666666666,347.50499747576987,75
146,0,12,324.02666666666664,325.7833115085683,75
146,0,13,342.93333333333334,332.1286615117485,75
146,0,14,368.94666666666666,364.8929715895724,75
146,0,15,373.6,360.9077696507439,75
146,0,16,392.18666666666667,376.97920834451975,75
146,0,17,400.96,376.958546901575,75
146,0,18,267.32,262.3238956524911,75
146,0,19,151.86666666666667,151.7081638159622,75
146,0,20,97.06666666666666,97.2498930380623,75
146,0,21,74.97333333333333,73.49782229115205,75
146,0,22,56.373333333333335,55.359270297549166,75
146,0,23,19.413333333333334,19.906317885377995,75
146,1,0,7.4,8.107717763932527,75
146,1,1,5.171428571428572,5.218854700230188,70
146,1,2,6.086956521739131,5.296847959625792,69
146,1,3,10.097222222222221,9.621914159496884,72
146,1,4,31.6,28.111793143075325,75
146,1,5,143.65333333333334,139.1397111128561,75
146,1,6,390.82666666666665,370.85806113831984,75
146,1,7,995.0,974.3739125432817,75
146,1,8,1235.2533333333333,1219.254093154557,75
146,1,9,724.9333333333333,735.7797122032835,75
146,1,10,446.0,429.7742898831825,75
146,1,11,376.05333333333334,377.0893693393794,75
146,1,12,338.4,348.0017976242662,75
146,1,13,360.74666666666667,350.9566627556631,75
146,1,14,408.0933333333333,402.97130858431393,75
146,1,15,412.6666666666667,404.41472607321975,75
146,1,16,439.46666666666664,413.84711250195556,75
146,1,17,454.82666666666665,416.7784060329426,75
146,1,18,297.2,297.79826737555464,75
146,1,19,155.81333333333333,162.2856662575426,75
146,1,20,100.77333333333333,100.99505783462925,75
146,1,21,81.52,78.52628390976577,75
146,1,22,54.2,53.63413887830023,75
146,1,23,19.69333333333333,19.885745701369085,75
146,2,0,9.736842105263158,8.708898250756828,76
146,2,1,5.986111111111111,5.731977644541221,72
146,2,2,6.1066666666666665,5.6088550564345105,75
146,2,3,10.106666666666667,9.676405451184854,75
146,2,4,30.18421052631579,27.94906074412049,76
146,2,5,138.01315789473685,133.86768618566853,76
146,2,6,382.63157894736844,367.1031607680605,76
146,2,7,986.578947368421,967.8697064427859,76
146,2,8,1217.7236842105262,1204.9582939695717,76
146,2,9,722.5657894736842,727.466379002018,76
146,2,10,456.67105263157896,427.71024200974693,76
146,2,11,399.0,383.19326691047,76
146,2,12,364.5131578947368,356.8626473284408,76
146,2,13,362.8421052631579,356.29007791090055,76
146,2,14,399.4078947368421,401.1687507099739,76
146,2,15,383.86842105263156,402.19946440166495,76
146,2,16,422.89473684210526,411.09777037471304,76
146,2,17,447.5131578947368,414.09870904594305,76
146,2,18,303.38157894736844,303.8045563397526,76
146,2,19,171.3421052631579,167.44938645581865,76
146,2,20,106.73684210526316,104.19151601829333,76
146,2,21,77.05263157894737,79.6500823216629,76
146,2,22,53.89473684210526,55.580571964031115,76
146,2,23,21.07894736842105,21.910161335648855,76
146,3,0,9.753424657534246,9.134204723445066,73
146,3,1,6.178082191780822,5.971652870343458,73
146,3,2,6.309859154929577,5.936996541649344,71
146,3,3,10.146666666666667,9.61300808888366,75
146,3,4,26.826666666666668,27.162736120530894,75
146,3,5,133.98666666666668,131.26315011135182,75
146,3,6,367.29333333333335,359.4880995150891,75
146,3,7,954.6,946.1075415304496,75
146,3,8,1170.92,1177.4527651842127,75
146,3,9,718.9066666666666,712.394348446919,75
146,3,10,439.72,423.8648586308032,75
146,3,11,379.1066666666667,380.5734322646066,75
146,3,12,354.46666666666664,355.2707006524608,75
146,3,13,361.72,355.93497824423787,75
146,3,14,406.18666666666667,402.6224649950644,75
146,3,15,409.3066666666667,413.7598694670244,75
146,3,16,433.58666666666664,427.47812466890446,75
146,3,17,470.1333333333333,432.3796350375278,75
146,3,18,311.3466666666667,303.82601818428634,75
146,3,19,173.93333333333334,172.63337276504862,75
146,3,20,109.24,104.99977594133297,75
146,3,21,82.30666666666667,85.16356399337039,75
146,3,22,56.77333333333333,56.9101070811477,75
146,3,23,24.626666666666665,23.978057583704675,75
146,4,0,10.337837837837839,10.044428239468271,74
146,4,1,5.71830985915493,5.711108853089858,71
146,4,2,5.845070422535211,5.763185175327186,71
146,4,3,9.573333333333334,9.302420724928304,75
146,4,4,27.32,26.889232832711244,75
146,4,5,125.30666666666667,118.52801897062935,75
146,4,6,329.6533333333333,322.47027873774186,75
146,4,7,814.04,802.7550472020736,75
146,4,8,869.0666666666667,863.5142118667169,75
146,4,9,582.9466666666667,579.4031091303576,75
146,4,10,417.6666666666667,425.70319989062807,75
146,4,11,384.9866666666667,387.66287146004765,75
146,4,12,364.85333333333335,361.1801200761351,75
146,4,13,376.92,361.71037604536116,75
146,4,14,418.93333333333334,408.22350711200767,75
146,4,15,428.2133333333333,420.5776913083892,75
146,4,16,452.5466666666667,438.624494869479,75
146,4,17,495.6666666666667,445.2387426787844,75
146,4,18,373.18666666666667,339.18245225375415,75
146,4,19,214.82666666666665,200.07975135999732,75
146,4,20,134.8,135.76515797024393,75
146,4,21,105.66666666666667,100.93982409907433,75
146,4,22,73.68,73.91312285835603,75
146,4,23,39.46666666666667,36.96912939304572,75
146,5,0,14.863013698630137,15.183466491815699,73
146,5,1,8.231884057971014,8.300476590011565,69
146,5,2,5.102941176470588,6.116586704525681,68
146,5,3,6.231884057971015,6.945009957557773,69
146,5,4,15.56060606060606,15.44916315863359,66
146,5,5,40.61971830985915,42.91725916909976,71
146,5,6,93.64788732394366,90.93828299141788,71
146,5,7,168.66666666666666,171.21597433692568,69
146,5,8,260.07042253521126,258.2191475544052,71
146,5,9,334.1857142857143,333.4714083624925,70
146,5,10,351.1,338.2372480770166,70
146,5,11,402.9130434782609,375.7230712473351,69
146,5,12,431.64179104477614,387.9748159276161,67
146,5,13,355.90277777777777,356.7775077276032,72
146,5,14,341.3970588235294,327.70267586799264,68
146,5,15,307.05797101449275,314.0232617048762,69
146,5,16,275.7857142857143,297.3058916891434,70
146,5,17,297.2089552238806,297.5322490622639,67
146,5,18,248.7,260.62947965886303,70
146,5,19,163.43661971830986,162.9270213711834,71
146,5,20,118.3731343283582,119.12488691017178,67
146,5,21,87.44927536231884,90.91793116312684,69
146,5,22,73.56923076923077,74.2814354444471,65
146,5,23,41.1044776119403,40.880116227596716,67
146,6,0,18.304347826086957,16.446113364835696,69
146,6,1,8.73134328358209,8.418514069299265,67
146,6,2,6.746268656716418,6.509169916688914,67
146,6,3,6.2153846153846155,6.929550781497555,65
146,6,4,15.73015873015873,15.581141771671716,63
146,6,5,35.196969696969695,35.269240752058444,66
146,6,6,78.5223880597015,77.75088975095804,67
146,6,7,117.43478260869566,118.22163228276492,69
146,6,8,203.88059701492537,203.69989916411066,67
146,6,9,281.13432835820896,281.2186146421734,67
146,6,10,315.0289855072464,298.29208007091256,69
146,6,11,349.54411764705884,330.06814865793774,68
146,6,12,368.84057971014494,330.6491988963804,69
146,6,13,320.97297297297297,302.64911222975167,74
146,6,14,290.3188405797101,283.945546713345,69
146,6,15,256.46268656716416,266.7792950637261,67
146,6,16,213.52857142857144,236.69373427381908,70
146,6,17,200.5441176470588,206.22373525406564,68
146,6,18,167.734375,167.28890199633068,64
146,6,19,100.77464788732394,104.68027887581978,71
146,6,20,79.13432835820896,76.92967625083782,67
146,6,21,63.279411764705884,62.184125714667275,68
146,6,22,49.90769230769231,49.346989105102196,65
146,6,23,20.43076923076923,20.08000451200341,65
147,0,0,15.17142857142857,15.577899983447255,70
147,0,1,9.446153846153846,8.285193071520531,65
147,0,2,7.23943661971831,6.983577982864288,71
147,0,3,10.64179104477612,8.714113349371578,67
147,0,4,44.21333333333333,44.227572855058725,75
147,0,5,217.48,216.42202406294652,75
147,0,6,470.97333333333336,456.3699257982927,75
147,0,7,808.0133333333333,796.7022562978914,75
147,0,8,889.4133333333333,888.9624513357338,75
147,0,9,572.72,572.1653643194809,75
147,0,10,391.41333333333336,375.710488754665,75
147,0,11,351.62666666666667,345.0683638140888,75
147,0,12,333.93333333333334,332.5762371150269,75
147,0,13,364.32,349.4958431201913,75
147,0,14,358.81333333333333,351.19407183564095,75
147,0,15,383.46666666666664,377.368699618179,75
147,0,16,413.28,396.11684974622926,75
147,0,17,446.9866666666667,425.49866851828943,75
147,0,18,349.37333333333333,336.1466022628234,75
147,0,19,210.04,204.36309954109126,75
147,0,20,147.72,142.1632674273161,75
147,0,21,111.93333333333334,104.77998424975883,75
147,0,22,82.34666666666666,79.13472984898722,75
147,0,23,38.81333333333333,38.26037134550937,75
147,1,0,16.5,15.643102440347702,72
147,1,1,9.32857142857143,8.223575893799513,70
147,1,2,8.013698630136986,7.063477443964594,73
147,1,3,9.520547945205479,8.765213531826012,73
147,1,4,50.38666666666666,46.318001906670915,75
147,1,5,251.41333333333333,236.83932109252507,75
147,1,6,522.96,530.3799444173147,75
147,1,7,933.8,925.9069626311712,75
147,1,8,1094.3066666666666,1076.1892177901657,75
147,1,9,683.7733333333333,678.5299876417175,75
147,1,10,434.24,417.46826656803506,75
147,1,11,374.0133333333333,381.389839602696,75
147,1,12,361.32,374.51136844892596,75
147,1,13,386.18666666666667,376.9111500255893,75
147,1,14,389.8666666666667,388.8191395316353,75
147,1,15,424.81333333333333,411.73927652115304,75
147,1,16,473.6533333333333,448.0862379149167,75
147,1,17,507.5733333333333,480.67374864598787,75
147,1,18,387.14666666666665,388.0876859227889,75
147,1,19,213.01333333333332,224.1009680126244,75
147,1,20,140.84,152.7740196464422,75
147,1,21,97.8,107.1486560581011,75
147,1,22,65.92,75.79067333547212,75
147,1,23,36.14666666666667,37.76673475864604,75
147,2,0,16.13157894736842,16.275683136138735,76
147,2,1,10.38888888888889,8.746482688293387,72
147,2,2,7.578947368421052,7.301294497876866,76
147,2,3,9.575342465753424,9.044355928780934,73
147,2,4,50.85526315789474,46.06295344770523,76
147,2,5,233.55263157894737,233.7427768960057,76
147,2,6,526.3947368421053,525.1307224942004,76
147,2,7,926.1973684210526,916.2240925877446,76
147,2,8,1080.657894736842,1064.8512454825739,76
147,2,9,692.9342105263158,673.8247796480455,76
147,2,10,430.69736842105266,415.3490521504454,76
147,2,11,391.57894736842104,382.3044002948835,76
147,2,12,373.5131578947368,375.32733665546044,76
147,2,13,388.2763157894737,384.2561462584477,76
147,2,14,388.36842105263156,387.8163630032679,76
147,2,15,402.7763157894737,409.1934977031062,76
147,2,16,451.7894736842105,446.2259673811,76
147,2,17,493.30263157894734,479.52706954861407,76
147,2,18,391.2368421052632,385.73945076249345,76
147,2,19,225.78947368421052,223.3995689365219,76
147,2,20,153.4078947368421,156.11000933363368,76
147,2,21,101.22368421052632,109.6548958749959,76
147,2,22,75.19736842105263,77.72727895098305,76
147,2,23,40.10526315789474,39.3531524951904,76
147,3,0,17.972972972972972,16.398462202263616,74
147,3,1,10.135135135135135,9.03459539376285,74
147,3,2,7.914285714285715,7.53325158926046,70
147,3,3,9.577464788732394,9.19908477026341,71
147,3,4,46.333333333333336,45.205302830432714,75
147,3,5,224.05333333333334,228.57127186683923,75
147,3,6,507.16,513.8482152506082,75
147,3,7,871.4133333333333,896.6845735570889,75
147,3,8,1026.2666666666667,1021.5311049440445,75
147,3,9,665.7333333333333,661.0504822021649,75
147,3,10,427.52,411.628372506457,75
147,3,11,377.52,379.08840746295806,75
147,3,12,373.26666666666665,373.13062828010936,75
147,3,13,391.74666666666667,382.0287526081576,75
147,3,14,395.12,390.4012815823642,75
147,3,15,423.1333333333333,424.1452895409259,75
147,3,16,466.2133333333333,450.6187751364214,75
147,3,17,498.41333333333336,480.22460598361863,75
147,3,18,385.58666666666664,396.06769585420835,75
147,3,19,228.73333333333332,226.2183952014892,75
147,3,20,147.57333333333332,157.73134221477392,75
147,3,21,109.16,109.51017938554544,75
147,3,22,86.0,82.36764184421199,75
147,3,23,46.78666666666667,45.31712694724467,75
147,4,0,18.47945205479452,18.091423844499577,73
147,4,1,10.577464788732394,9.754569955575521,71
147,4,2,8.685714285714285,8.040778231380168,70
147,4,3,11.1,10.276795886269161,70
147,4,4,46.10666666666667,44.49033473807753,75
147,4,5,219.94666666666666,208.34568935434893,75
147,4,6,463.8933333333333,454.2331046397811,75
147,4,7,756.6933333333334,752.8968739765153,75
147,4,8,789.64,802.3893614120716,75
147,4,9,541.52,548.4281512284643,75
147,4,10,412.9866666666667,413.89139009560176,75
147,4,11,386.0133333333333,384.4205811538901,75
147,4,12,379.84,377.08372463298207,75
147,4,13,418.3333333333333,390.7858260785616,75
147,4,14,432.81333333333333,398.64637165308574,75
147,4,15,462.61333333333334,434.8466371300531,75
147,4,16,497.48,466.33906102330616,75
147,4,17,529.6133333333333,488.22601647518195,75
147,4,18,453.46666666666664,411.9405829176979,75
147,4,19,284.8666666666667,246.36694814354618,75
147,4,20,195.02666666666667,190.32647005857635,75
147,4,21,137.45333333333335,136.89791755445475,75
147,4,22,102.16,107.54633462325333,75
147,4,23,67.06756756756756,61.8022303605575,74
147,5,0,25.62162162162162,26.603614060767917,74
147,5,1,11.838235294117647,13.21556091439419,68
147,5,2,9.704225352112676,8.967113947371889,71
147,5,3,9.544117647058824,9.466555642973157,68
147,5,4,23.579710144927535,22.67174392719145,69
147,5,5,66.10958904109589,65.36791698830437,73
147,5,6,140.20833333333334,136.86931885379377,72
147,5,7,196.68571428571428,191.9558769670795,70
147,5,8,241.4,243.53855209894334,70
147,5,9,280.4583333333333,281.44062848165214,72
147,5,10,322.0,320.718733018377,70
147,5,11,336.63380281690144,344.0068693151069,71
147,5,12,352.4428571428571,346.86196523938406,70
147,5,13,348.8169014084507,345.87010126156616,71
147,5,14,346.22535211267603,327.8918852824269,71
147,5,15,325.85915492957747,316.0725612518641,71
147,5,16,299.8550724637681,307.7841102071691,69
147,5,17,288.42028985507244,287.53806588768083,69
147,5,18,266.9117647058824,278.8131855290984,68
147,5,19,206.07246376811594,223.33175175642484,69
147,5,20,153.67142857142858,158.14743923594202,70
147,5,21,124.73913043478261,118.92539778444574,69
147,5,22,105.95714285714286,105.55234544884367,70
147,5,23,71.45454545454545,65.6110594915114,66
147,6,0,30.257142857142856,28.447617778787592,70
147,6,1,13.298507462686567,14.460040415999723,67
147,6,2,8.352941176470589,8.89656271631598,68
147,6,3,8.880597014925373,9.138708062913217,67
147,6,4,17.19402985074627,17.7529114837073,67
147,6,5,51.64179104477612,51.3010557611032,67
147,6,6,91.28571428571429,91.31419871404732,70
147,6,7,127.52307692307693,123.4646556072802,65
147,6,8,182.91304347826087,184.27954493727955,69
147,6,9,224.1267605633803,226.30848760606082,71
147,6,10,258.2361111111111,264.6816807167229,72
147,6,11,281.85915492957747,288.57501670764054,71
147,6,12,281.27027027027026,276.9448902470064,74
147,6,13,297.15492957746477,295.1784117866993,71
147,6,14,272.2054794520548,269.8785327452303,73
147,6,15,247.40277777777777,251.63387047491838,72
147,6,16,227.12857142857143,235.58448084723236,70
147,6,17,206.83333333333334,206.15247534611356,72
147,6,18,194.05797101449275,196.85916980067032,69
147,6,19,145.72222222222223,141.7606851944588,72
147,6,20,113.66197183098592,105.78331196311213,71
147,6,21,98.78260869565217,91.60360268118455,69
147,6,22,76.36111111111111,76.38212529787587,72
147,6,23,34.15151515151515,37.75208932169528,66
149,0,0,7.581081081081081,7.932907830930631,74
149,0,1,4.589041095890411,4.344852840710407,73
149,0,2,5.946666666666666,5.482364083042868,75
149,0,3,12.866666666666667,11.569728022635895,75
149,0,4,30.933333333333334,31.56114042558318,75
149,0,5,111.73333333333333,112.42374665297248,75
149,0,6,184.68,181.12243403948045,75
149,0,7,342.3066666666667,335.5417214689405,75
149,0,8,342.4266666666667,357.2506189845202,75
149,0,9,196.57333333333332,202.90441972914132,75
149,0,10,144.82666666666665,147.41936668509913,75
149,0,11,127.98666666666666,127.60710788435553,75
149,0,12,121.8,123.26358362166876,75
149,0,13,153.37333333333333,147.5991659287747,75
149,0,14,171.88,164.60424507721095,75
149,0,15,164.52,162.66197995959905,75
149,0,16,168.77333333333334,162.96116867215738,75
149,0,17,144.08,147.92258850883087,75
149,0,18,107.10666666666667,108.4022173900638,75
149,0,19,64.29333333333334,63.727637765604,75
149,0,20,49.82666666666667,48.65720761794143,75
149,0,21,41.50666666666667,42.018705829624736,75
149,0,22,30.386666666666667,30.94716736484367,75
149,0,23,12.2,12.832241215324979,75
149,1,0,8.293333333333333,8.157370034607379,75
149,1,1,4.28169014084507,4.29048484384382,71
149,1,2,5.6,5.468586089527454,75
149,1,3,11.246575342465754,11.197541423341113,73
149,1,4,35.053333333333335,33.66737135374434,75
149,1,5,121.21333333333334,120.51560380696198,75
149,1,6,201.04,196.25375150933192,75
149,1,7,384.41333333333336,375.18036207896165,75
149,1,8,390.26666666666665,398.86832959023087,75
149,1,9,222.88,225.8753396025944,75
149,1,10,152.82666666666665,158.66446164642383,75
149,1,11,133.90666666666667,134.97449111384267,75
149,1,12,131.58666666666667,134.17060131190593,75
149,1,13,151.10666666666665,149.44906990291545,75
149,1,14,181.78666666666666,173.87952015432947,75
149,1,15,169.89333333333335,172.57640021529545,75
149,1,16,188.13333333333333,174.07555253877115,75
149,1,17,156.01333333333332,158.05897844875184,75
149,1,18,113.94666666666667,117.41579153454506,75
149,1,19,68.78666666666666,68.37095500158073,75
149,1,20,50.32,50.49391678938609,75
149,1,21,43.86666666666667,42.26696220977475,75
149,1,22,30.213333333333335,31.651502179005856,75
149,1,23,15.053333333333333,15.149367948259705,75
149,2,0,8.842105263157896,8.585616531726172,76
149,2,1,4.466666666666667,4.517150510511088,75
149,2,2,5.921052631578948,5.592093266512507,76
149,2,3,11.0,11.099415881041573,76
149,2,4,31.894736842105264,32.99008558571179,76
149,2,5,121.84210526315789,117.15405963287878,76
149,2,6,207.35526315789474,194.5281770791725,76
149,2,7,383.9078947368421,371.9766869600431,76
149,2,8,394.14473684210526,395.85290737718145,76
149,2,9,225.06578947368422,224.80349423292157,76
149,2,10,160.5921052631579,159.61974310532253,76
149,2,11,141.47368421052633,140.12417973861415,76
149,2,12,139.82894736842104,139.76091521348712,76
149,2,13,156.69736842105263,150.05132864879064,76
149,2,14,177.96052631578948,173.91394969043202,76
149,2,15,167.17105263157896,172.9022913705194,76
149,2,16,174.89473684210526,173.01161161563158,76
149,2,17,153.3815789473684,158.08347793677171,76
149,2,18,116.10526315789474,117.4811324676034,76
149,2,19,67.61842105263158,69.10163099780773,76
149,2,20,52.63157894736842,51.871824434047326,76
149,2,21,42.921052631578945,42.87009564949068,76
149,2,22,32.9078947368421,34.46690223058607,76
149,2,23,15.868421052631579,15.841615444209307,76
149,3,0,8.106666666666667,8.570614850396028,75
149,3,1,4.337837837837838,4.505030094434065,74
149,3,2,5.041095890410959,5.673549955340764,73
149,3,3,11.173333333333334,11.198823164834097,75
149,3,4,33.346666666666664,32.96328237600334,75
149,3,5,113.17333333333333,113.86560311395661,75
149,3,6,194.90666666666667,190.64144431247885,75
149,3,7,375.93333333333334,363.67332756677695,75
149,3,8,384.44,387.2832671803717,75
149,3,9,218.38666666666666,219.16041297773344,75
149,3,10,154.82666666666665,159.41034815182732,75
149,3,11,133.86666666666667,137.4948930891009,75
149,3,12,128.18666666666667,137.3103033154326,75
149,3,13,149.50666666666666,149.49578782539024,75
149,3,14,182.04,178.87107136579402,75
149,3,15,170.06666666666666,174.42542204230537,75
149,3,16,179.29333333333332,174.09658534085327,75
149,3,17,154.46666666666667,159.71166956570798,75
149,3,18,115.90666666666667,116.41467230822954,75
149,3,19,73.64,71.14679546046236,75
149,3,20,55.74666666666667,53.95279726089831,75
149,3,21,44.88,44.713071057884285,75
149,3,22,34.72,35.69610980754098,75
149,3,23,16.32,16.464601924471435,75
149,4,0,8.573333333333334,8.881552915478432,75
149,4,1,4.140845070422535,4.26529089903987,71
149,4,2,6.178082191780822,5.9565484374164335,73
149,4,3,12.72,11.497227852002155,75
149,4,4,34.906666666666666,33.61916937904594,75
149,4,5,108.6,111.14165322956336,75
149,4,6,188.34666666666666,179.33464304864123,75
149,4,7,350.04,332.13959529414007,75
149,4,8,331.12,331.22774549908974,75
149,4,9,201.48,203.97689041699164,75
149,4,10,156.46666666666667,159.99188482989615,75
149,4,11,139.38666666666666,141.8751191289392,75
149,4,12,143.69333333333333,141.6428535201781,75
149,4,13,159.06666666666666,155.47577661380072,75
149,4,14,196.70666666666668,189.32054495252368,75
149,4,15,186.66666666666666,179.24458715844352,75
149,4,16,178.90666666666667,177.16358818391507,75
149,4,17,167.4,165.51911166032443,75
149,4,18,135.52,128.45294759444928,75
149,4,19,90.33333333333333,87.52181855039744,75
149,4,20,68.17333333333333,67.37652038455089,75
149,4,21,56.81333333333333,56.27943257940753,75
149,4,22,44.25333333333333,45.178141279983656,75
149,4,23,24.186666666666667,22.506851574352883,75
149,5,0,13.853333333333333,13.195041845228204,75
149,5,1,6.561643835616438,7.106404388708231,73
149,5,2,6.486486486486487,7.056437788494935,74
149,5,3,9.0,8.512767624380439,73
149,5,4,17.386666666666667,17.227909413568888,75
149,5,5,45.653333333333336,45.09044695348495,75
149,5,6,74.37333333333333,76.78935436591448,75
149,5,7,100.17333333333333,99.3917867246696,75
149,5,8,130.56,128.32275984343187,75
149,5,9,139.81333333333333,139.03910942880927,75
149,5,10,136.04,131.95919953338185,75
149,5,11,145.30666666666667,140.7193755167241,75
149,5,12,147.13333333333333,141.6643115686051,75
149,5,13,156.14666666666668,153.96079769189473,75
149,5,14,159.46666666666667,159.3257164087964,75
149,5,15,144.76,142.53866077396287,75
149,5,16,124.64,128.33214052654296,75
149,5,17,115.70666666666666,122.49294970464219,75
149,5,18,97.08,100.2395564793007,75
149,5,19,75.54666666666667,75.58472971421757,75
149,5,20,58.666666666666664,55.08810990979986,75
149,5,21,51.4,52.11249267619618,75
149,5,22,38.10666666666667,38.65758550205418,75
149,5,23,25.30666666666667,24.816968778014772,75
149,6,0,13.293333333333333,13.416641931391252,75
149,6,1,7.527027027027027,7.378303848744631,74
149,6,2,7.202702702702703,7.459013115105231,74
149,6,3,7.1066666666666665,7.7737500282602925,75
149,6,4,10.333333333333334,10.350941369784438,75
149,6,5,35.906666666666666,35.505741841252444,75
149,6,6,63.413333333333334,63.16503864491247,75
149,6,7,71.41333333333333,70.49852912027845,75
149,6,8,99.4,96.53797297552599,75
149,6,9,118.22666666666667,116.81507754803613,75
149,6,10,121.18666666666667,117.95113003334531,75
149,6,11,124.45333333333333,124.28353665313317,75
149,6,12,127.13333333333334,125.5385106725329,75
149,6,13,131.94666666666666,129.9861816039573,75
149,6,14,137.26666666666668,141.29237725690305,75
149,6,15,122.64,118.72784803762025,75
149,6,16,95.13333333333334,98.39739385608861,75
149,6,17,93.64,96.57385910030875,75
149,6,18,69.56,70.16351614393723,75
149,6,19,48.48,48.494847951243784,75
149,6,20,35.82666666666667,36.57832239457525,75
149,6,21,31.56,34.10888661682393,75
149,6,22,29.573333333333334,29.177595076314105,75
149,6,23,15.04,15.136139187966155,75
150,0,0,5.493333333333333,5.903782876389295,75
150,0,1,3.6,3.4464425749401344,65
150,0,2,2.8656716417910446,2.704857867271755,67
150,0,3,6.386666666666667,6.0862083610245215,75
150,0,4,17.16,17.789406562805,75
150,0,5,51.2,50.84018444512717,75
150,0,6,96.78666666666666,97.66405696856725,75
150,0,7,199.92,204.6808313943345,75
150,0,8,208.73333333333332,215.9707919843514,75
150,0,9,125.88,129.258013741525,75
150,0,10,93.29333333333334,95.3830544284487,75
150,0,11,81.57333333333334,84.0739258164566,75
150,0,12,81.45333333333333,83.68286569830624,75
150,0,13,94.64,96.08933340099124,75
150,0,14,122.24,119.66376143781449,75
150,0,15,115.50666666666666,114.75887273586962,75
150,0,16,98.05333333333333,97.19665952651266,75
150,0,17,88.36,87.2168968186497,75
150,0,18,61.96,62.60760927571727,75
150,0,19,34.666666666666664,35.89918331346169,75
150,0,20,31.24,30.790562253747122,75
150,0,21,21.413333333333334,23.112451179881898,75
150,0,22,17.88,17.727417156937747,75
150,0,23,8.88,9.540720259377828,75
150,1,0,6.266666666666667,5.837481717952228,75
150,1,1,3.1159420289855073,3.2016991871176885,69
150,1,2,2.7777777777777777,2.6748145500502503,63
150,1,3,6.826666666666667,6.1690957693072335,75
150,1,4,19.32,18.530023630926408,75
150,1,5,55.36,56.2007146548656,75
150,1,6,114.41333333333333,111.46422910908781,75
150,1,7,230.04,232.87770874436828,75
150,1,8,250.69333333333333,254.5937279695582,75
150,1,9,146.21333333333334,143.62807023175736,75
150,1,10,101.0,100.5386539048186,75
150,1,11,84.61333333333333,89.42731210143116,75
150,1,12,84.05333333333333,88.15993850150421,75
150,1,13,94.68,98.67579061367165,75
150,1,14,139.26666666666668,135.33662557185883,75
150,1,15,116.45333333333333,117.34657627369585,75
150,1,16,106.01333333333334,101.47058808467942,75
150,1,17,94.14666666666666,91.24910703503461,75
150,1,18,68.72,69.54433279402957,75
150,1,19,37.68,37.98869028689911,75
150,1,20,32.32,32.128823022718635,75
150,1,21,23.906666666666666,24.157659743711577,75
150,1,22,20.12,19.090959824592062,75
150,1,23,8.346666666666666,10.31700305765956,75
150,2,0,5.868421052631579,5.983646951418175,76
150,2,1,2.8823529411764706,3.3055414093420867,68
150,2,2,2.9047619047619047,2.816174775323773,63
150,2,3,6.9324324324324325,6.169726483495536,74
150,2,4,19.0,18.52948210557706,76
150,2,5,56.13157894736842,55.7526769768995,76
150,2,6,110.1842105263158,110.39670307604445,76
150,2,7,231.27631578947367,231.1186478094634,76
150,2,8,253.97368421052633,253.03546356924332,76
150,2,9,148.23684210526315,142.4805101728121,76
150,2,10,100.67105263157895,99.4248500918194,76
150,2,11,86.92105263157895,89.98267037363638,76
150,2,12,87.82894736842105,89.67823630564064,76
150,2,13,91.46052631578948,95.74139829728233,76
150,2,14,132.52631578947367,134.54431847338367,76
150,2,15,115.35526315789474,117.4238658469183,76
150,2,16,99.03947368421052,100.37239094224246,76
150,2,17,95.26315789473684,91.45617973785477,76
150,2,18,69.72368421052632,70.40629896699808,76
150,2,19,39.44736842105263,39.65990117076836,76
150,2,20,32.69736842105263,32.457361613219796,76
150,2,21,27.82894736842105,28.23164172193647,76
150,2,22,18.276315789473685,18.65210619506501,76
150,2,23,10.31578947368421,10.971558995944411,76
150,3,0,6.22972972972973,6.0335288833357,74
150,3,1,3.6911764705882355,3.500480030969539,68
150,3,2,2.6769230769230767,2.9203356491502985,65
150,3,3,5.76056338028169,6.004320146032398,71
150,3,4,18.04,18.14477119875426,75
150,3,5,55.25333333333333,54.27993681275907,75
150,3,6,111.06666666666666,108.72925901260265,75
150,3,7,221.32,224.417089920369,75
150,3,8,235.14666666666668,246.14877444820948,75
150,3,9,141.69333333333333,139.86964961138204,75
150,3,10,97.86666666666666,98.56824356747462,75
150,3,11,89.37333333333333,88.9977299193575,75
150,3,12,87.57333333333334,89.46586753939665,75
150,3,13,95.32,98.76672843801182,75
150,3,14,132.94666666666666,133.49213714727173,75
150,3,15,111.6,116.31256406635661,75
150,3,16,106.38666666666667,103.53773559520783,75
150,3,17,98.25333333333333,90.48143498636205,75
150,3,18,70.72,70.19033696530191,75
150,3,19,39.86666666666667,39.9216690209846,75
150,3,20,31.373333333333335,31.86599759408205,75
150,3,21,25.893333333333334,27.15004455047432,75
150,3,22,20.706666666666667,19.84120476001576,75
150,3,23,11.626666666666667,11.641783422523256,75
150,4,0,6.0,6.070724254376069,75
150,4,1,3.028985507246377,3.3698600915477335,69
150,4,2,3.015625,3.0306673417610246,64
150,4,3,5.930555555555555,5.9682640714240565,72
150,4,4,17.786666666666665,17.653136006333376,75
150,4,5,52.36,51.690018633340706,75
150,4,6,102.0,98.41198481077494,75
150,4,7,207.52,206.08704240532964,75
150,4,8,203.18666666666667,197.39138529414052,75
150,4,9,125.68,133.00147980388414,75
150,4,10,96.37333333333333,99.01882356279529,75
150,4,11,88.93333333333334,91.86403342467047,75
150,4,12,98.21333333333334,97.12318684687058,75
150,4,13,102.25333333333333,101.25526964536519,75
150,4,14,139.16,135.6489316596082,75
150,4,15,125.46666666666667,122.87607272589206,75
150,4,16,104.92,104.07705537247656,75
150,4,17,103.25333333333333,101.67089632900286,75
150,4,18,83.0,82.03630085236922,75
150,4,19,51.72,50.071333556219635,75
150,4,20,42.46666666666667,42.08475101139946,75
150,4,21,29.666666666666668,29.29524624361845,75
150,4,22,26.533333333333335,25.636372493049098,75
150,4,23,15.76,13.901486198212382,75
150,5,0,8.175675675675675,8.28338654487771,74
150,5,1,5.486486486486487,4.857178181636413,74
150,5,2,3.7183098591549295,3.513104140306907,71
150,5,3,4.291666666666667,4.020596203401748,72
150,5,4,9.324324324324325,9.083712722075836,74
150,5,5,19.706666666666667,20.22377343807793,75
150,5,6,34.68,33.513030532591735,75
150,5,7,60.77333333333333,61.06485750507071,75
150,5,8,77.97333333333333,74.61105335854539,75
150,5,9,83.16,83.32128591521611,75
150,5,10,84.78666666666666,87.0346207936949,75
150,5,11,92.57333333333334,91.66010054626666,75
150,5,12,99.54054054054055,95.44742871104268,74
150,5,13,104.38666666666667,102.88536375090277,75
150,5,14,103.52,103.56127811082914,75
150,5,15,98.44,99.2707087485438,75
150,5,16,81.2,81.85193263839486,75
150,5,17,74.21333333333334,76.11090973518762,75
150,5,18,63.96,63.34395782175777,75
150,5,19,47.0,45.042539063005755,75
150,5,20,38.68,38.486371149279854,75
150,5,21,27.32,26.721672493292978,75
150,5,22,22.88,24.726250728457984,75
150,5,23,16.106666666666666,15.639301837004062,75
150,6,0,8.453333333333333,8.240288995096776,75
150,6,1,4.47945205479452,4.71664499157197,73
150,6,2,3.5972222222222223,3.515317386664199,72
150,6,3,3.6,3.6415915819753284,65
150,6,4,5.88,5.867534996782055,75
150,6,5,17.186666666666667,16.931161499290877,75
150,6,6,27.0,26.804418093752602,75
150,6,7,39.70666666666666,37.43130914626597,75
150,6,8,59.12,56.4297703766923,75
150,6,9,72.18666666666667,71.82575517334033,75
150,6,10,76.98666666666666,78.40365549992069,75
150,6,11,83.84,82.84132557159978,75
150,6,12,92.09333333333333,88.3954134004312,75
150,6,13,89.22666666666667,87.23085471615484,75
150,6,14,87.41333333333333,86.88690329165526,75
150,6,15,76.30666666666667,76.22559293735358,75
150,6,16,64.53333333333333,64.24567151831057,75
150,6,17,59.306666666666665,59.32599928157209,75
150,6,18,46.77333333333333,45.70504948888159,75
150,6,19,31.413333333333334,30.363824658487047,75
150,6,20,27.026666666666667,28.840253840966234,75
150,6,21,21.186666666666667,20.831400110401137,75
150,6,22,17.986666666666668,18.45327347251129,75
150,6,23,10.666666666666666,10.743993978715334,75
151,0,0,58.49333333333333,57.22668902448407,75
151,0,1,29.453333333333333,27.937720830224364,75
151,0,2,27.946666666666665,28.032325196296917,75
151,0,3,43.86666666666667,45.200987499685674,75
151,0,4,110.52,111.13336384887221,75
151,0,5,324.49333333333334,326.90919501359383,75
151,0,6,689.92,705.7129305095484,75
151,0,7,1412.96,1414.7386900626318,75
151,0,8,1625.6666666666667,1626.5042441871785,75
151,0,9,1041.6133333333332,1048.449201857947,75
151,0,10,731.3333333333334,753.7209917667301,75
151,0,11,667.92,676.9615726397847,75
151,0,12,705.2666666666667,764.5851717666072,75
151,0,13,812.7733333333333,783.1031816650803,75
151,0,14,902.2266666666667,910.2070420945652,75
151,0,15,1127.4933333333333,1090.6681935385934,75
151,0,16,1104.48,1060.2390489323495,75
151,0,17,1081.6133333333332,1048.3169271656488,75
151,0,18,876.4533333333334,838.1354812186387,75
151,0,19,566.76,568.2846332144521,75
151,0,20,429.0133333333333,413.40427951129334,75
151,0,21,275.50666666666666,271.62503583207996,75
151,0,22,215.61333333333334,216.9277390372486,75
151,0,23,119.72,118.78865851440797,75
151,1,0,57.026666666666664,58.44123309804475,75
151,1,1,28.36,29.054359833209066,75
151,1,2,31.986666666666668,32.64116090201417,75
151,1,3,49.38666666666666,47.342379356894156,75
151,1,4,129.32,129.5460016760951,75
151,1,5,362.6933333333333,365.64005279529624,75
151,1,6,787.0133333333333,789.5181478684451,75
151,1,7,1613.3866666666668,1616.1496864187409,75
151,1,8,1985.48,1976.7653129262799,75
151,1,9,1254.32,1270.40018625643,75
151,1,10,828.88,839.657857389116,75
151,1,11,747.4666666666667,750.1090207374044,75
151,1,12,787.0933333333334,842.8706564747631,75
151,1,13,824.76,870.825220995411,75
151,1,14,948.6133333333333,987.6743926819249,75
151,1,15,1215.4533333333334,1203.2695882676244,75
151,1,16,1212.6133333333332,1168.1134551425869,75
151,1,17,1217.8133333333333,1165.9747579727255,75
151,1,18,974.92,980.2770956916011,75
151,1,19,645.7866666666666,683.3368291846922,75
151,1,20,476.9066666666667,465.1823443613805,75
151,1,21,300.44,313.2974573559718,75
151,1,22,229.05333333333334,244.03339718378177,75
151,1,23,122.46666666666667,124.559083643384,75
151,2,0,62.973684210526315,65.4317268967027,76
151,2,1,31.894736842105264,32.917566341335466,76
151,2,2,36.6578947368421,35.45600585755337,76
151,2,3,49.81578947368421,48.9386194379733,76
151,2,4,129.17105263157896,129.3181155046432,76
151,2,5,356.6842105263158,361.92582944778314,76
151,2,6,791.6973684210526,782.2998871748248,76
151,2,7,1599.8815789473683,1605.8590141118777,76
151,2,8,1966.0657894736842,1960.051530709915,76
151,2,9,1263.8157894736842,1257.9677777602394,76
151,2,10,824.6447368421053,835.9731608097106,76
151,2,11,755.2236842105264,761.1932907980969,76
151,2,12,808.6842105263158,841.414971160842,76
151,2,13,889.3421052631579,868.9015830699615,76
151,2,14,981.9342105263158,988.3878535958569,76
151,2,15,1205.3026315789473,1193.9316657459526,76
151,2,16,1186.6315789473683,1157.3882054506037,76
151,2,17,1194.8815789473683,1152.1010178341119,76
151,2,18,1183.1184210526317,992.1536440362223,76
151,2,19,682.7894736842105,678.8172493806609,76
151,2,20,474.2368421052632,468.93239444769057,76
151,2,21,321.0394736842105,314.40347400405705,76
151,2,22,239.25,245.84129554221565,76
151,2,23,124.15789473684211,132.0429005601708,76
151,3,0,64.62666666666667,66.84008093243972,75
151,3,1,33.44,33.314614520015205,75
151,3,2,35.46666666666667,35.19098940500087,75
151,3,3,49.77333333333333,47.79867827327393,75
151,3,4,126.8,128.78612983565355,75
151,3,5,341.50666666666666,355.8507660969707,75
151,3,6,746.72,763.5813466164618,75
151,3,7,1529.48,1556.5263653539166,75
151,3,8,1869.6533333333334,1882.6895593297963,75
151,3,9,1231.9466666666667,1230.8330229667959,75
151,3,10,827.28,822.9183111762491,75
151,3,11,766.16,758.5261942294161,75
151,3,12,817.1066666666667,828.741558524157,75
151,3,13,841.1733333333333,857.7571724399888,75
151,3,14,967.0533333333333,981.3162253281164,75
151,3,15,1210.2133333333334,1179.1339977745436,75
151,3,16,1202.9066666666668,1142.942283149829,75
151,3,17,1202.3866666666668,1138.5679740691326,75
151,3,18,979.7066666666667,963.0836730736605,75
151,3,19,656.52,670.790365664909,75
151,3,20,477.73333333333335,467.54724632902224,75
151,3,21,329.73333333333335,330.17261654743515,75
151,3,22,249.45333333333335,255.15927044789254,75
151,3,23,132.52,142.8868616000919,75
151,4,0,69.54666666666667,70.13365748252542,75
151,4,1,34.45333333333333,34.56053790796019,75
151,4,2,30.986666666666668,29.804333775850992,75
151,4,3,50.72,47.29121552523358,75
151,4,4,125.06666666666666,118.09696181580021,75
151,4,5,323.1333333333333,320.4985517021487,75
151,4,6,714.5466666666666,712.8002594080003,75
151,4,7,1384.9866666666667,1386.8789985889985,75
151,4,8,1523.36,1524.756876215338,75
151,4,9,1036.9733333333334,1042.3910422250908,75
151,4,10,785.04,833.0804124014971,75
151,4,11,753.68,778.7571855920432,75
151,4,12,786.4933333333333,840.8269876239075,75
151,4,13,858.6933333333334,872.0986730884289,75
151,4,14,1011.0933333333334,998.4476875336682,75
151,4,15,1184.4533333333334,1187.4763463161262,75
151,4,16,1071.8133333333333,1146.3956719410191,75
151,4,17,1059.4266666666667,1142.7553561648367,75
151,4,18,879.28,958.1838477440186,75
151,4,19,616.24,658.8784627156621,75
151,4,20,459.72,474.3897932458423,75
151,4,21,367.61333333333334,369.5609517289347,75
151,4,22,302.4266666666667,273.1909792869753,75
151,4,23,181.89333333333335,175.15913496065022,75
151,5,0,97.6,95.9898356844961,75
151,5,1,49.70666666666666,50.490838720815255,75
151,5,2,36.689189189189186,39.083805243602406,74
151,5,3,39.44,40.50385780264997,75
151,5,4,76.25333333333333,78.8937807295797,75
151,5,5,153.24,154.17286810891417,75
151,5,6,315.6533333333333,309.18440294669193,75
151,5,7,448.81333333333333,447.0534117292306,75
151,5,8,612.1733333333333,612.6961448665085,75
151,5,9,709.92,714.8618267562694,75
151,5,10,731.12,735.604918681252,75
151,5,11,791.7066666666667,775.2475957776022,75
151,5,12,849.2266666666667,818.4746404975759,75
151,5,13,864.8533333333334,822.5692387601998,75
151,5,14,848.7733333333333,824.7324172212792,75
151,5,15,799.96,816.5084952576709,75
151,5,16,715.6266666666667,737.5709363823473,75
151,5,17,671.52,698.2053080889145,75
151,5,18,619.4266666666666,638.3929045142196,75
151,5,19,485.14666666666665,493.2603262943219,75
151,5,20,368.04,390.5389642170097,75
151,5,21,318.3466666666667,328.4546319624455,75
151,5,22,270.62666666666667,255.39943580384337,75
151,5,23,181.06666666666666,179.0102234005694,75
151,6,0,98.82666666666667,99.19378065821633,75
151,6,1,51.54666666666667,50.817224347533234,75
151,6,2,35.810810810810814,38.12048227106669,74
151,6,3,39.77333333333333,39.62708765884991,75
151,6,4,58.89333333333333,62.65629659695669,75
151,6,5,132.86666666666667,132.72175087328776,75
151,6,6,244.53333333333333,245.4553529061801,75
151,6,7,335.3066666666667,336.3468305403689,75
151,6,8,467.32,469.18746187727595,75
151,6,9,586.52,587.1887279041266,75
151,6,10,646.64,658.3633190009791,75
151,6,11,700.76,693.0507451127716,75
151,6,12,744.36,692.8309538931861,75
151,6,13,728.2933333333333,689.8095530837751,75
151,6,14,723.9733333333334,687.9632987948786,75
151,6,15,621.3066666666666,651.8977254724506,75
151,6,16,527.6933333333334,550.563812340737,75
151,6,17,482.8933333333333,489.45184163787025,75
151,6,18,416.0,422.19792787018963,75
151,6,19,327.17333333333335,336.2116428246509,75
151,6,20,249.88,265.1802589030855,75
151,6,21,225.58666666666667,223.2184973059278,75
151,6,22,193.74666666666667,190.51212306951328,75
151,6,23,115.4,111.20524942886611,75
152,0,0,12.246575342465754,11.64320123135058,73
152,0,1,6.082191780821918,6.382223619820129,73
152,0,2,4.763888888888889,5.131309973303956,72
152,0,3,7.383561643835616,6.788796313888005,73
152,0,4,13.513513513513514,11.959668389110316,74
152,0,5,30.76,31.439771489781553,75
152,0,6,110.05333333333333,109.42212119930072,75
152,0,7,311.58666666666664,306.6579141988355,75
152,0,8,380.5466666666667,381.7807376490965,75
152,0,9,229.37333333333333,228.56501164034117,75
152,0,10,165.10666666666665,162.2290729626688,75
152,0,11,160.09333333333333,161.75065728060065,75
152,0,12,196.24,200.2598592124923,75
152,0,13,214.65333333333334,206.72835742483753,75
152,0,14,333.88,333.2783881162519,75
152,0,15,330.4533333333333,323.53688662935383,75
152,0,16,354.7866666666667,349.5771239440356,75
152,0,17,323.62666666666667,311.4383626367193,75
152,0,18,235.08,227.59822743213294,75
152,0,19,143.08,147.22115072737247,75
152,0,20,88.92,89.36127503899188,75
152,0,21,48.72,48.88549901101787,75
152,0,22,36.2,37.15777700314718,75
152,0,23,20.8,20.13711524995739,75
152,1,0,13.054054054054054,11.647931756415419,74
152,1,1,6.77027027027027,6.486403352320019,74
152,1,2,4.902777777777778,5.232221741763618,72
152,1,3,7.8133333333333335,6.886677927264478,75
152,1,4,11.533333333333333,11.869071258065617,75
152,1,5,36.42666666666667,35.31815857935705,75
152,1,6,126.82666666666667,126.92227417543644,75
152,1,7,365.53333333333336,341.77051136282984,75
152,1,8,466.6933333333333,459.8334491723931,75
152,1,9,280.52,273.59430517765713,75
152,1,10,189.65333333333334,188.32232710700646,75
152,1,11,184.8,186.7738329977094,75
152,1,12,225.53333333333333,226.11617056507356,75
152,1,13,220.50666666666666,224.76769940479318,75
152,1,14,348.9866666666667,356.51382361626105,75
152,1,15,372.36,355.0457620309768,75
152,1,16,374.48,366.1702890968831,75
152,1,17,370.88,342.30899364408947,75
152,1,18,270.88,241.41345890660935,75
152,1,19,169.48,158.38391984900935,75
152,1,20,108.61333333333333,103.8512535332552,75
152,1,21,52.85333333333333,52.291722255888914,75
152,1,22,40.21333333333333,39.61553920025668,75
152,1,23,21.586666666666666,20.45698007322242,75
152,2,0,12.693333333333333,12.130608770691875,75
152,2,1,6.786666666666667,6.974090435914122,75
152,2,2,6.066666666666666,5.541405656127222,75
152,2,3,8.986666666666666,7.2220350656101,75
152,2,4,11.263157894736842,11.865177177776516,76
152,2,5,36.223684210526315,34.74736611928138,76
152,2,6,128.73684210526315,125.36959363720966,76
152,2,7,364.63157894736844,338.8028083186187,76
152,2,8,467.9868421052632,455.5558346841493,76
152,2,9,279.0263157894737,270.7603138542475,76
152,2,10,194.23684210526315,188.00320679669625,76
152,2,11,186.0921052631579,188.8151140612878,76
152,2,12,230.14473684210526,226.49978368381193,76
152,2,13,238.26315789473685,225.11586899245057,76
152,2,14,360.7631578947368,356.387432540135,76
152,2,15,373.1842105263158,353.60295315459337,76
152,2,16,383.2763157894737,365.40634322408727,76
152,2,17,352.9078947368421,341.0797575341688,76
152,2,18,265.9342105263158,239.2806241393057,76
152,2,19,170.71052631578948,158.76186048069516,76
152,2,20,105.35526315789474,103.19771816784828,76
152,2,21,59.85526315789474,55.99967121357774,76
152,2,22,41.473684210526315,41.39358176481928,76
152,2,23,23.394736842105264,22.55721992988116,76
152,3,0,12.864864864864865,12.15135700813758,74
152,3,1,7.216216216216216,6.970654111311731,74
152,3,2,5.4520547945205475,5.4996684269499045,73
152,3,3,7.266666666666667,6.916435731221563,75
152,3,4,12.306666666666667,11.916454243180992,75
152,3,5,33.42666666666667,32.93404327197359,75
152,3,6,117.78666666666666,120.3106702625686,75
152,3,7,344.3066666666667,332.2891668415488,75
152,3,8,434.32,444.6185493313453,75
152,3,9,272.58666666666664,265.429373024658,75
152,3,10,188.44,182.09195396588473,75
152,3,11,183.33333333333334,184.44944941030386,75
152,3,12,227.28,220.77351016925905,75
152,3,13,212.65333333333334,222.59666615317283,75
152,3,14,360.92,354.12112602432046,75
152,3,15,363.36,347.5710649576866,75
152,3,16,379.97333333333336,362.0944803436073,75
152,3,17,373.62666666666667,336.77641105979524,75
152,3,18,280.25333333333333,240.46911260284318,75
152,3,19,170.96,159.70142400689593,75
152,3,20,109.05333333333333,102.08095890089618,75
152,3,21,62.666666666666664,61.04141785913276,75
152,3,22,46.04,41.56553733894143,75
152,3,23,25.12,23.839492526783808,75
152,4,0,12.666666666666666,12.988542919647566,75
152,4,1,7.042857142857143,6.972186597471843,70
152,4,2,5.388888888888889,5.5932337064408255,72
152,4,3,6.972222222222222,7.287543778868315,72
152,4,4,9.786666666666667,11.630621379532307,75
152,4,5,30.493333333333332,32.43971947807821,75
152,4,6,105.61333333333333,106.4489482060337,75
152,4,7,301.94666666666666,299.3817517419373,75
152,4,8,346.28,346.4999821990134,75
152,4,9,233.0,239.53880033859846,75
152,4,10,182.84,178.66069507507822,75
152,4,11,196.22666666666666,186.61405858700238,75
152,4,12,219.53333333333333,221.43203693484335,75
152,4,13,249.18666666666667,237.54529632796724,75
152,4,14,375.25333333333333,353.05520759383217,75
152,4,15,317.8666666666667,331.84211312107936,75
152,4,16,326.93333333333334,347.46555947998655,75
152,4,17,315.0933333333333,323.38726941025163,75
152,4,18,241.0,247.2160519351718,75
152,4,19,151.56,159.82009431736697,75
152,4,20,106.72,106.80109174075938,75
152,4,21,75.65333333333334,73.98374840276182,75
152,4,22,51.46666666666667,50.828125608661786,75
152,4,23,34.4,32.441472461430905,75
152,5,0,21.054054054054053,20.77306787865844,74
152,5,1,9.054054054054054,9.29316441382903,74
152,5,2,7.383561643835616,6.936496184204438,73
152,5,3,7.391891891891892,8.012126846113551,74
152,5,4,8.416666666666666,8.434898700565203,72
152,5,5,12.662162162162161,12.350568062022603,74
152,5,6,28.65753424657534,28.48322873972439,73
152,5,7,58.19178082191781,56.77304378668528,73
152,5,8,102.8108108108108,103.32238659441641,74
152,5,9,117.01351351351352,117.71475253002886,74
152,5,10,122.49333333333334,124.92172310927221,75
152,5,11,150.59459459459458,147.13450778335832,74
152,5,12,166.02702702702703,160.59186064336663,74
152,5,13,168.97297297297297,165.8982372604983,74
152,5,14,157.06666666666666,156.76867081992012,75
152,5,15,151.37333333333333,151.70075248433844,75
152,5,16,151.5810810810811,155.41860627305292,74
152,5,17,136.23287671232876,137.28047672212688,73
152,5,18,120.78666666666666,119.60209865031308,75
152,5,19,93.90666666666667,100.9088243889912,75
152,5,20,70.56756756756756,72.29835327427763,74
152,5,21,52.413333333333334,53.22674958301057,75
152,5,22,42.08,44.70954757785271,75
152,5,23,32.136986301369866,31.029065873260947,73
152,6,0,18.561643835616437,19.51121841376789,73
152,6,1,9.794520547945206,9.505785436929742,73
152,6,2,7.397260273972603,7.171641443117107,73
152,6,3,6.931506849315069,7.9998401761320235,73
152,6,4,9.808219178082192,9.169670973324457,73
152,6,5,11.324324324324325,11.617377054450003,74
152,6,6,23.78082191780822,24.33872728212576,73
152,6,7,38.68493150684932,38.13950434750452,73
152,6,8,65.79452054794521,66.09214632175346,73
152,6,9,92.85135135135135,93.57514991665728,74
152,6,10,110.0,110.03863366252253,74
152,6,11,121.12162162162163,123.84406793337897,74
152,6,12,152.66666666666666,151.1603351606741,75
152,6,13,151.12328767123287,150.10298825179564,73
152,6,14,133.02702702702703,130.0697440255076,74
152,6,15,115.64864864864865,115.14645239069867,74
152,6,16,106.26027397260275,108.73085962849268,73
152,6,17,95.04109589041096,96.63249821053928,73
152,6,18,78.25675675675676,81.85360361468018,74
152,6,19,59.49315068493151,62.63570593102573,73
152,6,20,47.821917808219176,48.61156687544161,73
152,6,21,34.26027397260274,34.662200946839945,73
152,6,22,30.232876712328768,30.40066316360909,73
152,6,23,17.71232876712329,17.966018194937558,73
153,0,0,127.52,125.57451471154586,75
153,0,1,53.44,48.995702263388985,75
153,0,2,33.61333333333334,33.433151586335114,75
153,0,3,36.12,36.83157743425377,75
153,0,4,73.76,74.405193594393,75
153,0,5,209.76,219.33604017619015,75
153,0,6,550.6,570.3471463545515,75
153,0,7,1173.7866666666666,1187.125017015506,75
153,0,8,1649.8533333333332,1643.286653604808,75
153,0,9,1066.3466666666666,1054.653746636909,75
153,0,10,790.9333333333333,777.8105930819638,75
153,0,11,776.92,789.9789044207913,75
153,0,12,819.6133333333333,852.7297825564353,75
153,0,13,898.28,911.318927072289,75
153,0,14,1134.8266666666666,1117.6028346166895,75
153,0,15,1409.9466666666667,1386.1701279043057,75
153,0,16,1642.9866666666667,1607.2335829422784,75
153,0,17,1735.48,1685.5768633400057,75
153,0,18,1199.9066666666668,1192.0561935457001,75
153,0,19,828.6,818.0349840880675,75
153,0,20,604.9466666666667,605.177019008164,75
153,0,21,442.68,443.3792363657735,75
153,0,22,367.06666666666666,360.4411903888599,75
153,0,23,216.34666666666666,211.8039752272633,75
153,1,0,127.88,126.02457298879689,75
153,1,1,50.2,49.01123833099081,75
153,1,2,35.693333333333335,35.12688040579249,75
153,1,3,41.22666666666667,40.437693894063045,75
153,1,4,85.73333333333333,83.46749520477817,75
153,1,5,239.66666666666666,242.75253820808163,75
153,1,6,646.4666666666667,644.5002744058164,75
153,1,7,1362.6533333333334,1355.5431559943545,75
153,1,8,2000.3066666666666,1986.6461668344684,75
153,1,9,1297.52,1286.8980646856896,75
153,1,10,884.4,878.642810734119,75
153,1,11,847.64,880.648933222095,75
153,1,12,874.0266666666666,903.5705408108595,75
153,1,13,964.8533333333334,996.1231947257044,75
153,1,14,1209.2266666666667,1247.5494178665788,75
153,1,15,1522.76,1527.1203213502056,75
153,1,16,1791.9066666666668,1773.4847901282878,75
153,1,17,1946.1333333333334,1890.2213724293786,75
153,1,18,1380.3466666666666,1380.0751497033805,75
153,1,19,934.36,976.6680141873256,75
153,1,20,690.84,726.0548860983118,75
153,1,21,500.3333333333333,523.2052617441569,75
153,1,22,391.5466666666667,399.62912859349944,75
153,1,23,230.21333333333334,259.8204954282039,75
153,2,0,130.30263157894737,130.15682517929037,76
153,2,1,53.18421052631579,52.43685841431437,76
153,2,2,40.55263157894737,38.393147907830084,76
153,2,3,43.223684210526315,41.83735797821312,76
153,2,4,88.76315789473684,83.60961412391275,76
153,2,5,240.22368421052633,240.5836979986548,76
153,2,6,644.921052631579,638.8466341881671,76
153,2,7,1383.3026315789473,1375.9959804088207,76
153,2,8,1997.8815789473683,1990.766446233225,76
153,2,9,1294.657894736842,1284.3565513014844,76
153,2,10,875.7631578947369,873.4429855426712,76
153,2,11,853.8157894736842,879.4671673999294,76
153,2,12,903.6842105263158,912.5419333815145,76
153,2,13,994.9868421052631,1008.1126981471423,76
153,2,14,1247.171052631579,1247.470150444923,76
153,2,15,1520.657894736842,1517.4936262328426,76
153,2,16,1791.1447368421052,1760.8357009752742,76
153,2,17,1938.1052631578948,1868.2853505967876,76
153,2,18,1383.9736842105262,1373.8562265092482,76
153,2,19,945.7894736842105,973.9870185757114,76
153,2,20,699.6315789473684,724.8452851207796,76
153,2,21,572.3157894736842,540.4107641235628,76
153,2,22,404.2894736842105,405.9052321215789,76
153,2,23,238.1578947368421,263.7276511776284,76
153,3,0,134.66666666666666,132.59721455410025,75
153,3,1,56.89333333333333,53.67753237301954,75
153,3,2,42.61333333333334,39.837508933684475,75
153,3,3,44.14666666666667,42.60567224635322,75
153,3,4,87.13333333333334,83.04951210036297,75
153,3,5,238.53333333333333,236.67788863740532,75
153,3,6,601.32,620.6692580715276,75
153,3,7,1303.16,1301.824229721507,75
153,3,8,1865.8666666666666,1874.261447375823,75
153,3,9,1248.4133333333334,1243.332896506546,75
153,3,10,890.72,861.541067217688,75
153,3,11,866.6266666666667,868.8570866411775,75
153,3,12,904.4533333333334,904.3373417531819,75
153,3,13,971.32,1000.6915410146623,75
153,3,14,1229.5333333333333,1238.231438180347,75
153,3,15,1524.48,1499.1950743754874,75
153,3,16,1777.68,1735.7077337992487,75
153,3,17,1913.16,1841.7247668106993,75
153,3,18,1391.5733333333333,1361.8757109350372,75
153,3,19,984.8133333333334,967.8907970550249,75
153,3,20,707.7466666666667,721.8946381639932,75
153,3,21,516.1066666666667,546.5610858442463,75
153,3,22,417.4,435.61980638873086,75
153,3,23,255.32,274.50938532386954,75
153,4,0,142.89333333333335,141.99287107102884,75
153,4,1,61.68,60.733437774105184,75
153,4,2,43.4,42.87250021315067,75
153,4,3,47.586666666666666,43.57672038148421,75
153,4,4,81.81333333333333,80.75037076157807,75
153,4,5,222.05333333333334,219.03166266576198,75
153,4,6,581.6666666666666,561.7381393402552,75
153,4,7,1182.28,1174.7357475356062,75
153,4,8,1498.68,1499.6940110330402,75
153,4,9,1062.8266666666666,1056.1076044341228,75
153,4,10,850.9333333333333,875.5777989115988,75
153,4,11,875.6533333333333,883.6033860161839,75
153,4,12,946.6,918.86415425359,75
153,4,13,1041.6533333333334,1046.5231235282822,75
153,4,14,1285.2933333333333,1258.3201647550718,75
153,4,15,1540.9333333333334,1523.6116916311332,75
153,4,16,1727.9466666666667,1712.391799495123,75
153,4,17,1789.76,1818.5507228578506,75
153,4,18,1393.1733333333334,1377.9583522580883,75
153,4,19,1020.0,978.303648375622,75
153,4,20,746.2266666666667,731.9574521198095,75
153,4,21,595.6133333333333,571.0394329814669,75
153,4,22,495.41333333333336,460.97089280983926,75
153,4,23,320.44,293.03453883975124,75
153,5,0,201.17333333333335,203.91032060289803,75
153,5,1,88.66666666666667,100.60370349632186,75
153,5,2,59.0,60.2409897143592,75
153,5,3,42.310810810810814,43.88298060614024,74
153,5,4,56.08108108108108,55.76501054964104,74
153,5,5,102.02666666666667,103.25772752415978,75
153,5,6,241.94666666666666,236.66697487013874,75
153,5,7,361.61333333333334,354.00332395266855,75
153,5,8,531.8533333333334,528.6585108373339,75
153,5,9,671.8,658.8061888019038,75
153,5,10,760.24,755.6975389224622,75
153,5,11,880.04,869.4369658287171,75
153,5,12,972.8666666666667,949.5636429472245,75
153,5,13,1032.3333333333333,986.1843188536274,75
153,5,14,1025.64,1006.1847528245347,75
153,5,15,1054.8666666666666,1070.2280564399296,75
153,5,16,1022.4266666666666,1015.3122801114524,75
153,5,17,987.4666666666667,993.722827595006,75
153,5,18,951.44,961.0590221515938,75
153,5,19,796.84,837.6599075387877,75
153,5,20,633.3866666666667,625.5730313664419,75
153,5,21,509.0933333333333,502.1938974858486,75
153,5,22,418.06666666666666,407.55140006646195,75
153,5,23,307.29333333333335,300.6423748384111,75
153,6,0,193.26666666666668,186.58709960879682,75
153,6,1,88.89333333333333,99.68603509092759,75
153,6,2,58.648648648648646,59.56202948889982,74
153,6,3,39.42666666666667,41.102979449775916,75
153,6,4,51.36,50.88292204532166,75
153,6,5,81.96,80.01141501461719,75
153,6,6,174.22666666666666,170.30195527547647,75
153,6,7,275.8933333333333,272.04693058239184,75
153,6,8,384.76,381.88667446491144,75
153,6,9,507.81333333333333,506.3519024167146,75
153,6,10,632.5733333333334,652.7661269021538,75
153,6,11,875.84,884.9759210417784,75
153,6,12,961.9466666666667,924.5565458149946,75
153,6,13,979.8266666666667,924.1496911391293,75
153,6,14,934.2533333333333,906.2546953399518,75
153,6,15,863.8133333333334,864.9044419338264,75
153,6,16,827.5333333333333,821.0761710091354,75
153,6,17,772.5066666666667,784.6547270251451,75
153,6,18,721.12,756.2871711627579,75
153,6,19,541.9466666666667,556.5718550283477,75
153,6,20,427.93333333333334,426.7043576194557,75
153,6,21,354.0,346.02072853460464,75
153,6,22,312.5733333333333,300.403855162471,75
153,6,23,195.09333333333333,186.52954988129082,75
154,0,0,15.08108108108108,17.77703094061531,74
154,0,1,7.6891891891891895,8.320739965146847,74
154,0,2,5.763888888888889,5.336955958432576,72
154,0,3,6.260273972602739,6.039588803744935,73
154,0,4,10.405405405405405,10.372809221701214,74
154,0,5,35.346666666666664,38.11202028259306,75
154,0,6,139.41333333333333,137.14015576844972,75
154,0,7,406.26666666666665,409.1860647052113,75
154,0,8,516.4133333333333,522.9878808304014,75
154,0,9,327.8,321.94430815410453,75
154,0,10,220.90666666666667,223.24118017642576,75
154,0,11,204.93333333333334,206.5577011411859,75
154,0,12,206.85333333333332,209.87961438967324,75
154,0,13,228.8,229.98995353448825,75
154,0,14,271.61333333333334,261.40730996462736,75
154,0,15,303.52,304.68646751082434,75
154,0,16,302.41333333333336,305.5902159205718,75
154,0,17,336.44,320.85260640623636,75
154,0,18,268.25333333333333,263.20250224662084,75
154,0,19,172.06666666666666,175.53917194441607,75
154,0,20,114.89333333333333,117.86741302399292,75
154,0,21,84.12,83.70353494864615,75
154,0,22,68.34666666666666,69.06238785679841,75
154,0,23,42.333333333333336,41.49950768662865,75
154,1,0,18.346666666666668,18.168344215926805,75
154,1,1,7.76,8.287718592450062,75
154,1,2,5.712328767123288,5.304809592930981,73
154,1,3,6.635135135135135,6.0242229957117495,74
154,1,4,9.6,10.61636550403855,75
154,1,5,42.53333333333333,42.19838707150564,75
154,1,6,165.17333333333335,157.48499115918645,75
154,1,7,488.6666666666667,491.46783539115944,75
154,1,8,647.9066666666666,636.8471493087201,75
154,1,9,410.84,405.3396894423846,75
154,1,10,250.02666666666667,245.52257920097404,75
154,1,11,221.18666666666667,236.02658122562613,75
154,1,12,224.06666666666666,241.00842519428954,75
154,1,13,239.69333333333333,248.86863790691456,75
154,1,14,284.06666666666666,288.4353662813923,75
154,1,15,333.72,333.4902384154089,75
154,1,16,327.25333333333333,331.881715235623,75
154,1,17,370.74666666666667,365.4731657944905,75
154,1,18,301.41333333333336,305.8454475202659,75
154,1,19,190.58666666666667,198.66051644902402,75
154,1,20,131.65333333333334,130.91039536419598,75
154,1,21,100.16,95.2242010209885,75
154,1,22,67.21333333333334,73.14802197062605,75
154,1,23,41.12,42.5376546300246,75
154,2,0,18.76,19.454377129270522,75
154,2,1,8.236842105263158,8.927910337286317,76
154,2,2,5.276315789473684,5.856864317745273,76
154,2,3,6.1066666666666665,6.172202932600359,75
154,2,4,11.586666666666666,11.07932399291455,75
154,2,5,45.81578947368421,42.84120265277734,76
154,2,6,167.02631578947367,155.76181034475573,76
154,2,7,475.4078947368421,489.5858111289638,76
154,2,8,657.2631578947369,632.7040184242578,76
154,2,9,416.60526315789474,400.278257545329,76
154,2,10,253.8684210526316,244.43476249511627,76
154,2,11,232.52631578947367,235.02308912473598,76
154,2,12,245.47368421052633,240.89197321113113,76
154,2,13,257.6578947368421,251.10035453674382,76
154,2,14,289.3421052631579,288.8038114065231,76
154,2,15,332.0921052631579,331.9041620224521,76
154,2,16,327.4736842105263,329.6405638641551,76
154,2,17,361.7368421052632,362.62738184557566,76
154,2,18,320.9605263157895,309.20280871042723,76
154,2,19,199.92105263157896,199.4749473499826,76
154,2,20,135.85526315789474,137.13117674090213,76
154,2,21,99.34210526315789,97.8786483117312,76
154,2,22,73.86842105263158,75.6610275374465,76
154,2,23,42.96052631578947,44.56955278542946,76
154,3,0,19.72,19.966184335348114,75
154,3,1,8.466666666666667,8.972812727812688,75
154,3,2,6.5,5.994149708420131,74
154,3,3,7.2465753424657535,6.526577424132545,73
154,3,4,11.706666666666667,11.036923200890188,75
154,3,5,44.93333333333333,42.3190551627465,75
154,3,6,154.52,153.2963149823329,75
154,3,7,467.37333333333333,477.6914629903972,75
154,3,8,610.6666666666666,615.8880286746194,75
154,3,9,397.1066666666667,390.74769989585343,75
154,3,10,250.37333333333333,243.41102536714882,75
154,3,11,228.70666666666668,235.06946285129263,75
154,3,12,229.13333333333333,240.07132782301525,75
154,3,13,240.38666666666666,248.6387051975764,75
154,3,14,287.81333333333333,289.05757352174646,75
154,3,15,336.1333333333333,336.417800794538,75
154,3,16,339.02666666666664,333.25747375797584,75
154,3,17,379.4533333333333,366.1140553189012,75
154,3,18,309.53333333333336,308.0099643437908,75
154,3,19,214.14666666666668,217.00342503784572,75
154,3,20,146.44,141.6252097067066,75
154,3,21,105.22666666666667,102.74733689686921,75
154,3,22,81.12,84.69335482749769,75
154,3,23,48.45333333333333,48.14710264403449,75
154,4,0,21.493333333333332,22.234585941668787,75
154,4,1,10.094594594594595,10.422517227240313,74
154,4,2,5.783783783783784,5.9141117349959735,74
154,4,3,6.055555555555555,6.2726051337260635,72
154,4,4,11.797297297297296,11.162794682568197,74
154,4,5,40.56,41.4133253546159,75
154,4,6,135.72,137.55316455436727,75
154,4,7,405.94666666666666,402.3426402923497,75
154,4,8,469.70666666666665,470.33115943257087,75
154,4,9,323.28,332.9605011713874,75
154,4,10,239.84,247.85900932396083,75
154,4,11,241.85333333333332,245.21655670078437,75
154,4,12,255.96,247.69540167413987,75
154,4,13,263.0933333333333,252.47385347592194,75
154,4,14,317.97333333333336,296.1733335549805,75
154,4,15,351.8,347.8710044536041,75
154,4,16,364.36,347.23603189705403,75
154,4,17,404.6,375.45941514674206,75
154,4,18,368.81333333333333,330.843186126552,75
154,4,19,251.05333333333334,230.583531524631,75
154,4,20,178.57333333333332,164.78718283779472,75
154,4,21,131.33333333333334,127.23582719953883,75
154,4,22,103.28,102.59396508946723,75
154,4,23,70.69333333333333,68.95090685766458,75
154,5,0,37.770270270270274,34.62128648305173,74
154,5,1,16.98611111111111,16.69674780657031,72
154,5,2,8.180555555555555,8.600132227694544,72
154,5,3,6.069444444444445,6.779684306407585,72
154,5,4,8.794520547945206,8.688552818295864,73
154,5,5,16.027397260273972,15.771057853510014,73
154,5,6,37.4054054054054,38.004176692794516,74
154,5,7,71.98648648648648,71.86975554805306,74
154,5,8,117.0,114.79770048873756,74
154,5,9,164.58904109589042,167.5821474581552,73
154,5,10,195.64383561643837,232.74882774605442,73
154,5,11,221.58904109589042,240.5184463074503,73
154,5,12,237.3108108108108,242.73014311034194,74
154,5,13,251.90540540540542,258.77770382117507,74
154,5,14,236.3108108108108,242.78012676660737,74
154,5,15,233.74324324324326,236.28867305145252,74
154,5,16,222.86486486486487,228.67683918039882,74
154,5,17,219.78666666666666,225.06657449647014,75
154,5,18,216.42666666666668,233.98199839243796,75
154,5,19,177.98648648648648,178.8603834629065,74
154,5,20,135.3108108108108,141.68507481427307,74
154,5,21,105.17333333333333,107.00249020773813,75
154,5,22,94.94594594594595,97.45634022971838,74
154,5,23,68.97260273972603,66.93104266750694,73
154,6,0,33.58108108108108,34.012500331016575,74
154,6,1,18.36986301369863,17.155866978617293,73
154,6,2,8.875,8.610329185008,72
154,6,3,7.175675675675675,6.7941844720376485,74
154,6,4,8.67123287671233,8.677133615211657,73
154,6,5,13.36986301369863,13.666171076335248,73
154,6,6,32.82432432432432,34.772801390615385,74
154,6,7,54.67123287671233,54.981190133394655,73
154,6,8,84.74324324324324,85.05625100062758,74
154,6,9,132.9041095890411,135.78677330949708,73
154,6,10,173.41095890410958,179.86098985376393,73
154,6,11,220.56756756756758,220.45778959634475,74
154,6,12,270.1216216216216,257.68368450203917,74
154,6,13,234.71621621621622,235.0826627385255,74
154,6,14,219.3835616438356,227.84647862661515,73
154,6,15,183.45945945945945,185.39591043540867,74
154,6,16,176.58666666666667,181.45515010365486,75
154,6,17,168.16,170.05936704235384,75
154,6,18,150.8783783783784,157.83466541642994,74
154,6,19,113.70270270270271,116.50652475229637,74
154,6,20,90.86666666666666,93.42096031813844,75
154,6,21,73.93333333333334,74.05090592476634,75
154,6,22,55.95945945945946,57.95111056468536,74
154,6,23,33.445945945945944,34.81222097325072,74
155,0,0,21.2972972972973,20.671846432794574,74
155,0,1,7.837837837837838,7.576064007564756,74
155,0,2,5.397260273972603,5.307513827877171,73
155,0,3,6.202702702702703,6.132315514601053,74
155,0,4,10.106666666666667,10.823606992372236,75
155,0,5,41.16,40.67038746772122,75
155,0,6,140.69333333333333,137.036197732013,75
155,0,7,434.41333333333336,435.1894166993746,75
155,0,8,674.9333333333333,662.6186986293942,75
155,0,9,408.05333333333334,413.6479047565964,75
155,0,10,272.36,264.7129327742638,75
155,0,11,250.14666666666668,255.9922616966031,75
155,0,12,249.05333333333334,257.42322316312953,75
155,0,13,262.37333333333333,269.448934046822,75
155,0,14,283.74666666666667,297.0357081951335,75
155,0,15,389.2133333333333,382.944676554502,75
155,0,16,405.1333333333333,385.0754512756439,75
155,0,17,414.3333333333333,398.57104905096776,75
155,0,18,319.82666666666665,316.1077445702604,75
155,0,19,201.37333333333333,202.02149454903864,75
155,0,20,137.06666666666666,139.39147255254957,75
155,0,21,82.0,82.90871749362995,75
155,0,22,65.61333333333333,69.15773795090473,75
155,0,23,50.333333333333336,50.03366498399418,75
155,1,0,18.373333333333335,20.36887803971276,75
155,1,1,6.891891891891892,7.507498214788229,74
155,1,2,4.561643835616438,5.270368639232527,73
155,1,3,5.621621621621622,6.121628742113394,74
155,1,4,11.88,11.896922360593367,75
155,1,5,44.70666666666666,43.17744623088246,75
155,1,6,164.70666666666668,155.81750439852445,75
155,1,7,535.9466666666667,508.122888826409,75
155,1,8,845.6666666666666,807.7578401744001,75
155,1,9,516.3333333333334,527.1142980540736,75
155,1,10,299.9066666666667,288.78584147433577,75
155,1,11,262.52,277.1007463817169,75
155,1,12,253.69333333333333,276.6516444008499,75
155,1,13,274.2,296.1825227035465,75
155,1,14,304.52,326.81654587496337,75
155,1,15,426.52,412.23596170091025,75
155,1,16,420.08,412.8220828653031,75
155,1,17,464.08,454.60254304446823,75
155,1,18,376.52,361.95012447732756,75
155,1,19,223.06666666666666,243.16286993726433,75
155,1,20,149.57333333333332,154.55155339599725,75
155,1,21,98.62666666666667,96.25876436504177,75
155,1,22,71.46666666666667,75.24077176725847,75
155,1,23,54.38666666666666,54.7379500733473,75
155,2,0,20.24,21.898641190722575,75
155,2,1,7.092105263157895,8.16081202304002,76
155,2,2,5.453333333333333,5.789785951536592,75
155,2,3,6.657894736842105,6.2881785927497456,76
155,2,4,12.447368421052632,12.069723520838679,76
155,2,5,42.89473684210526,42.79261362666383,76
155,2,6,155.14473684210526,154.08932737277374,76
155,2,7,520.3815789473684,504.24803577023016,76
155,2,8,851.7763157894736,801.2060608604962,76
155,2,9,525.7894736842105,521.6002937399247,76
155,2,10,312.38157894736844,289.68484574074307,76
155,2,11,281.61842105263156,278.8931564264435,76
155,2,12,275.9078947368421,279.7620945458498,76
155,2,13,285.57894736842104,296.3022975575992,76
155,2,14,301.9736842105263,325.06825699659964,76
155,2,15,430.5657894736842,409.87429026773316,76
155,2,16,417.5657894736842,410.12667163000714,76
155,2,17,465.6578947368421,452.9722633260194,76
155,2,18,369.9605263157895,359.9659665116607,76
155,2,19,238.02631578947367,242.94714975219784,76
155,2,20,154.51315789473685,158.2550463701546,76
155,2,21,103.72368421052632,104.70254957353006,76
155,2,22,70.40789473684211,77.16231649674258,76
155,2,23,56.53947368421053,58.691000417589954,76
155,3,0,21.933333333333334,22.65573962587844,75
155,3,1,9.0,8.341751253078042,75
155,3,2,6.013513513513513,5.943880839546619,74
155,3,3,6.123287671232877,6.5968497240173045,73
155,3,4,13.613333333333333,12.280813412508826,75
155,3,5,42.61333333333334,42.233994286732674,75
155,3,6,149.26666666666668,151.69181811216424,75
155,3,7,507.94666666666666,493.1570066994178,75
155,3,8,788.8933333333333,778.0167505283359,75
155,3,9,500.76,510.8919029590602,75
155,3,10,310.9866666666667,288.1011618032481,75
155,3,11,270.3333333333333,277.3665801427068,75
155,3,12,265.50666666666666,278.43610771670717,75
155,3,13,280.2133333333333,297.4129244837778,75
155,3,14,303.9866666666667,328.6612962723271,75
155,3,15,422.82666666666665,423.5836091996203,75
155,3,16,421.4266666666667,425.7986194128235,75
155,3,17,479.05333333333334,459.85986935553024,75
155,3,18,388.05333333333334,364.3446769679051,75
155,3,19,246.2,249.5868767184591,75
155,3,20,170.57333333333332,166.0956439244219,75
155,3,21,110.82666666666667,105.46009031427826,75
155,3,22,82.89333333333333,82.1038356529229,75
155,3,23,63.17333333333333,60.724614470641406,75
155,4,0,23.72972972972973,24.5486300350412,74
155,4,1,8.287671232876713,9.709046705069003,73
155,4,2,6.917808219178082,6.425432234303807,73
155,4,3,7.797297297297297,7.801609196633741,74
155,4,4,12.92,12.278987982502947,75
155,4,5,43.61333333333334,42.31883505455962,75
155,4,6,139.52,137.84474720970255,75
155,4,7,426.96,430.6730082392888,75
155,4,8,597.84,585.4709260166131,75
155,4,9,402.29333333333335,398.46883354363837,75
155,4,10,297.84,297.4804638851239,75
155,4,11,289.1066666666667,289.73336917695156,75
155,4,12,308.88,292.9107007098811,75
155,4,13,307.4,305.8511342073016,75
155,4,14,343.36,341.87344752794496,75
155,4,15,460.70666666666665,431.88865702175787,75
155,4,16,462.1333333333333,434.43818258544337,75
155,4,17,509.97333333333336,477.966365771554,75
155,4,18,452.64,403.8499199393941,75
155,4,19,321.24,265.8089796236984,75
155,4,20,218.6,198.85692756054095,75
155,4,21,154.34666666666666,142.41705211624495,75
155,4,22,121.37333333333333,110.23381489034645,75
155,4,23,94.41333333333333,91.28820074963232,75
155,5,0,42.76,41.21824975174077,75
155,5,1,17.986666666666668,16.371245859445935,75
155,5,2,9.555555555555555,8.899886782774935,72
155,5,3,8.602739726027398,7.929752954344402,73
155,5,4,10.722222222222221,9.963693337247985,72
155,5,5,16.383561643835616,17.014170114616572,73
155,5,6,39.47945205479452,39.08727221020004,73
155,5,7,96.44594594594595,97.77354350146024,74
155,5,8,151.77027027027026,154.04378834367688,74
155,5,9,202.22666666666666,207.63344550943015,75
155,5,10,260.72,270.30596676282204,75
155,5,11,313.6986301369863,298.81025752281766,73
155,5,12,344.90410958904107,326.15087884714166,73
155,5,13,343.3783783783784,332.22340508116037,74
155,5,14,315.45205479452056,312.7345554982995,73
155,5,15,305.0135135135135,312.19673296931137,74
155,5,16,292.05479452054794,301.5887831475584,73
155,5,17,290.027397260274,295.61554187443534,73
155,5,18,287.94594594594594,290.52199729852316,74
155,5,19,232.81333333333333,234.61682137183868,75
155,5,20,171.83783783783784,168.80907109785895,74
155,5,21,128.93243243243242,126.52405665091717,74
155,5,22,109.89189189189189,106.29104045123253,74
155,5,23,85.08,85.91516806428882,75
155,6,0,39.02739726027397,38.9329045897122,73
155,6,1,17.68918918918919,17.023608457825905,74
155,6,2,9.666666666666666,8.929196261852233,72
155,6,3,7.756756756756757,7.916549658666104,74
155,6,4,8.73972602739726,9.438518797579604,73
155,6,5,15.835616438356164,16.046763051476475,73
155,6,6,36.24324324324324,37.01991482122032,74
155,6,7,66.6,67.72810572219657,75
155,6,8,109.4054054054054,109.34103371895081,74
155,6,9,168.51351351351352,173.95704844865247,74
155,6,10,225.82432432432432,230.19792962908588,74
155,6,11,269.7945205479452,273.4814466133236,73
155,6,12,298.1081081081081,291.40327920193704,74
155,6,13,295.7837837837838,291.59743701240825,74
155,6,14,271.8918918918919,266.8248724924158,74
155,6,15,249.81333333333333,257.32833662824856,75
155,6,16,239.98648648648648,252.66920741286083,74
155,6,17,221.4189189189189,222.35323206098965,74
155,6,18,193.66666666666666,197.53120639224346,75
155,6,19,139.93243243243242,137.71771536555815,74
155,6,20,103.48648648648648,103.57898236582365,74
155,6,21,72.48648648648648,74.00061371852722,74
155,6,22,63.567567567567565,65.58039487728148,74
155,6,23,48.82432432432432,49.061176771713065,74
156,0,0,11.767123287671232,11.405682631538298,73
156,0,1,3.183098591549296,3.662802891863186,71
156,0,2,2.923076923076923,2.878863580030441,65
156,0,3,4.277777777777778,3.933870637956831,72
156,0,4,8.164383561643836,8.802193918540821,73
156,0,5,30.866666666666667,29.459744104240453,75
156,0,6,98.81333333333333,97.64029840564379,75
156,0,7,267.8666666666667,258.65578345487637,75
156,0,8,415.6933333333333,413.6277906679771,75
156,0,9,258.72,254.24118831281012,75
156,0,10,174.72,171.51695013903029,75
156,0,11,150.82666666666665,157.556728732869,75
156,0,12,155.53333333333333,160.39663967250806,75
156,0,13,164.93333333333334,163.02817283841986,75
156,0,14,179.13333333333333,185.3549902087055,75
156,0,15,224.70666666666668,217.3185197468303,75
156,0,16,231.45333333333335,218.55326920932458,75
156,0,17,239.94666666666666,228.97270477069304,75
156,0,18,191.18666666666667,192.77996935778694,75
156,0,19,119.28,119.20066631958524,75
156,0,20,89.12,89.5403081547855,75
156,0,21,51.346666666666664,52.59596576583401,75
156,0,22,34.42666666666667,35.82874896782776,75
156,0,23,23.213333333333335,25.356428333195954,75
156,1,0,10.567567567567568,11.423337806817567,74
156,1,1,3.5757575757575757,3.608413170962382,66
156,1,2,2.769230769230769,2.8405374566993746,65
156,1,3,3.918918918918919,3.8360120989570166,74
156,1,4,10.643835616438356,10.251802361778743,73
156,1,5,32.13333333333333,29.97527708404043,75
156,1,6,111.09333333333333,111.48243536257877,75
156,1,7,321.41333333333336,292.34088989661007,75
156,1,8,523.6666666666666,509.2250178612424,75
156,1,9,320.81333333333333,302.9861975634633,75
156,1,10,191.8,189.6125730517248,75
156,1,11,162.46666666666667,174.21025988788412,75
156,1,12,167.86666666666667,173.74404730610883,75
156,1,13,170.62666666666667,176.69613283608433,75
156,1,14,188.69333333333333,201.24807633934992,75
156,1,15,237.16,233.03449665640994,75
156,1,16,239.38666666666666,236.73782914488615,75
156,1,17,254.86666666666667,247.142339549494,75
156,1,18,222.62666666666667,217.52122542912045,75
156,1,19,133.14666666666668,131.91768074796423,75
156,1,20,93.81333333333333,94.25851004825681,75
156,1,21,63.04,59.418700914753146,75
156,1,22,36.56,36.86890676110688,75
156,1,23,22.786666666666665,25.522279367151096,75
156,2,0,12.266666666666667,12.13331838228649,75
156,2,1,3.985294117647059,4.019519530026495,68
156,2,2,3.085714285714286,3.03746860464017,70
156,2,3,4.351351351351352,3.8672433000207898,74
156,2,4,9.466666666666667,10.04496794069392,75
156,2,5,30.36842105263158,28.737715801413383,76
156,2,6,111.48684210526316,110.39889826632417,76
156,2,7,316.60526315789474,288.55724509446844,76
156,2,8,515.1052631578947,504.4105126385139,76
156,2,9,324.2368421052632,299.9488155355817,76
156,2,10,194.0921052631579,188.98291096064995,76
156,2,11,170.21052631578948,174.52445888181006,76
156,2,12,173.67105263157896,173.76597871771042,76
156,2,13,177.85526315789474,176.78339196280427,76
156,2,14,187.6184210526316,200.85810602873832,76
156,2,15,240.9078947368421,231.92960471700152,76
156,2,16,250.23684210526315,235.50468123885102,76
156,2,17,252.07894736842104,246.46692087583347,76
156,2,18,217.55263157894737,216.933209398376,76
156,2,19,132.39473684210526,135.98266215518723,76
156,2,20,94.13157894736842,99.43387511530148,76
156,2,21,63.13157894736842,62.4331477189668,76
156,2,22,36.973684210526315,38.46864272297214,76
156,2,23,26.75,26.228983594308858,76
156,3,0,13.013513513513514,12.125246783922536,74
156,3,1,3.842857142857143,3.9884249623768175,70
156,3,2,3.0615384615384613,3.131438349889109,65
156,3,3,4.0,3.9203731719521056,68
156,3,4,10.905405405405405,10.162381910339816,74
156,3,5,29.866666666666667,28.675831866586293,75
156,3,6,111.4,108.7680079723752,75
156,3,7,299.6933333333333,285.15098611346116,75
156,3,8,488.36,494.48891843810816,75
156,3,9,313.0133333333333,294.4343563506291,75
156,3,10,197.34666666666666,188.37587413520393,75
156,3,11,171.36,176.99712161384997,75
156,3,12,170.81333333333333,177.1160201018504,75
156,3,13,182.36,183.19795701060366,75
156,3,14,193.52,205.82071120793663,75
156,3,15,233.17333333333335,231.03814254206333,75
156,3,16,253.04,235.945657340144,75
156,3,17,255.57333333333332,250.72867613544776,75
156,3,18,221.1081081081081,218.93894505383798,74
156,3,19,139.05333333333334,139.33151495841398,75
156,3,20,106.36,104.83808484942247,75
156,3,21,64.18666666666667,61.94349505022507,75
156,3,22,40.013333333333335,40.45576575250562,75
156,3,23,27.2,26.190506332269734,75
156,4,0,12.64864864864865,13.112752909011265,74
156,4,1,3.9859154929577465,3.7202047420686064,71
156,4,2,2.433333333333333,3.0603188835355235,60
156,4,3,3.3194444444444446,3.727463732328088,72
156,4,4,9.972972972972974,9.843387468215015,74
156,4,5,29.44,29.250636836608184,75
156,4,6,99.4,98.32805208049288,75
156,4,7,254.76,252.0946377741662,75
156,4,8,363.6933333333333,375.72588810335384,75
156,4,9,251.18666666666667,269.58156457998336,75
156,4,10,191.34666666666666,187.50299773454998,75
156,4,11,177.02666666666667,181.42240650995683,75
156,4,12,181.02666666666667,187.26844589437505,75
156,4,13,189.73333333333332,189.40243277339852,75
156,4,14,218.74666666666667,210.95499096698217,75
156,4,15,238.33333333333334,241.18697505415108,75
156,4,16,259.2266666666667,245.14993716679538,75
156,4,17,292.1333333333333,263.10582294236855,75
156,4,18,266.58666666666664,244.33926631449626,75
156,4,19,178.85333333333332,160.53023008404492,75
156,4,20,134.21333333333334,125.51545345079202,75
156,4,21,92.94666666666667,84.62309896287572,75
156,4,22,62.64,58.11711473477492,75
156,4,23,43.626666666666665,41.811784059271034,75
156,5,0,22.643835616438356,22.554046541756005,73
156,5,1,8.375,7.991413455183034,72
156,5,2,4.318840579710145,4.49286903955864,69
156,5,3,4.013888888888889,4.653801570724071,72
156,5,4,5.507042253521127,5.46880788540976,71
156,5,5,11.493150684931507,11.816686340459588,73
156,5,6,31.15068493150685,32.0432837225729,73
156,5,7,59.66216216216216,76.16992575437935,74
156,5,8,107.42465753424658,107.32325480875662,73
156,5,9,141.98648648648648,148.2151646046568,74
156,5,10,165.46575342465752,167.58886546077846,73
156,5,11,182.86301369863014,182.6452855443163,73
156,5,12,192.8082191780822,189.49570609008322,73
156,5,13,194.41095890410958,188.78767667478448,73
156,5,14,178.24657534246575,177.95671705890027,73
156,5,15,171.67123287671234,182.02811689597215,73
156,5,16,167.3972602739726,186.93806349621354,73
156,5,17,174.67123287671234,202.87749019744632,73
156,5,18,169.04109589041096,172.82444698933585,73
156,5,19,134.013698630137,132.9415532228012,73
156,5,20,108.61643835616438,108.00428864690902,73
156,5,21,74.23287671232876,75.24772918116501,73
156,5,22,58.189189189189186,53.66299060608269,74
156,5,23,42.06849315068493,40.69556865707259,73
156,6,0,21.10958904109589,21.32376746791071,73
156,6,1,8.63013698630137,8.097079973737845,73
156,6,2,5.549295774647887,4.844840875328847,71
156,6,3,5.3561643835616435,5.158060316490725,73
156,6,4,5.2465753424657535,5.114924137083906,73
156,6,5,10.32876712328767,11.010813325042227,73
156,6,6,26.84931506849315,26.902658621872572,73
156,6,7,47.42465753424658,46.66762741981706,73
156,6,8,93.08219178082192,88.00476064866153,73
156,6,9,125.16438356164383,122.40026304272506,73
156,6,10,153.4794520547945,149.74882643210995,73
156,6,11,162.67123287671234,159.79039149849896,73
156,6,12,168.06849315068493,162.98323994816866,73
156,6,13,168.5068493150685,161.76848358279793,73
156,6,14,156.57534246575344,151.5085996468692,73
156,6,15,146.94520547945206,140.48913184701675,73
156,6,16,141.68493150684932,139.5977999846127,73
156,6,17,135.53424657534248,137.0359229764553,73
156,6,18,118.82191780821918,119.47459835392927,73
156,6,19,84.17333333333333,83.65411950949787,75
156,6,20,66.63013698630137,67.33062529052339,73
156,6,21,44.78378378378378,45.79352836425228,74
156,6,22,32.71621621621622,33.29224494324449,74
156,6,23,21.37837837837838,22.153279243038735,74
157,0,0,15.91891891891892,16.998981731411927,74
157,0,1,3.5217391304347827,3.812198082543508,69
157,0,2,2.476923076923077,2.6383191855983177,65
157,0,3,2.087719298245614,2.2922010225700693,57
157,0,4,3.611111111111111,3.9525062461173417,72
157,0,5,19.866666666666667,18.873168387994763,75
157,0,6,97.29333333333334,93.61077659334836,75
157,0,7,372.0133333333333,365.41513522011655,75
157,0,8,659.48,646.5578948034413,75
157,0,9,419.9866666666667,413.64371118332406,75
157,0,10,282.1066666666667,264.7704555938887,75
157,0,11,269.88,260.2010631966565,75
157,0,12,292.8666666666667,298.94436812454575,75
157,0,13,315.74666666666667,310.55190084761836,75
157,0,14,436.72,419.373024378343,75
157,0,15,689.7333333333333,683.2583869714654,75
157,0,16,793.28,794.2368221448411,75
157,0,17,820.32,813.2390198498307,75
157,0,18,573.68,564.0143624075502,75
157,0,19,332.16,315.5043511161404,75
157,0,20,218.78666666666666,201.14543982305284,75
157,0,21,123.0,118.24176270450761,75
157,0,22,80.45333333333333,78.19310089960027,75
157,0,23,50.12,49.486889760533835,75
157,1,0,19.653333333333332,17.767842588021793,75
157,1,1,3.772727272727273,3.9663488155103135,66
157,1,2,2.3088235294117645,2.6198211919371097,68
157,1,3,2.4375,2.324182055449,64
157,1,4,4.054794520547945,4.009372737242346,73
157,1,5,19.2,19.210106275342426,75
157,1,6,112.69333333333333,104.87848943413692,75
157,1,7,451.8,439.38626297554435,75
157,1,8,828.0533333333333,798.9759932942724,75
157,1,9,535.9333333333333,525.0802454255263,75
157,1,10,326.32,302.0216130730845,75
157,1,11,304.38666666666666,298.5251296225679,75
157,1,12,312.4533333333333,328.8551412515928,75
157,1,13,325.49333333333334,343.6536575513451,75
157,1,14,465.4,461.74838621052146,75
157,1,15,788.6533333333333,773.7939705692381,75
157,1,16,858.2533333333333,873.983684116717,75
157,1,17,925.9066666666666,899.7914261455093,75
157,1,18,643.96,642.1334558825995,75
157,1,19,379.24,356.18723243043115,75
157,1,20,242.72,221.09391419793107,75
157,1,21,135.28,125.58668604623114,75
157,1,22,83.13333333333334,82.28986207384804,75
157,1,23,50.626666666666665,51.01718037426358,75
157,2,0,20.06578947368421,18.94819706721288,76
157,2,1,4.736111111111111,4.963209148342553,72
157,2,2,2.8358208955223883,3.0247016740335257,67
157,2,3,2.3384615384615386,2.4999101415475407,65
157,2,4,3.945945945945946,4.033953333982643,74
157,2,5,21.44736842105263,19.864226387758325,76
157,2,6,110.3157894736842,103.33648865359001,76
157,2,7,444.1578947368421,434.58209082488867,76
157,2,8,827.3552631578947,791.9095528092084,76
157,2,9,531.7894736842105,518.875969914304,76
157,2,10,328.9342105263158,302.3937346782808,76
157,2,11,314.3157894736842,303.45471380103396,76
157,2,12,331.8157894736842,327.6245555116894,76
157,2,13,349.8421052631579,342.5351765330352,76
157,2,14,469.9736842105263,462.8406758351823,76
157,2,15,786.7105263157895,766.1588696290352,76
157,2,16,874.9868421052631,866.057553812363,76
157,2,17,895.1052631578947,887.7426962523448,76
157,2,18,636.7763157894736,632.3328552531292,76
157,2,19,378.44736842105266,354.21256903759127,76
157,2,20,234.68421052631578,220.8542144676475,76
157,2,21,132.48684210526315,125.29397687511046,76
157,2,22,91.53947368421052,82.92015337159869,76
157,2,23,55.19736842105263,52.994936699548326,76
157,3,0,21.08108108108108,19.416005986269166,74
157,3,1,5.465753424657534,5.313086021500129,73
157,3,2,3.4,3.471708439212331,60
157,3,3,2.634920634920635,2.639023216722579,63
157,3,4,3.918918918918919,4.082805213179089,74
157,3,5,18.48,18.656122822264297,75
157,3,6,101.88,97.32604105246823,75
157,3,7,418.37333333333333,424.35866984575927,75
157,3,8,773.9466666666667,770.4094402557836,75
157,3,9,508.04,507.14686519353495,75
157,3,10,324.96,300.6586267247005,75
157,3,11,309.3466666666667,300.46795211465906,75
157,3,12,318.76,330.3450060518495,75
157,3,13,343.2133333333333,343.5675781933634,75
157,3,14,475.02666666666664,461.7870700844092,75
157,3,15,772.5466666666666,768.3982935234513,75
157,3,16,857.1333333333333,850.395224866441,75
157,3,17,903.0666666666667,875.7754670919236,75
157,3,18,632.5733333333334,629.6697225497782,75
157,3,19,363.88,354.54093379388394,75
157,3,20,232.69333333333333,221.1819094731686,75
157,3,21,135.25333333333333,126.98152577567676,75
157,3,22,87.88,84.65074156035767,75
157,3,23,59.68,58.88635017834975,75
157,4,0,19.56,19.170178070015794,75
157,4,1,5.027397260273973,4.670504783943238,73
157,4,2,3.9130434782608696,3.5820469680498377,69
157,4,3,2.3968253968253967,2.5238961650552727,63
157,4,4,4.702702702702703,4.210106400810569,74
157,4,5,19.013333333333332,18.762751621321502,75
157,4,6,94.36,92.64856375735208,75
157,4,7,337.6933333333333,333.6411137626057,75
157,4,8,539.1333333333333,553.5546148551045,75
157,4,9,382.94666666666666,384.96642934370993,75
157,4,10,300.6933333333333,309.8697243194064,75
157,4,11,308.81333333333333,308.95807368749087,75
157,4,12,351.06666666666666,339.824943918584,75
157,4,13,380.05333333333334,356.39938063956305,75
157,4,14,511.3466666666667,469.2240718185962,75
157,4,15,815.28,788.3375530418341,75
157,4,16,820.0133333333333,840.2634333264671,75
157,4,17,838.48,854.5202011071422,75
157,4,18,628.1066666666667,598.77850305894,75
157,4,19,381.62666666666667,379.67838636202026,75
157,4,20,246.61333333333334,243.60336876525378,75
157,4,21,154.78666666666666,151.50616225249286,75
157,4,22,104.8,107.7500335038349,75
157,4,23,71.76,71.30670103708098,75
157,5,0,28.905405405405407,28.55322317650874,74
157,5,1,8.154929577464788,7.656797821453422,71
157,5,2,5.055555555555555,4.7243084058633515,72
157,5,3,3.1911764705882355,3.1219083687996694,68
157,5,4,4.2,3.9708188499384733,70
157,5,5,6.554054054054054,6.217543837410673,74
157,5,6,19.653333333333332,25.033363418853952,75
157,5,7,55.87837837837838,57.903929352299016,74
157,5,8,107.95890410958904,109.1345954631656,73
157,5,9,142.09459459459458,141.44193119980383,74
157,5,10,193.63013698630138,213.783891552904,73
157,5,11,246.4931506849315,252.91259123721738,73
157,5,12,288.45205479452056,293.79034510108835,73
157,5,13,319.1506849315069,304.9581985531681,73
157,5,14,316.31081081081084,309.6767517598832,74
157,5,15,346.013698630137,345.3929805809799,73
157,5,16,342.36986301369865,341.7574486918585,73
157,5,17,344.86301369863014,339.03469749520576,73
157,5,18,319.17808219178085,324.09403707190603,73
157,5,19,246.2054794520548,244.2915665394293,73
157,5,20,159.2972972972973,174.31025104713854,74
157,5,21,106.48,111.75413843951578,75
157,5,22,89.35135135135135,95.49151720614503,74
157,5,23,60.78378378378378,64.08683952602465,74
157,6,0,25.28767123287671,27.109311629355723,73
157,6,1,7.47945205479452,7.498211220971251,73
157,6,2,4.830985915492958,4.714432881390953,71
157,6,3,2.984848484848485,3.076621325155143,66
157,6,4,2.9855072463768115,3.5088713565352276,69
157,6,5,5.534246575342466,5.741639835676708,73
157,6,6,16.47945205479452,16.486619292509697,73
157,6,7,41.13333333333333,43.25778927198545,75
157,6,8,81.98630136986301,83.05916895275242,73
157,6,9,122.21917808219177,124.45916820022856,73
157,6,10,170.34246575342465,177.4900580895772,73
157,6,11,220.65753424657535,221.9587329312695,73
157,6,12,277.6849315068493,278.45880912111625,73
157,6,13,294.5068493150685,282.17096288692966,73
157,6,14,296.56,285.5051710269627,75
157,6,15,298.85135135135135,293.65733135445987,74
157,6,16,289.986301369863,290.9662869293378,73
157,6,17,272.0810810810811,277.646800204638,74
157,6,18,236.7972972972973,237.10713926865927,74
157,6,19,175.36986301369862,175.848478127323,73
157,6,20,116.22972972972973,119.77686398662749,74
157,6,21,79.05479452054794,80.5153427092364,73
157,6,22,65.4054054054054,67.59448068701758,74
157,6,23,40.932432432432435,41.009170729114416,74
158,0,0,20.246575342465754,22.332864718985796,73
158,0,1,6.821917808219178,6.629776498940461,73
158,0,2,3.782608695652174,3.5062421064865483,69
158,0,3,2.735294117647059,2.739525053206581,68
158,0,4,5.097222222222222,4.409641810698285,72
158,0,5,20.85333333333333,21.753424659749104,75
158,0,6,110.65333333333334,109.10736744290207,75
158,0,7,400.37333333333333,386.8061609170092,75
158,0,8,831.2933333333333,797.2034214549413,75
158,0,9,464.46666666666664,458.8693518335383,75
158,0,10,303.05333333333334,300.2044223050479,75
158,0,11,290.25333333333333,301.8862523973631,75
158,0,12,328.94666666666666,329.7871246901211,75
158,0,13,369.14666666666665,380.51897614392095,75
158,0,14,501.4533333333333,492.71675975765567,75
158,0,15,813.9066666666666,804.6820439693745,75
158,0,16,925.28,898.8263448945042,75
158,0,17,877.48,875.7602490984012,75
158,0,18,642.6533333333333,628.357901831003,75
158,0,19,357.94666666666666,355.62444314892934,75
158,0,20,247.30666666666667,233.4996454614501,75
158,0,21,152.98666666666668,148.9005391471841,75
158,0,22,111.13333333333334,116.10792737790459,75
158,0,23,51.92,54.20812313531236,75
158,1,0,22.283783783783782,23.36382431999358,74
158,1,1,6.297297297297297,6.512393507584547,74
158,1,2,3.0,3.480981125058524,65
158,1,3,2.5,2.697912399599423,66
158,1,4,3.9714285714285715,4.125492435703723,70
158,1,5,23.2,22.97505134893567,75
158,1,6,138.72,131.5593931036253,75
158,1,7,489.61333333333334,463.9623739748035,75
158,1,8,1085.16,1029.0227938246792,75
158,1,9,619.1333333333333,618.6485915726187,75
158,1,10,368.64,340.2476717556528,75
158,1,11,331.88,335.83222704879665,75
158,1,12,359.0933333333333,373.17951483353164,75
158,1,13,399.85333333333335,427.93220794409984,75
158,1,14,548.6933333333334,542.363634074889,75
158,1,15,892.36,874.7037914586207,75
158,1,16,1009.16,962.6522355706454,75
158,1,17,996.96,957.8957711845225,75
158,1,18,773.5333333333333,754.1686237188418,75
158,1,19,404.52,409.6442799634902,75
158,1,20,294.48,287.60433245733697,75
158,1,21,189.61333333333334,174.41015049851535,75
158,1,22,124.10666666666667,125.19488338124327,75
158,1,23,56.346666666666664,57.29884715593989,75
158,2,0,26.92,25.843365279046473,75
158,2,1,7.855263157894737,8.16845720207978,76
158,2,2,3.823529411764706,4.196168790610463,68
158,2,3,2.65625,2.8743760937356444,64
158,2,4,4.534246575342466,4.216440931752411,73
158,2,5,25.69736842105263,23.681703136528792,76
158,2,6,129.23684210526315,125.57751044905753,76
158,2,7,491.35526315789474,459.07302948886917,76
158,2,8,1087.2105263157894,1019.6398945510362,76
158,2,9,633.3552631578947,616.5567084704861,76
158,2,10,370.5921052631579,337.48623415550367,76
158,2,11,350.94736842105266,334.8783512819946,76
158,2,12,383.1578947368421,381.0811482739308,76
158,2,13,436.57894736842104,428.67530753850207,76
158,2,14,549.8815789473684,547.0210533928401,76
158,2,15,860.9342105263158,862.1900312421753,76
158,2,16,968.671052631579,951.5738259733595,76
158,2,17,940.2368421052631,947.1088477867365,76
158,2,18,770.3947368421053,749.185262538759,76
158,2,19,438.19736842105266,407.26868342886263,76
158,2,20,292.0,288.48086032138457,76
158,2,21,187.56578947368422,174.1906003212224,76
158,2,22,170.93421052631578,140.43469508998987,76
158,2,23,64.77631578947368,65.17131633707332,76
158,3,0,28.64864864864865,27.33385637097875,74
158,3,1,7.824324324324325,9.558023092653238,74
158,3,2,4.21875,4.269323607941356,64
158,3,3,3.1884057971014492,3.1067926006871063,69
158,3,4,3.875,4.2479330297762745,72
158,3,5,22.69333333333333,22.51073681486777,75
158,3,6,122.97333333333333,120.97008103273157,75
158,3,7,462.0,448.65723899601045,75
158,3,8,1003.84,988.0896547474194,75
158,3,9,594.64,598.6836251521712,75
158,3,10,377.8,338.3792793248373,75
158,3,11,344.53333333333336,335.6403727134604,75
158,3,12,378.37333333333333,378.38988049365116,75
158,3,13,417.61333333333334,427.1012079202213,75
158,3,14,560.96,545.1881408621563,75
158,3,15,896.7866666666666,873.2795138447958,75
158,3,16,1004.2133333333334,939.4047551172986,75
158,3,17,967.52,932.889602135731,75
158,3,18,756.4933333333333,739.734622471943,75
158,3,19,408.29333333333335,425.15044376269776,75
158,3,20,298.70666666666665,289.32235409703173,75
158,3,21,183.72,182.97417810168676,75
158,3,22,137.74666666666667,146.19956567042107,75
158,3,23,64.34666666666666,65.0824887475808,75
158,4,0,30.027397260273972,29.79650499338605,73
158,4,1,8.097222222222221,8.758261277857153,72
158,4,2,3.735294117647059,3.6653714345514152,68
158,4,3,3.3142857142857145,3.16000814166605,70
158,4,4,4.513888888888889,4.225453947151755,72
158,4,5,20.546666666666667,22.27668982113039,75
158,4,6,106.78666666666666,109.02183787858,75
158,4,7,342.94666666666666,346.0849191314603,75
158,4,8,629.92,659.3387742349408,75
158,4,9,420.24,423.94868142977964,75
158,4,10,324.44,337.47828700320554,75
158,4,11,346.25333333333333,340.5653156578346,75
158,4,12,420.72,390.5508601985227,75
158,4,13,464.8933333333333,437.58711875868477,75
158,4,14,614.4933333333333,555.2640528510973,75
158,4,15,909.76,885.1907588684625,75
158,4,16,936.2533333333333,937.2730434967531,75
158,4,17,919.4933333333333,931.4174887312828,75
158,4,18,758.32,753.045638378623,75
158,4,19,481.08,439.3377206648012,75
158,4,20,341.50666666666666,299.58204083155795,75
158,4,21,247.02666666666667,228.7301145901803,75
158,4,22,169.73333333333332,167.37802784679377,75
158,4,23,101.49333333333334,100.00801004376042,75
158,5,0,48.726027397260275,47.06830339510236,73
158,5,1,16.930555555555557,17.29309331672504,72
158,5,2,7.097222222222222,6.545010043786089,72
158,5,3,3.4925373134328357,3.364220792654511,67
158,5,4,3.803030303030303,4.340085734611292,66
158,5,5,6.438356164383562,6.346499216314299,73
158,5,6,23.383561643835616,24.648374850064847,73
158,5,7,59.06849315068493,59.862197134904996,73
158,5,8,109.22972972972973,108.95712580463757,74
158,5,9,158.40540540540542,160.17188546933676,74
158,5,10,220.8783783783784,235.15559670250076,74
158,5,11,285.1081081081081,293.0103166674273,74
158,5,12,365.4109589041096,361.87578181583234,73
158,5,13,398.36486486486484,381.09441002212634,74
158,5,14,393.2191780821918,398.7805200591476,73
158,5,15,421.1756756756757,421.75889982643054,74
158,5,16,474.1095890410959,482.52824348269456,73
158,5,17,515.7702702702703,503.0291263352934,74
158,5,18,451.0405405405405,438.4567982975744,74
158,5,19,335.3378378378378,321.21491193245527,74
158,5,20,230.9041095890411,260.13097937444206,73
158,5,21,183.46575342465752,185.4517762952723,73
158,5,22,158.26027397260273,161.75522412764332,73
158,5,23,95.28767123287672,91.92505279104678,73
158,6,0,48.57534246575342,45.90673691845494,73
158,6,1,17.616438356164384,16.53283725499424,73
158,6,2,7.070422535211268,6.543130471616564,71
158,6,3,3.535211267605634,3.4518716480312226,71
158,6,4,4.352112676056338,4.404373588188714,71
158,6,5,6.319444444444445,6.422039705043118,72
158,6,6,20.041095890410958,20.502361167518647,73
158,6,7,42.945205479452056,44.5322944438033,73
158,6,8,82.9041095890411,83.00642172107844,73
158,6,9,123.3013698630137,124.58882317304236,73
158,6,10,187.94520547945206,200.43534853444277,73
158,6,11,258.1506849315069,273.06178360688114,73
158,6,12,340.2972972972973,335.5702526022951,74
158,6,13,354.52054794520546,340.9733727746623,73
158,6,14,354.8767123287671,351.66715898036745,73
158,6,15,368.0821917808219,363.92118546609385,73
158,6,16,386.8783783783784,401.00136631547883,74
158,6,17,416.6986301369863,411.3791020368575,73
158,6,18,296.43243243243245,301.8064443000356,74
158,6,19,205.91780821917808,207.32606391314636,73
158,6,20,152.21917808219177,155.46282232213912,73
158,6,21,105.95890410958904,115.74974057221768,73
158,6,22,89.64383561643835,92.8318270089077,73
158,6,23,46.054794520547944,49.80096811086657,73
159,0,0,30.0,30.732740915613864,74
159,0,1,11.0,11.116939285681488,75
159,0,2,4.777777777777778,5.1151570080384134,72
159,0,3,3.7142857142857144,3.5513730791228033,70
159,0,4,3.8194444444444446,3.349155713711752,72
159,0,5,14.432432432432432,14.132422173505915,74
159,0,6,70.85333333333334,71.67064854383004,75
159,0,7,221.82666666666665,220.86327635936144,75
159,0,8,521.7466666666667,522.2577204073165,75
159,0,9,324.05333333333334,314.4630219388296,75
159,0,10,227.57333333333332,224.474628868445,75
159,0,11,288.73333333333335,303.04722994016623,75
159,0,12,491.53333333333336,489.26765682386576,75
159,0,13,643.2666666666667,652.3410960403082,75
159,0,14,845.2533333333333,871.3129808199304,75
159,0,15,1088.16,1112.605434914157,75
159,0,16,1310.9333333333334,1326.6164889117886,75
159,0,17,1615.56,1616.424324363246,75
159,0,18,645.04,644.2732198141033,75
159,0,19,355.3333333333333,351.18924287154135,75
159,0,20,230.70666666666668,230.94635384838782,75
159,0,21,179.8,186.19949109985737,75
159,0,22,118.68,121.12727124571472,75
159,0,23,87.74666666666667,91.38484209927456,75
159,1,0,32.64,31.35411524682373,75
159,1,1,10.88,11.125414463053513,75
159,1,2,5.109589041095891,5.256254589541293,73
159,1,3,3.5671641791044775,3.5424296310726633,67
159,1,4,3.5774647887323945,3.3217815785867604,71
159,1,5,16.48,15.13384307445097,75
159,1,6,83.56,81.31462076643582,75
159,1,7,279.5466666666667,265.6609489213536,75
159,1,8,696.8266666666667,662.0308718240734,75
159,1,9,435.6,413.83490071231245,75
159,1,10,264.29333333333335,246.63153015648072,75
159,1,11,309.14666666666665,335.55593840714613,75
159,1,12,493.48,503.7912421866529,75
159,1,13,650.72,673.392938270904,75
159,1,14,877.7066666666667,884.0476991938111,75
159,1,15,1122.1333333333334,1189.72825986181,75
159,1,16,1378.4533333333334,1392.5666907717855,75
159,1,17,1661.6933333333334,1664.017606721991,75
159,1,18,742.0,744.4568990802954,75
159,1,19,412.9866666666667,409.1387715669733,75
159,1,20,318.41333333333336,288.1539682361971,75
159,1,21,216.86666666666667,218.6894015091025,75
159,1,22,171.44,178.27638794119554,75
159,1,23,112.42666666666666,105.81045712005898,75
159,2,0,33.98684210526316,35.460148471181334,76
159,2,1,13.12,12.377689570739404,75
159,2,2,5.638888888888889,5.6875071259712575,72
159,2,3,3.4,3.5887003587921265,70
159,2,4,3.4225352112676055,3.4033235243211704,71
159,2,5,14.81578947368421,14.900962845651026,76
159,2,6,82.23684210526316,80.48970688882049,76
159,2,7,279.82894736842104,262.85029778976735,76
159,2,8,682.9605263157895,656.1081355302773,76
159,2,9,441.9736842105263,408.36816101392094,76
159,2,10,273.35526315789474,245.60840543772483,76
159,2,11,329.14473684210526,334.6595018381493,76
159,2,12,505.4868421052632,514.8132661106691,76
159,2,13,642.3026315789474,673.5543500251445,76
159,2,14,803.0394736842105,853.350767491812,76
159,2,15,1066.8684210526317,1180.3649449175884,76
159,2,16,1310.25,1348.5323402366016,76
159,2,17,1631.1733333333334,1663.6675940917298,75
159,2,18,713.56,739.3132790734887,75
159,2,19,392.57894736842104,406.4392840778933,76
159,2,20,308.3157894736842,289.04512060658834,76
159,2,21,236.18421052631578,219.9125603455233,76
159,2,22,221.6184210526316,190.5938994666542,76
159,2,23,117.17105263157895,109.36719189476631,76
159,3,0,43.4054054054054,41.53984744416716,74
159,3,1,13.36,13.21777160977491,75
159,3,2,5.791666666666667,5.935431100439732,72
159,3,3,4.132352941176471,3.793466513743447,68
159,3,4,3.2285714285714286,3.447513873310207,70
159,3,5,14.445945945945946,14.90927486602797,74
159,3,6,75.37333333333333,76.76000381321388,75
159,3,7,263.7866666666667,255.5541675649366,75
159,3,8,641.8513513513514,642.0824887172815,74
159,3,9,422.5466666666667,395.488718569732,75
159,3,10,272.06666666666666,246.46921385496762,75
159,3,11,333.2266666666667,335.98296572745056,75
159,3,12,526.76,514.1973054734702,75
159,3,13,667.8266666666667,680.6136586723671,75
159,3,14,878.4266666666666,877.987045421787,75
159,3,15,1133.9866666666667,1192.591785113156,75
159,3,16,1404.4533333333334,1376.551352357579,75
159,3,17,1696.0666666666666,1675.695558608174,75
159,3,18,731.52,734.9387930785756,75
159,3,19,396.26666666666665,425.5859816306324,75
159,3,20,281.84,290.4637645718921,75
159,3,21,218.30666666666667,221.34048685434212,75
159,3,22,211.16,208.77067045824683,75
159,3,23,115.13333333333334,108.76562538248874,75
159,4,0,37.91891891891892,38.174633374158866,74
159,4,1,12.364864864864865,12.474455915719659,74
159,4,2,6.084507042253521,5.8000340649720235,71
159,4,3,3.6805555555555554,3.620536799775682,72
159,4,4,3.621212121212121,3.443131458707027,66
159,4,5,14.426666666666666,14.60637980796309,75
159,4,6,63.586666666666666,64.3149838677377,75
159,4,7,197.42666666666668,200.38996027151737,75
159,4,8,399.81333333333333,402.2839878083607,75
159,4,9,300.24,312.1112512906591,75
159,4,10,245.84,251.5881194299032,75
159,4,11,325.97333333333336,342.57537661929854,75
159,4,12,591.4133333333333,583.236912456805,75
159,4,13,758.6666666666666,733.2085201868395,75
159,4,14,997.1466666666666,974.8696006772952,75
159,4,15,1251.9333333333334,1239.4076646953545,75
159,4,16,1463.8666666666666,1451.0330956561497,75
159,4,17,1707.0133333333333,1702.209688006008,75
159,4,18,835.16,755.5807524327977,75
159,4,19,504.7733333333333,445.50431166575095,75
159,4,20,361.18666666666667,306.1112027931547,75
159,4,21,266.61333333333334,245.3855802204668,75
159,4,22,233.93333333333334,223.6582156786895,75
159,4,23,164.13333333333333,138.77546356791382,75
159,5,0,64.29333333333334,59.683923856674376,75
159,5,1,23.405405405405407,21.07429632011729,74
159,5,2,9.694444444444445,9.25386957217029,72
159,5,3,6.055555555555555,5.790700917126732,72
159,5,4,4.222222222222222,3.9991713264075894,72
159,5,5,6.864864864864865,7.124323601944881,74
159,5,6,17.58108108108108,17.501344539450493,74
159,5,7,46.054794520547944,47.94259375640953,73
159,5,8,75.02702702702703,75.08002929034973,74
159,5,9,112.44594594594595,113.56915503347795,74
159,5,10,168.09333333333333,228.2095205189055,75
159,5,11,302.09589041095893,307.1775954651209,73
159,5,12,537.027027027027,550.7331533336336,74
159,5,13,704.9459459459459,682.6204898215383,74
159,5,14,827.027027027027,816.7101251855072,74
159,5,15,1036.3698630136987,1001.309564590424,73
159,5,16,1246.4109589041095,1215.938482745701,73
159,5,17,1557.7534246575342,1517.7363552217494,73
159,5,18,605.9589041095891,617.0077605581297,73
159,5,19,379.2837837837838,381.5550809626485,74
159,5,20,251.6891891891892,269.31529117343155,74
159,5,21,230.26027397260273,226.1610829438503,73
159,5,22,218.57333333333332,218.2118608112132,75
159,5,23,128.16216216216216,127.85314947421884,74
159,6,0,55.32,56.95733733933077,75
159,6,1,21.8,20.89033048017689,75
159,6,2,10.0,9.342215742834204,73
159,6,3,5.914285714285715,5.764455345500197,70
159,6,4,4.557142857142857,4.194278586150767,70
159,6,5,7.671232876712328,7.36484209783487,73
159,6,6,11.445945945945946,13.11534729286772,74
159,6,7,34.2027027027027,34.437873887540285,74
159,6,8,58.82666666666667,62.514723892100605,75
159,6,9,93.6986301369863,95.27678334047562,73
159,6,10,173.02702702702703,171.33515841142736,74
159,6,11,344.6216216216216,321.6118293012462,74
159,6,12,607.8783783783783,590.7455827430254,74
159,6,13,738.2432432432432,682.029584653863,74
159,6,14,820.8493150684932,816.0460922970268,73
159,6,15,919.6486486486486,920.4011277966758,74
159,6,16,1095.4324324324325,1102.4813011192016,74
159,6,17,1341.86301369863,1350.892358150781,73
159,6,18,427.83561643835617,450.4718922989444,73
159,6,19,234.36986301369862,240.6955234503806,73
159,6,20,153.57534246575344,163.16538552115495,73
159,6,21,126.56756756756756,128.95846908554017,74
159,6,22,145.1216216216216,138.91534945422237,74
159,6,23,78.83783783783784,75.88383029492557,74
16,0,0,99.88,98.06549086247412,75
16,0,1,40.013333333333335,39.07777893851709,75
16,0,2,19.826666666666668,19.650417696547205,75
16,0,3,12.773333333333333,12.516439774069443,75
16,0,4,15.546666666666667,14.212347371385441,75
16,0,5,23.96,23.0095777659148,75
16,0,6,85.74666666666667,87.16839455408807,75
16,0,7,299.53333333333336,294.81767273521314,75
16,0,8,791.56,787.5213536465463,75
16,0,9,513.7466666666667,509.75523132285974,75
16,0,10,336.93333333333334,342.2908661178486,75
16,0,11,336.06666666666666,350.1738276424272,75
16,0,12,449.3333333333333,467.20003714580275,75
16,0,13,537.4133333333333,541.9610084505307,75
16,0,14,627.16,660.4088469536617,75
16,0,15,868.0266666666666,885.6755441479315,75
16,0,16,1046.32,1080.03035277473,75
16,0,17,1224.9333333333334,1241.728776568205,75
16,0,18,1070.12,1092.1673393560964,75
16,0,19,811.9333333333333,854.4567670962166,75
16,0,20,685.5466666666666,703.930104931501,75
16,0,21,579.56,593.4326517189762,75
16,0,22,324.3066666666667,328.30883139569346,75
16,0,23,211.0,207.6249695935412,74
16,1,0,99.83561643835617,94.37477199833975,73
16,1,1,36.02739726027397,36.312546390894816,73
16,1,2,17.87837837837838,17.961325975165437,74
16,1,3,9.424657534246576,11.597650555361895,73
16,1,4,12.337837837837839,13.577445641635975,74
16,1,5,24.72,23.170857464503523,75
16,1,6,102.72,102.45770234184192,75
16,1,7,373.44,329.9359372127802,75
16,1,8,1151.3466666666666,1034.631553816471,75
16,1,9,742.64,722.2823586767922,75
16,1,10,416.6933333333333,412.6773999691493,75
16,1,11,382.94666666666666,401.3229622849933,75
16,1,12,522.5866666666667,523.0587695404242,75
16,1,13,596.76,574.36545053104,75
16,1,14,682.6266666666667,716.4108961169879,75
16,1,15,949.44,989.297276945975,75
16,1,16,1196.5333333333333,1239.6369907692226,75
16,1,17,1454.32,1438.2966062418545,75
16,1,18,1368.7866666666666,1374.5765237896476,75
16,1,19,949.56,991.9398628047564,75
16,1,20,787.3866666666667,828.5038481275993,75
16,1,21,685.6533333333333,721.9010322599798,75
16,1,22,383.08,485.7607417402669,75
16,1,23,242.3783783783784,279.7312702228401,74
16,2,0,122.22666666666667,120.86938493864128,75
16,2,1,48.3421052631579,46.14704802605306,76
16,2,2,23.066666666666666,23.285728108211394,75
16,2,3,12.445945945945946,13.246531008229304,74
16,2,4,13.333333333333334,14.424263100259399,75
16,2,5,22.06578947368421,23.10947900455375,76
16,2,6,102.42105263157895,101.09232771626793,76
16,2,7,361.05263157894734,325.65535518803614,76
16,2,8,1098.3947368421052,1019.3154725262614,76
16,2,9,732.1973684210526,709.0839412752997,76
16,2,10,417.05263157894734,410.028457148833,76
16,2,11,404.2236842105263,401.5659419940991,76
16,2,12,543.328947368421,547.3775218294819,76
16,2,13,644.2105263157895,616.963010560735,76
16,2,14,685.8947368421053,724.6855062236658,76
16,2,15,954.6973684210526,987.0003396340314,76
16,2,16,1154.9473684210527,1229.4935968335064,76
16,2,17,1436.9342105263158,1422.6049074206517,76
16,2,18,1318.3552631578948,1355.398808616122,76
16,2,19,983.6315789473684,987.1444894054301,76
16,2,20,841.3815789473684,835.2357440494632,76
16,2,21,713.5921052631579,720.7799211286807,76
16,2,22,419.5394736842105,485.9730757275405,76
16,2,23,282.17333333333335,295.3701660613831,75
16,3,0,129.56164383561645,127.64237108819314,73
16,3,1,53.32876712328767,49.70756412890722,73
16,3,2,23.876712328767123,25.60590060487209,73
16,3,3,13.465753424657533,15.437148273842562,73
16,3,4,16.328767123287673,15.392651327917392,73
16,3,5,24.293333333333333,23.103327655874708,75
16,3,6,95.37333333333333,96.44171937012393,75
16,3,7,330.96,318.62188522879137,75
16,3,8,1013.3866666666667,984.8278179785203,75
16,3,9,688.72,689.7858493567725,75
16,3,10,422.0,408.39635232488274,75
16,3,11,397.48,398.4984449692758,75
16,3,12,532.8,543.1617377630203,75
16,3,13,612.4533333333334,609.1166008780496,75
16,3,14,690.84,729.5777659503016,75
16,3,15,963.52,990.3705620364364,75
16,3,16,1191.8533333333332,1220.1341646602252,75
16,3,17,1437.0133333333333,1406.884589927322,75
16,3,18,1356.7866666666666,1343.5388401074126,75
16,3,19,988.52,993.6279110943528,75
16,3,20,858.0666666666667,833.5167491113143,75
16,3,21,754.08,723.3104113384956,75
16,3,22,478.8,494.4958485390669,75
16,3,23,334.8,336.64226536015764,75
16,4,0,164.6,164.76915352290916,75
16,4,1,67.90666666666667,71.854512821431,75
16,4,2,33.04054054054054,37.00430002716698,74
16,4,3,17.675675675675677,18.737566377911605,74
16,4,4,18.186666666666667,18.601026322002156,75
16,4,5,21.413333333333334,22.71989452047704,75
16,4,6,79.56,83.52495860338932,75
16,4,7,235.16,264.9763959085027,75
16,4,8,520.8266666666667,542.8363768210615,75
16,4,9,438.1066666666667,441.5162689409791,75
16,4,10,361.6666666666667,369.6267211833525,75
16,4,11,402.70666666666665,402.4831284937254,75
16,4,12,543.1466666666666,544.2407366999154,75
16,4,13,653.0133333333333,643.5641165821811,75
16,4,14,772.84,779.9940447896269,75
16,4,15,1019.48,986.3807387356421,75
16,4,16,1153.72,1234.220452342619,75
16,4,17,1285.5333333333333,1341.988298558617,75
16,4,18,1140.5733333333333,1125.8871906207278,75
16,4,19,915.0266666666666,970.3001315980785,75
16,4,20,796.3466666666667,821.8833292503751,75
16,4,21,754.5866666666667,732.6730565058226,75
16,4,22,579.9333333333333,504.1674153765223,75
16,4,23,540.7866666666666,494.869278050462,75
16,5,0,380.92,363.7718131477678,75
16,5,1,204.08,193.1687585962847,75
16,5,2,119.90666666666667,108.78206097438722,75
16,5,3,61.373333333333335,60.8875786468378,75
16,5,4,36.527027027027025,35.155258184509314,74
16,5,5,19.546666666666667,19.463333595571612,75
16,5,6,37.93333333333333,39.715083339569915,75
16,5,7,58.68,79.5066133513069,75
16,5,8,111.88,111.7579002511545,75
16,5,9,190.48,188.84917181099692,75
16,5,10,284.70666666666665,302.2886106156035,75
16,5,11,398.64,395.56626850986135,75
16,5,12,554.1866666666666,562.1553468487427,75
16,5,13,743.16,800.7720982750147,75
16,5,14,816.3466666666667,821.4793988302871,75
16,5,15,934.8,924.931466598229,75
16,5,16,997.5866666666667,963.1569843248822,75
16,5,17,971.2533333333333,964.0001217376944,75
16,5,18,974.4,950.1051689530802,75
16,5,19,921.6666666666666,893.5331859648239,75
16,5,20,770.3333333333334,757.0145682294344,75
16,5,21,714.2,707.9746866967505,75
16,5,22,645.16,627.9623184550974,75
16,5,23,544.7333333333333,529.0760326857247,75
16,6,0,352.08,345.8051478490296,75
16,6,1,202.62666666666667,196.14226386443684,75
16,6,2,113.32432432432432,105.74180516841653,74
16,6,3,66.74666666666667,61.80066704421593,75
16,6,4,41.29333333333334,37.01373564333782,75
16,6,5,20.626666666666665,20.01710088972669,75
16,6,6,28.986666666666668,28.862338654788466,75
16,6,7,54.56,54.227668574871565,75
16,6,8,90.06666666666666,88.91765008793449,75
16,6,9,169.41333333333333,168.05712713909182,75
16,6,10,246.29333333333332,245.8671209696342,75
16,6,11,352.81333333333333,349.952893964016,75
16,6,12,476.81333333333333,484.8086578264401,75
16,6,13,603.9333333333333,648.9260241828182,75
16,6,14,691.8133333333334,654.3095002024531,75
16,6,15,731.7066666666667,716.4749074704788,75
16,6,16,770.2,746.7326017777168,75
16,6,17,743.44,730.0787220648731,75
16,6,18,709.7733333333333,706.9946082330994,75
16,6,19,614.16,595.9892070337562,75
16,6,20,531.8,525.0107199283409,75
16,6,21,488.6533333333333,464.2641748122967,75
16,6,22,387.7866666666667,358.65708736850013,75
16,6,23,239.24,222.2375678908453,75
160,0,0,18.95945945945946,20.495986719722655,74
160,0,1,6.549295774647887,9.176838583889804,71
160,0,2,2.693548387096774,3.534918789919937,62
160,0,3,2.240740740740741,2.3709845679740713,54
160,0,4,3.0317460317460316,3.1706022462441084,63
160,0,5,11.146666666666667,11.442124211997452,75
160,0,6,67.98666666666666,68.15662705009932,75
160,0,7,239.36,226.20246944582289,75
160,0,8,470.5466666666667,467.662388148746,75
160,0,9,365.4266666666667,368.79400200593466,75
160,0,10,282.3066666666667,277.43075987852205,75
160,0,11,310.28,306.96689506312714,75
160,0,12,376.5466666666667,378.44524976288704,75
160,0,13,451.61333333333334,451.9847965531506,75
160,0,14,533.0533333333333,533.8459163929854,75
160,0,15,698.4933333333333,701.4401455885176,75
160,0,16,855.5333333333333,854.5990703382671,75
160,0,17,838.7733333333333,845.9822858892206,75
160,0,18,672.9466666666667,671.9345304738628,75
160,0,19,427.29333333333335,418.2145147009237,75
160,0,20,287.7866666666667,295.71099552786217,75
160,0,21,195.72,197.41377528426602,75
160,0,22,115.45333333333333,125.30528397289672,75
160,0,23,49.6,53.74884467453511,75
160,1,0,19.31081081081081,20.465953596123235,74
160,1,1,6.191780821917808,9.1483724026015,73
160,1,2,3.380952380952381,3.5255962602699484,63
160,1,3,2.169811320754717,2.3597810077899646,53
160,1,4,3.08955223880597,3.2750779203552702,67
160,1,5,13.466666666666667,12.003023011470722,75
160,1,6,77.68,76.90067096085706,75
160,1,7,304.7866666666667,279.14538861381664,75
160,1,8,627.9333333333333,609.2648244948,75
160,1,9,470.04,470.68896676104595,75
160,1,10,331.04,315.5904317319507,75
160,1,11,328.84,341.1564072117864,75
160,1,12,394.02666666666664,423.3378692122557,75
160,1,13,454.0133333333333,459.638320385022,75
160,1,14,541.5733333333334,539.7780520476175,75
160,1,15,726.4,720.3821565061335,75
160,1,16,895.7066666666667,913.3799786995287,75
160,1,17,864.4533333333334,905.3643057674811,75
160,1,18,752.6266666666667,748.1735137824473,75
160,1,19,469.48,474.80490214954705,75
160,1,20,338.9866666666667,322.14144716306583,75
160,1,21,222.58666666666667,226.2311994250305,75
160,1,22,134.73333333333332,146.67042603612498,75
160,1,23,57.733333333333334,57.451945105507825,75
160,2,0,25.573333333333334,25.55797855722053,75
160,2,1,9.853333333333333,12.856809847398965,75
160,2,2,4.935483870967742,4.79161301062858,62
160,2,3,2.537313432835821,2.6190740281243605,67
160,2,4,3.4857142857142858,3.3644260189531803,70
160,2,5,12.631578947368421,11.930804549821806,76
160,2,6,79.02631578947368,77.06749586231756,76
160,2,7,290.85526315789474,276.25551768049957,76
160,2,8,613.3026315789474,600.6241691790623,76
160,2,9,470.9078947368421,465.0684477773644,76
160,2,10,333.2894736842105,315.1668783698816,76
160,2,11,337.80263157894734,340.3854330897796,76
160,2,12,409.4736842105263,424.6588661498041,76
160,2,13,477.86842105263156,470.01605179560005,76
160,2,14,540.9342105263158,549.0860411276919,76
160,2,15,702.6842105263158,719.7947012868144,76
160,2,16,860.1578947368421,906.7720432940433,76
160,2,17,848.5921052631579,898.1719974103584,76
160,2,18,715.6842105263158,744.4297252266897,76
160,2,19,468.88157894736844,474.5164553511351,76
160,2,20,358.14473684210526,321.63418592011107,76
160,2,21,271.13157894736844,225.71667281328595,76
160,2,22,163.6578947368421,153.93177182980062,76
160,2,23,68.57894736842105,65.13208351208162,76
160,3,0,54.08108108108108,43.24771745397776,74
160,3,1,26.72972972972973,21.91140907202235,74
160,3,2,4.714285714285714,4.71691349866115,63
160,3,3,3.1379310344827585,2.926964455934701,58
160,3,4,3.373134328358209,3.439116856970436,67
160,3,5,12.826666666666666,11.926185916563401,75
160,3,6,74.88,74.18972817010241,75
160,3,7,283.0133333333333,268.88058481799635,75
160,3,8,568.48,575.5670701672751,75
160,3,9,451.0133333333333,452.1885819703684,75
160,3,10,328.5733333333333,312.8525574311982,75
160,3,11,344.85333333333335,342.47606478849855,75
160,3,12,411.2133333333333,424.9785392813171,75
160,3,13,467.7733333333333,467.7078040520153,75
160,3,14,563.6,550.1301722568573,75
160,3,15,753.36,742.8590437370362,75
160,3,16,923.76,913.7501996526778,75
160,3,17,879.4133333333333,897.9410188886991,75
160,3,18,735.1333333333333,739.719191932247,75
160,3,19,476.26666666666665,476.96938166281365,75
160,3,20,367.2266666666667,334.0500820753174,75
160,3,21,251.0,228.38421512631618,75
160,3,22,158.78666666666666,157.20871632786574,75
160,3,23,72.22666666666667,66.47284773685202,75
160,4,0,28.445945945945947,28.81373856634351,74
160,4,1,9.38888888888889,10.258609624172948,72
160,4,2,4.303030303030303,3.6819788507887865,66
160,4,3,3.1129032258064515,2.940367885757714,62
160,4,4,3.7761194029850746,3.4404866110426617,67
160,4,5,10.813333333333333,11.573705237733087,75
160,4,6,64.18666666666667,64.4571842595191,75
160,4,7,222.2,216.60952574677978,75
160,4,8,370.56,379.46369328956894,75
160,4,9,329.8666666666667,322.81737831035326,75
160,4,10,308.92,316.51513852590983,75
160,4,11,353.52,354.5033106986199,75
160,4,12,466.74666666666667,431.82619228038936,75
160,4,13,566.5733333333334,535.1846769281689,75
160,4,14,670.0266666666666,657.036456938415,75
160,4,15,824.4266666666666,786.1473101441925,75
160,4,16,964.0133333333333,915.5487802834898,75
160,4,17,943.5733333333334,910.0277958784819,75
160,4,18,803.88,755.2945862161882,75
160,4,19,540.2133333333334,487.8477442635285,75
160,4,20,363.97333333333336,365.08254016509557,75
160,4,21,263.16,246.84763271750464,75
160,4,22,191.18666666666667,193.41332995041682,75
160,4,23,113.22666666666667,102.89098569731738,75
160,5,0,51.54794520547945,51.38505184502381,73
160,5,1,17.041095890410958,19.172306213763463,73
160,5,2,6.25,6.142595538585644,72
160,5,3,3.6666666666666665,3.3082895146239903,66
160,5,4,3.4347826086956523,3.4751183488402106,69
160,5,5,5.876712328767123,6.415896761211119,73
160,5,6,15.191780821917808,15.553728850704903,73
160,5,7,35.136986301369866,35.85615135157804,73
160,5,8,75.93150684931507,75.97132068322233,73
160,5,9,169.17808219178082,161.74182920838066,73
160,5,10,236.32876712328766,245.52922840362055,73
160,5,11,320.86486486486484,324.99203826748993,74
160,5,12,431.8082191780822,435.05258743353926,73
160,5,13,525.6301369863014,522.2088207531282,73
160,5,14,583.8630136986301,592.2043737802466,73
160,5,15,672.2054794520548,651.1587925398934,73
160,5,16,743.1232876712329,742.9168301603466,73
160,5,17,765.986301369863,756.9090320447281,73
160,5,18,618.8493150684932,620.1753094253899,73
160,5,19,438.6164383561644,416.75840225170253,73
160,5,20,262.43835616438355,266.5592619093735,73
160,5,21,196.08219178082192,225.974284804314,73
160,5,22,174.63013698630138,174.92989233332239,73
160,5,23,94.73972602739725,93.00541281374429,73
160,6,0,44.534246575342465,50.01895422519728,73
160,6,1,14.863013698630137,16.877386789528284,73
160,6,2,5.394366197183099,5.996139041020541,71
160,6,3,2.9696969696969697,3.220665192203275,66
160,6,4,3.257575757575758,3.3703083378395875,66
160,6,5,5.541666666666667,5.920451864549638,72
160,6,6,14.191780821917808,15.49648263486854,73
160,6,7,25.945205479452056,26.575426869276715,73
160,6,8,64.17808219178082,64.59416033939745,73
160,6,9,152.04109589041096,151.87130086864505,73
160,6,10,209.08219178082192,212.13156404713146,73
160,6,11,293.1917808219178,308.47383101410077,73
160,6,12,412.16438356164383,400.0739566375699,73
160,6,13,459.0821917808219,456.1998580845417,73
160,6,14,500.35616438356163,499.9283459079956,73
160,6,15,538.7945205479452,537.5082281953411,73
160,6,16,603.7808219178082,614.7167203240077,73
160,6,17,621.2602739726027,623.4948439468549,73
160,6,18,499.5753424657534,503.3531306455952,73
160,6,19,324.4931506849315,320.415124344044,73
160,6,20,198.83561643835617,196.47409159400436,73
160,6,21,143.55405405405406,151.40766646498162,74
160,6,22,112.68493150684931,114.44578201427933,73
160,6,23,45.917808219178085,50.752237598567596,73
162,0,0,178.78666666666666,180.97272782027792,75
162,0,1,72.61333333333333,72.11883944152434,75
162,0,2,40.96,39.6607571913504,75
162,0,3,32.053333333333335,29.477183373115057,75
162,0,4,35.86666666666667,33.49606734019085,75
162,0,5,65.56,65.1320910891127,75
162,0,6,185.02666666666667,184.20575753731885,75
162,0,7,518.4266666666666,526.9742661080993,75
162,0,8,851.6133333333333,878.2381124582681,75
162,0,9,822.2933333333333,808.6733987462626,75
162,0,10,694.1866666666666,686.5027956222942,75
162,0,11,623.4133333333333,634.6734028217148,75
162,0,12,607.2266666666667,646.5557575356545,75
162,0,13,657.4666666666667,670.6809250661296,75
162,0,14,943.16,913.6324971086266,75
162,0,15,1248.04,1284.32960955276,75
162,0,16,1343.76,1359.822247077816,75
162,0,17,1557.9333333333334,1561.7596008444957,75
162,0,18,1186.0666666666666,1202.5755969999582,75
162,0,19,805.2133333333334,836.0461311459692,75
162,0,20,692.4266666666666,754.6536435004888,75
162,0,21,815.92,818.909182285458,75
162,0,22,581.7866666666666,587.9770296043051,75
162,0,23,377.25333333333333,373.55892344271814,75
162,1,0,191.28,182.23071421909313,75
162,1,1,69.61333333333333,72.96384280929624,75
162,1,2,35.666666666666664,38.494488148999444,75
162,1,3,26.04,27.48649872392967,75
162,1,4,31.613333333333333,31.49230474554363,75
162,1,5,67.65333333333334,66.50404934950758,75
162,1,6,200.73333333333332,200.39874586810512,75
162,1,7,613.2666666666667,635.7501175725159,75
162,1,8,1080.4666666666667,1075.4917212829357,75
162,1,9,954.5733333333334,928.724290683809,75
162,1,10,738.6266666666667,741.0930063079263,75
162,1,11,634.4,682.2420014646904,75
162,1,12,646.3066666666666,711.9237083521851,75
162,1,13,697.0,732.4825354721502,75
162,1,14,1003.0266666666666,1014.2451651220231,75
162,1,15,1310.3733333333332,1368.4163070798902,75
162,1,16,1525.7866666666666,1574.7262338702565,75
162,1,17,1895.76,1855.2104188971093,75
162,1,18,1412.88,1394.372180302295,75
162,1,19,993.0933333333334,1051.3233248975573,75
162,1,20,832.3733333333333,927.8692036191442,75
162,1,21,1283.4266666666667,1265.8981109217327,75
162,1,22,891.84,1026.9717180991365,75
162,1,23,453.29333333333335,463.93493786725634,75
162,2,0,245.18421052631578,238.77910107339204,76
162,2,1,94.88157894736842,101.24525331404475,76
162,2,2,48.26315789473684,48.21352796586868,76
162,2,3,31.61842105263158,32.073076572949915,76
162,2,4,34.68421052631579,33.51005586853389,76
162,2,5,68.88157894736842,66.7905341990131,76
162,2,6,197.21052631578948,198.79265114690094,76
162,2,7,608.0,632.2154544295599,76
162,2,8,1052.657894736842,1063.568192879328,76
162,2,9,937.5657894736842,921.4473433693375,76
162,2,10,734.1315789473684,748.4013114040059,76
162,2,11,644.5921052631579,687.4655258643339,76
162,2,12,720.0657894736842,733.2407578817039,76
162,2,13,811.5921052631579,769.8196347789413,76
162,2,14,966.7105263157895,1015.5968673837177,76
162,2,15,1392.171052631579,1374.432169802579,76
162,2,16,1596.828947368421,1582.269473946217,76
162,2,17,1903.5131578947369,1859.388410166693,76
162,2,18,1440.3947368421052,1394.5959329716163,76
162,2,19,1032.9473684210527,1043.0249190123025,76
162,2,20,898.8026315789474,926.4943195435886,76
162,2,21,1247.9473684210527,1259.572745595496,76
162,2,22,1062.8684210526317,1028.1933581248445,76
162,2,23,566.328947368421,567.5395883058292,76
162,3,0,261.52,255.09935173161887,75
162,3,1,101.06666666666666,106.85201034932811,75
162,3,2,54.36,53.73654442395886,75
162,3,3,40.10666666666667,37.97856945007224,75
162,3,4,42.88,40.65311024964203,75
162,3,5,65.66666666666667,65.85562222159524,75
162,3,6,192.16,196.13093019573003,75
162,3,7,592.1333333333333,615.8343871709782,75
162,3,8,1001.32,1023.3343880812416,75
162,3,9,947.76,909.3429563870296,75
162,3,10,783.96,765.2421667935146,75
162,3,11,693.8933333333333,700.5083567659582,75
162,3,12,693.9733333333334,736.6706702708831,75
162,3,13,718.6666666666666,760.8288885070701,75
162,3,14,1031.6266666666668,1020.8763713639895,75
162,3,15,1365.1733333333334,1365.093938104498,75
162,3,16,1572.5333333333333,1558.8243160353816,75
162,3,17,1832.0533333333333,1834.4015817962843,75
162,3,18,1430.16,1382.9946942624315,75
162,3,19,1041.7333333333333,1044.376320878288,75
162,3,20,909.08,920.8373809240982,75
162,3,21,1445.28,1265.6735885726105,75
162,3,22,1082.84,1034.2314101817926,75
162,3,23,597.7466666666667,571.1816289258853,75
162,4,0,302.04,288.89882450371823,75
162,4,1,114.34666666666666,122.78755496725476,75
162,4,2,66.8,63.387785870351316,75
162,4,3,50.32,48.117264566847176,75
162,4,4,54.373333333333335,51.56883452248866,75
162,4,5,74.92,71.48098226488658,75
162,4,6,175.73333333333332,177.16606072367853,75
162,4,7,492.7733333333333,488.63099697243325,75
162,4,8,754.24,736.3046171543126,75
162,4,9,774.9333333333333,845.687719606205,75
162,4,10,764.1333333333333,773.7596117257002,75
162,4,11,714.8133333333334,704.5611887485975,75
162,4,12,738.6266666666667,761.0670496836112,75
162,4,13,787.1866666666666,779.6362403326807,75
162,4,14,1091.7333333333333,1034.4381183598293,75
162,4,15,1399.64,1369.8351234953116,75
162,4,16,1412.24,1446.1944884237978,75
162,4,17,1491.0266666666666,1537.1270790956166,75
162,4,18,1233.3066666666666,1379.0097749065562,75
162,4,19,1049.48,1056.3044276175517,75
162,4,20,957.4266666666666,928.5237259181639,75
162,4,21,1387.9733333333334,1272.7115126136796,75
162,4,22,1205.9466666666667,1055.3511922238845,75
162,4,23,836.5333333333333,842.5961216569394,75
162,5,0,487.18666666666667,491.9400263781407,75
162,5,1,232.86666666666667,215.5252263090215,75
162,5,2,133.86666666666667,132.8747874779225,75
162,5,3,91.73333333333333,98.81928891878749,75
162,5,4,73.12,77.74072938278637,75
162,5,5,54.56,54.675941484603136,75
162,5,6,93.48,97.28819551835085,75
162,5,7,162.4,163.27691616907617,75
162,5,8,320.25333333333333,320.7303028125225,75
162,5,9,565.5733333333334,572.6618331491795,75
162,5,10,706.48,713.7543246665753,75
162,5,11,743.4933333333333,723.0841662594946,75
162,5,12,758.6133333333333,742.1918655071804,75
162,5,13,786.3866666666667,770.3442493022535,75
162,5,14,831.9066666666666,915.4199466740978,75
162,5,15,894.0,947.168196368381,75
162,5,16,1255.6266666666668,1244.000185230059,75
162,5,17,1112.5066666666667,1157.5902575129126,75
162,5,18,943.0533333333333,959.7293927156883,75
162,5,19,833.3733333333333,896.0206774537776,75
162,5,20,752.1733333333333,773.4280720226186,75
162,5,21,873.76,935.5409477556782,75
162,5,22,1263.5066666666667,1254.1012930943834,75
162,5,23,867.5866666666667,878.8040755261732,75
162,6,0,482.46666666666664,484.5334626251957,75
162,6,1,235.73333333333332,236.07218447356718,75
162,6,2,135.55405405405406,131.54984890911422,74
162,6,3,101.69333333333333,100.77522851080319,75
162,6,4,83.85333333333334,83.08356532354193,75
162,6,5,54.18666666666667,54.11037077949614,75
162,6,6,86.09333333333333,86.83338332902201,75
162,6,7,136.52,138.05157294316737,75
162,6,8,318.6666666666667,323.53655373284334,75
162,6,9,594.3333333333334,596.9216427224129,75
162,6,10,659.0,662.3708954417091,75
162,6,11,695.0,685.3282218725603,75
162,6,12,730.7333333333333,699.4115602945943,75
162,6,13,701.2933333333333,701.737420692132,75
162,6,14,729.9866666666667,747.6014308312778,75
162,6,15,805.04,847.0102548876613,75
162,6,16,1025.2266666666667,1032.1421540788476,75
162,6,17,1040.3866666666668,1045.811212583598,75
162,6,18,836.48,817.151604243557,75
162,6,19,641.1866666666666,633.5171341646818,75
162,6,20,566.9733333333334,593.1980293815301,75
162,6,21,656.92,675.1562191871303,75
162,6,22,509.2266666666667,535.2807729393102,75
162,6,23,319.85333333333335,327.2867909048197,75
164,0,0,528.3066666666666,530.2289349956081,75
164,0,1,179.30666666666667,187.92028418119457,75
164,0,2,93.38666666666667,90.172708087105,75
164,0,3,51.68,51.58570776103342,75
164,0,4,88.81333333333333,88.31278544007233,75
164,0,5,622.8133333333334,630.9123613518133,75
164,0,6,1840.76,1828.3864965805255,75
164,0,7,3708.2933333333335,3730.355191106003,75
164,0,8,5079.08,5063.759297796813,75
164,0,9,3895.733333333333,3884.7095915148293,75
164,0,10,2698.36,2703.1452958015816,75
164,0,11,2443.9466666666667,2428.81025170869,75
164,0,12,2332.5066666666667,2315.4730776291526,75
164,0,13,2555.8133333333335,2531.481697032147,75
164,0,14,2730.5066666666667,2689.6142315865386,75
164,0,15,3166.3733333333334,3118.6694365460985,75
164,0,16,4029.866666666667,4009.5649239516206,75
164,0,17,5775.8533333333335,5765.970334310705,75
164,0,18,4542.706666666667,4558.773853539885,75
164,0,19,3164.0666666666666,3103.9666539351197,75
164,0,20,2362.9866666666667,2326.342643141439,75
164,0,21,2225.64,2188.17249634174,75
164,0,22,1987.76,1917.6303075533115,75
164,0,23,1042.6,961.3946849148028,75
164,1,0,513.6133333333333,493.3091629298842,75
164,1,1,182.04,180.0729944123541,75
164,1,2,90.38666666666667,89.54976162338882,75
164,1,3,57.306666666666665,55.342828800762554,75
164,1,4,91.8,90.38970992090927,75
164,1,5,709.6666666666666,710.6148326726242,75
164,1,6,2126.0933333333332,2128.1118902947014,75
164,1,7,4568.24,4587.834055898303,75
164,1,8,6862.386666666666,6872.715361572531,75
164,1,9,5068.893333333333,5046.615032458575,75
164,1,10,2977.88,2950.7381155367816,75
164,1,11,2535.12,2517.6750476830885,75
164,1,12,2369.04,2416.5279924021397,75
164,1,13,2606.4533333333334,2603.156541916191,75
164,1,14,2875.4666666666667,2848.5490413308753,75
164,1,15,3356.8133333333335,3398.3004446063396,75
164,1,16,4596.76,4590.965321454639,75
164,1,17,7294.986666666667,7290.773066781751,75
164,1,18,5759.1466666666665,5747.040503978255,75
164,1,19,3595.2266666666665,3584.8505782297107,75
164,1,20,2586.8533333333335,2649.238024276574,75
164,1,21,2475.76,2440.2183200111504,75
164,1,22,2046.7866666666666,2128.2160008116452,75
164,1,23,1127.92,1145.9036646524232,75
164,2,0,530.9736842105264,518.2818700721494,76
164,2,1,219.5921052631579,207.38340162502828,76
164,2,2,102.3157894736842,98.37933703836026,76
164,2,3,60.18421052631579,59.50430757406324,76
164,2,4,93.53947368421052,93.67239265196974,76
164,2,5,705.5526315789474,704.7456347318454,76
164,2,6,2131.842105263158,2111.112156844181,76
164,2,7,4465.868421052632,4461.604695134731,76
164,2,8,6764.789473684211,6784.187241539281,76
164,2,9,4964.921052631579,4994.349855827603,76
164,2,10,2917.2631578947367,2917.9437100221835,76
164,2,11,2551.2894736842104,2526.977989150297,76
164,2,12,2408.6184210526317,2448.2867009883253,76
164,2,13,2654.4605263157896,2664.4788011432634,76
164,2,14,2849.0,2858.8382844571083,76
164,2,15,3372.8289473684213,3404.7357101515163,76
164,2,16,4591.973684210527,4547.807464591121,76
164,2,17,7293.855263157895,7195.497934726714,76
164,2,18,5727.881578947368,5686.738452901648,76
164,2,19,3679.9736842105262,3615.7368025330084,76
164,2,20,2655.1973684210525,2649.936433730189,76
164,2,21,2489.1447368421054,2452.4792988484674,76
164,2,22,2210.065789473684,2226.456333947163,76
164,2,23,1213.407894736842,1195.0958374821068,76
164,3,0,602.2533333333333,601.8893210797578,75
164,3,1,229.34666666666666,220.62388897795609,75
164,3,2,105.32,98.79491685038158,75
164,3,3,65.42666666666666,64.13508516103444,75
164,3,4,99.94666666666667,94.83603053399952,75
164,3,5,688.1066666666667,689.9118354455192,75
164,3,6,2029.6,2058.084828487545,75
164,3,7,4124.933333333333,4119.140362804797,75
164,3,8,5989.64,6011.852533904894,75
164,3,9,4685.386666666666,4673.175053433957,75
164,3,10,2948.0,2881.0332022852926,75
164,3,11,2626.173333333333,2562.479977485603,75
164,3,12,2468.733333333333,2492.0835930167236,75
164,3,13,2717.88,2699.8426804350556,75
164,3,14,2919.52,2891.1487473999487,75
164,3,15,3428.8933333333334,3411.2806869884803,75
164,3,16,4512.36,4492.481044947595,75
164,3,17,6875.68,6942.284093883229,75
164,3,18,5596.413333333333,5604.753206868724,75
164,3,19,3757.786666666667,3635.89643887848,75
164,3,20,2730.173333333333,2646.245274759436,75
164,3,21,2585.173333333333,2479.2272851794264,75
164,3,22,2327.0,2306.8430460470718,75
164,3,23,1326.84,1352.039287924026,75
164,4,0,743.4133333333333,768.4189606805038,75
164,4,1,238.72,239.69416852706792,75
164,4,2,103.97333333333333,101.02369415959146,75
164,4,3,66.37333333333333,64.13318577744074,75
164,4,4,97.65333333333334,99.98942271331957,75
164,4,5,627.6266666666667,617.2715864762501,75
164,4,6,1705.5866666666666,1704.4511024161538,75
164,4,7,2872.7733333333335,2905.3635940375357,75
164,4,8,3504.8533333333335,3521.7102929215343,75
164,4,9,3101.8,3092.878049463752,75
164,4,10,2657.52,2736.3925029738857,75
164,4,11,2595.133333333333,2587.0145317650313,75
164,4,12,2581.8533333333335,2559.052325109749,75
164,4,13,2988.346666666667,2961.2414915195423,75
164,4,14,3203.3333333333335,3169.4142542224313,75
164,4,15,3592.88,3448.860586408078,75
164,4,16,4352.92,4302.714469073591,75
164,4,17,5229.893333333333,5172.513880956929,75
164,4,18,4441.093333333333,4385.885821063645,75
164,4,19,3438.0533333333333,3454.8681816903686,75
164,4,20,2542.88,2639.8371910069313,75
164,4,21,2408.24,2435.2645175926473,75
164,4,22,2512.6266666666666,2407.5435971242523,75
164,4,23,1664.1733333333334,1539.3508719709637,75
164,5,0,972.7333333333333,960.7762244191023,75
164,5,1,383.41333333333336,372.39878407261523,75
164,5,2,173.48,177.53450841612135,75
164,5,3,102.45333333333333,104.87880997824149,75
164,5,4,112.22666666666667,111.4907628209141,75
164,5,5,190.41333333333333,190.09485250544552,75
164,5,6,555.7466666666667,553.0995097955537,75
164,5,7,716.3866666666667,710.5178003989134,75
164,5,8,1060.88,1053.1448201594212,75
164,5,9,1644.16,1638.4906211815508,75
164,5,10,2196.9733333333334,2174.13249376723,75
164,5,11,2645.0266666666666,2650.7477541513654,75
164,5,12,2849.64,2732.254857949657,75
164,5,13,3112.733333333333,2979.990338068615,75
164,5,14,2982.733333333333,2989.608056485294,75
164,5,15,3083.346666666667,2951.2857195383344,75
164,5,16,3194.1866666666665,3161.7112258466595,75
164,5,17,3178.8,3176.589695719386,75
164,5,18,3116.1866666666665,3120.3814826689227,75
164,5,19,2667.96,2685.436149986633,75
164,5,20,2171.52,2154.443614374238,75
164,5,21,2036.5066666666667,2036.121268808247,75
164,5,22,2124.84,2109.573212110027,75
164,5,23,1578.5466666666666,1600.3381127698578,75
164,6,0,912.08,915.423207785823,75
164,6,1,371.29333333333335,374.47685074724257,75
164,6,2,178.93243243243242,177.69648774588242,74
164,6,3,104.73333333333333,104.29193757196809,75
164,6,4,109.10666666666667,110.02820292801053,75
164,6,5,150.02666666666667,147.19106619475008,75
164,6,6,389.8,391.4937586098963,75
164,6,7,521.36,517.4731967366635,75
164,6,8,860.4533333333334,855.5993538169863,75
164,6,9,1414.8266666666666,1399.1706763517411,75
164,6,10,1869.9466666666667,1855.253684617813,75
164,6,11,2299.9066666666668,2290.6319207887886,75
164,6,12,2425.24,2368.059679334361,75
164,6,13,2658.9466666666667,2636.222137054361,75
164,6,14,2746.0933333333332,2687.4908628354115,75
164,6,15,2598.5466666666666,2607.183142326665,75
164,6,16,2767.9333333333334,2729.7171994032215,75
164,6,17,2977.5066666666667,2984.339349810764,75
164,6,18,2754.88,2726.788944332934,75
164,6,19,2367.8933333333334,2340.9606489816997,75
164,6,20,1998.7333333333333,1969.236676126602,75
164,6,21,1931.6266666666668,1919.0095427209706,75
164,6,22,1561.52,1547.9044992790257,75
164,6,23,890.24,898.55328716778,75
165,0,0,68.24,68.21022683009875,75
165,0,1,26.30666666666667,26.743364006716725,75
165,0,2,18.213333333333335,17.15591722091577,75
165,0,3,14.52,14.510069865497414,75
165,0,4,20.053333333333335,18.621544858820574,75
165,0,5,50.72,50.72129645871719,75
165,0,6,172.54666666666665,172.78121125435126,75
165,0,7,542.6133333333333,527.6342659788454,75
165,0,8,1102.7733333333333,1060.106215630573,75
165,0,9,792.4533333333334,780.7036299627199,75
165,0,10,568.2133333333334,575.1623098117619,75
165,0,11,541.3733333333333,549.54347960657,75
165,0,12,606.2266666666667,598.3723267882879,75
165,0,13,641.44,649.2457338331106,75
165,0,14,776.4933333333333,790.8881451614907,75
165,0,15,1297.72,1311.9998639760925,75
165,0,16,1324.0,1362.7996424329087,75
165,0,17,1564.1333333333334,1547.5029805352733,75
165,0,18,1334.5466666666666,1364.3139040961319,75
165,0,19,890.1733333333333,882.0353358759037,75
165,0,20,717.5066666666667,706.7100213775899,75
165,0,21,578.7333333333333,565.2216735904803,75
165,0,22,361.2266666666667,362.40441489400786,75
165,0,23,219.70666666666668,206.94873891906116,75
165,1,0,75.0,79.32505926876776,75
165,1,1,28.773333333333333,27.877490616973663,75
165,1,2,15.146666666666667,15.375602969293556,75
165,1,3,10.746666666666666,12.815327119085593,75
165,1,4,15.906666666666666,18.131571431779026,75
165,1,5,54.57333333333333,53.86514356316866,75
165,1,6,199.56,194.7995604882393,75
165,1,7,664.7333333333333,643.8516276786532,75
165,1,8,1393.3866666666668,1350.2542862660337,75
165,1,9,1004.5733333333334,1005.1603233710591,75
165,1,10,650.48,648.3369485953458,75
165,1,11,602.12,617.1094785732911,75
165,1,12,663.6666666666666,684.8157350545727,75
165,1,13,708.0266666666666,730.6736861080522,75
165,1,14,898.6666666666666,925.8180291647801,75
165,1,15,1380.44,1386.079481792491,75
165,1,16,1579.2533333333333,1554.0921614225495,75
165,1,17,1923.6133333333332,1911.1676289283791,75
165,1,18,1766.1733333333334,1794.1442152870834,75
165,1,19,1055.0933333333332,1085.6767320342606,75
165,1,20,854.8533333333334,884.3101493567682,75
165,1,21,709.2133333333334,694.4978170373363,75
165,1,22,438.49333333333334,469.28831775064646,75
165,1,23,243.90666666666667,279.30027264517423,75
165,2,0,86.42105263157895,91.06127409408253,76
165,2,1,35.39473684210526,34.655515724228735,76
165,2,2,19.144736842105264,19.596322667486607,76
165,2,3,12.644736842105264,14.191639786988192,76
165,2,4,17.144736842105264,18.721266684408736,76
165,2,5,53.3421052631579,52.879151446697996,76
165,2,6,194.60526315789474,192.800402018459,76
165,2,7,645.0263157894736,637.7590184837278,76
165,2,8,1376.2236842105262,1333.3845999230446,76
165,2,9,982.8421052631579,987.9079616554784,76
165,2,10,651.1578947368421,647.2022619497246,76
165,2,11,625.6184210526316,620.744220535093,76
165,2,12,702.1184210526316,691.8046023610274,76
165,2,13,757.7236842105264,739.8487597604412,76
165,2,14,980.078947368421,936.6277180068922,76
165,2,15,1411.6973684210527,1383.6655589894706,76
165,2,16,1519.7631578947369,1537.6859468636596,76
165,2,17,1928.8684210526317,1886.77059716214,76
165,2,18,1753.921052631579,1769.3985696088246,76
165,2,19,1139.3157894736842,1073.8934072712652,76
165,2,20,889.4473684210526,881.6421963586008,76
165,2,21,726.6184210526316,689.8406780511696,76
165,2,22,494.38157894736844,474.52958954012655,76
165,2,23,281.5263157894737,284.3684024664889,76
165,3,0,103.10666666666667,95.27777167825306,75
165,3,1,41.86666666666667,40.0396581465324,75
165,3,2,25.746666666666666,23.54683844861675,75
165,3,3,20.053333333333335,19.242941414604715,75
165,3,4,21.69333333333333,21.597752724366902,75
165,3,5,52.973333333333336,52.187140125946726,75
165,3,6,190.05333333333334,189.55363619229047,75
165,3,7,614.7333333333333,623.093607452997,75
165,3,8,1274.3866666666668,1267.401432132864,75
165,3,9,963.3333333333334,965.8158607802866,75
165,3,10,662.8266666666667,641.2821377863808,75
165,3,11,632.6266666666667,618.4892691899338,75
165,3,12,700.7866666666666,687.6054600439313,75
165,3,13,719.1066666666667,739.6659286103653,75
165,3,14,927.68,923.3064974022217,75
165,3,15,1398.9733333333334,1367.9521328553162,75
165,3,16,1531.2133333333334,1511.746395715433,75
165,3,17,1856.32,1853.0621755929892,75
165,3,18,1759.16,1735.9563846205106,75
165,3,19,1216.0266666666666,1074.3687574257042,75
165,3,20,1029.5866666666666,935.7502822252787,75
165,3,21,805.68,686.1120069360215,75
165,3,22,552.0933333333334,480.2018125197185,75
165,3,23,321.84,294.6616880627928,75
165,4,0,122.36,117.04431377114349,75
165,4,1,44.53333333333333,44.274513970677745,75
165,4,2,25.173333333333332,27.02466823404363,75
165,4,3,17.28,18.67641810441231,75
165,4,4,20.64,21.401732181482508,75
165,4,5,51.88,51.44390718732313,75
165,4,6,168.52,166.54238656570482,75
165,4,7,473.41333333333336,484.78220481918885,75
165,4,8,855.04,882.8998512877693,75
165,4,9,713.7466666666667,711.8778725138454,75
165,4,10,614.52,626.2093142453143,75
165,4,11,632.4133333333333,625.9488157050323,75
165,4,12,730.8933333333333,707.4216931926765,75
165,4,13,774.2133333333334,768.9604657767543,75
165,4,14,982.6533333333333,947.9789071763392,75
165,4,15,1445.1066666666666,1382.6960227077434,75
165,4,16,1465.8133333333333,1469.0155048291656,75
165,4,17,1588.3066666666666,1560.4604670849592,75
165,4,18,1550.6133333333332,1496.8425414358633,75
165,4,19,1108.4266666666667,1076.9702054495633,75
165,4,20,835.6933333333334,872.119001318359,75
165,4,21,693.8,686.375705099632,75
165,4,22,515.6,484.4627178039589,75
165,4,23,406.97333333333336,313.3106759585462,75
165,5,0,223.65333333333334,208.0411537212912,75
165,5,1,92.98666666666666,91.96358346154875,75
165,5,2,58.14666666666667,55.49975541554131,75
165,5,3,41.68,39.28274196318541,75
165,5,4,33.693333333333335,34.07191258200453,75
165,5,5,26.346666666666668,26.98471128770037,75
165,5,6,58.093333333333334,58.67598995105212,75
165,5,7,114.46666666666667,113.34831859932548,75
165,5,8,206.86666666666667,205.9342830905722,75
165,5,9,331.88,328.62780610743516,75
165,5,10,466.85333333333335,477.0582000027298,75
165,5,11,563.5333333333333,549.1822291152876,75
165,5,12,667.2533333333333,676.2124972018538,75
165,5,13,760.6266666666667,742.8668715336936,75
165,5,14,772.9866666666667,778.883152897969,75
165,5,15,841.92,845.1065895459833,75
165,5,16,879.0533333333333,862.329601712211,75
165,5,17,883.2933333333333,852.6118603144678,75
165,5,18,914.9733333333334,883.2119131711837,75
165,5,19,753.6533333333333,733.5057955920239,75
165,5,20,548.56,553.0770577614426,75
165,5,21,491.81333333333333,481.6585890509144,75
165,5,22,428.49333333333334,418.06115468203114,75
165,5,23,335.12,314.2977619396464,75
165,6,0,212.61333333333334,209.6124091302728,75
165,6,1,94.26666666666667,91.09921764752458,75
165,6,2,58.945945945945944,54.80992626777313,74
165,6,3,42.28,39.15271672621109,75
165,6,4,39.57333333333333,37.2762443366832,75
165,6,5,26.0,25.749475523223087,75
165,6,6,45.25333333333333,45.07187719276509,75
165,6,7,93.28,93.17247922702113,75
165,6,8,173.53333333333333,172.06765038625554,75
165,6,9,283.05333333333334,277.8923915238024,75
165,6,10,393.08,399.99371186251386,75
165,6,11,478.37333333333333,463.34518964684395,75
165,6,12,543.1333333333333,572.8426082988459,75
165,6,13,584.7866666666666,583.9690487356346,75
165,6,14,604.5866666666667,601.0125340647315,75
165,6,15,598.0266666666666,608.4683550484784,75
165,6,16,608.52,613.641385721013,75
165,6,17,614.7733333333333,626.7283169887752,75
165,6,18,552.92,570.2262406852757,75
165,6,19,445.76,452.3871654007966,75
165,6,20,372.74666666666667,368.5038626554694,75
165,6,21,325.64,323.5914884284887,75
165,6,22,261.37333333333333,267.35162532005995,75
165,6,23,158.17333333333335,162.38069650989374,75
167,0,0,541.8933333333333,543.9194250398554,75
167,0,1,251.04,238.9672378661847,75
167,0,2,116.69333333333333,113.88150098649567,75
167,0,3,65.25333333333333,62.43948399208285,75
167,0,4,52.38666666666666,50.04163282277659,75
167,0,5,85.18666666666667,86.09835987580027,75
167,0,6,293.53333333333336,298.08182704412764,75
167,0,7,772.8666666666667,766.08378220339,75
167,0,8,1700.1466666666668,1685.385861893418,75
167,0,9,1126.4533333333334,1116.6480464582241,75
167,0,10,761.9733333333334,763.8717026580518,75
167,0,11,797.88,825.6515816132323,75
167,0,12,1056.08,1065.8064222425114,75
167,0,13,1283.2266666666667,1284.6179432692586,75
167,0,14,1678.3733333333332,1683.0853519790328,75
167,0,15,2433.28,2425.314089799899,75
167,0,16,2796.76,2761.3343625931457,75
167,0,17,3032.36,3014.897020557676,75
167,0,18,2631.213333333333,2647.880047825648,75
167,0,19,2111.173333333333,2149.682592767338,75
167,0,20,2077.653333333333,2056.5825576623815,75
167,0,21,2202.9866666666667,2195.835356962063,75
167,0,22,1536.2533333333333,1540.969592554703,75
167,0,23,1044.2933333333333,1025.4616164421861,75
167,1,0,507.53333333333336,502.3009775547688,75
167,1,1,212.34666666666666,216.09985077355316,75
167,1,2,108.42666666666666,113.01686247802684,75
167,1,3,61.906666666666666,61.5035998979994,75
167,1,4,47.08,48.30913876803564,75
167,1,5,112.62666666666667,113.68214984838157,75
167,1,6,365.50666666666666,338.4732104907265,75
167,1,7,928.1733333333333,895.4729297489405,75
167,1,8,2240.786666666667,2187.188627188561,75
167,1,9,1490.56,1490.4209629568925,75
167,1,10,897.56,867.1998975346978,75
167,1,11,885.0266666666666,905.577783391314,75
167,1,12,1154.6133333333332,1186.8543644123886,75
167,1,13,1446.6933333333334,1480.7289682511218,75
167,1,14,1791.68,1877.3438192126364,75
167,1,15,2642.5333333333333,2656.572202190822,75
167,1,16,3065.8133333333335,3130.936775138786,75
167,1,17,3602.653333333333,3550.0090311371596,75
167,1,18,3182.3733333333334,3159.9172119852915,75
167,1,19,2538.0133333333333,2581.78685372729,75
167,1,20,2467.786666666667,2498.1943219547147,75
167,1,21,2559.866666666667,2590.801396515137,75
167,1,22,1885.0933333333332,1930.1396495374518,75
167,1,23,1197.5733333333333,1222.2480951872017,75
167,2,0,609.5,604.6043096991142,76
167,2,1,256.30263157894734,255.4164133685053,76
167,2,2,122.3157894736842,123.88344290898745,76
167,2,3,69.40789473684211,70.06249320258247,76
167,2,4,51.96052631578947,51.128321868962054,76
167,2,5,120.85526315789474,117.57992181220865,76
167,2,6,357.9868421052632,334.9518884329896,76
167,2,7,903.3815789473684,884.0557502849593,76
167,2,8,2151.842105263158,2142.8165272667575,76
167,2,9,1512.421052631579,1480.5508574507446,76
167,2,10,918.9078947368421,861.3263384159911,76
167,2,11,916.0921052631579,912.0347646265917,76
167,2,12,1237.7368421052631,1256.03423039987,76
167,2,13,1521.5657894736842,1515.447944432368,76
167,2,14,1787.8026315789473,1914.4764703313324,76
167,2,15,2588.6710526315787,2666.281653203584,76
167,2,16,3118.5,3119.681606318311,76
167,2,17,3585.6315789473683,3513.639408116004,76
167,2,18,3213.6447368421054,3144.68162518577,76
167,2,19,2630.7368421052633,2628.29625548717,76
167,2,20,2554.565789473684,2528.050836014245,76
167,2,21,2687.5131578947367,2634.0621046131187,76
167,2,22,2035.6973684210527,2019.7373155770226,76
167,2,23,1330.3947368421052,1326.3276928146306,76
167,3,0,676.72,673.0762519430306,75
167,3,1,292.38666666666666,289.70581953179874,75
167,3,2,142.72,146.9943295524138,75
167,3,3,77.21333333333334,77.01233106943167,75
167,3,4,56.70666666666666,59.604080497880275,75
167,3,5,113.97333333333333,116.21250805627432,75
167,3,6,346.62666666666667,328.815150036067,75
167,3,7,849.0,855.1169504345086,75
167,3,8,1987.28,1993.4717308945662,75
167,3,9,1443.4666666666667,1440.3780146777367,75
167,3,10,912.1466666666666,854.0081966177102,75
167,3,11,932.0133333333333,913.8563764094689,75
167,3,12,1198.7466666666667,1241.7003534079804,75
167,3,13,1476.9733333333334,1494.3671884950686,75
167,3,14,1846.7333333333333,1979.2175364579803,75
167,3,15,2685.68,2664.027324415974,75
167,3,16,3091.1066666666666,3101.851829107462,75
167,3,17,3540.48,3429.137270959242,75
167,3,18,3219.0133333333333,3127.310805473277,75
167,3,19,2645.653333333333,2616.4283256841254,75
167,3,20,2568.4933333333333,2521.467268729089,75
167,3,21,2677.5866666666666,2620.3340220434125,75
167,3,22,2269.213333333333,2202.028093239644,75
167,3,23,1580.6266666666668,1592.8931411002575,75
167,4,0,826.7466666666667,818.2790268622244,75
167,4,1,394.82666666666665,400.57090490926635,75
167,4,2,167.78666666666666,177.69842171528842,75
167,4,3,94.54666666666667,99.48076514664092,75
167,4,4,80.2,77.90491356936654,75
167,4,5,110.10666666666667,113.11578446841573,75
167,4,6,293.61333333333334,298.17542609656664,75
167,4,7,613.4,623.3339868236809,75
167,4,8,1179.44,1179.7788562578032,75
167,4,9,981.72,985.9204998316505,75
167,4,10,830.9733333333334,854.8448115145559,75
167,4,11,967.6933333333334,924.9818772938718,75
167,4,12,1316.8266666666666,1282.064282167498,75
167,4,13,1684.96,1687.9849035258615,75
167,4,14,2194.693333333333,2072.5106617037172,75
167,4,15,2944.133333333333,2769.4890813674597,75
167,4,16,3149.2266666666665,3120.3780631492264,75
167,4,17,3186.9066666666668,3350.8692897543333,75
167,4,18,3014.8133333333335,3062.9477646196806,75
167,4,19,2652.7066666666665,2647.400720236252,75
167,4,20,2474.4666666666667,2455.9435697419594,75
167,4,21,2618.4533333333334,2646.860785129978,75
167,4,22,2481.96,2342.025662339208,75
167,4,23,2262.2933333333335,2202.4814961715056,75
167,5,0,1502.68,1472.9327225737675,75
167,5,1,859.32,840.0782033417438,75
167,5,2,507.50666666666666,485.6515852344775,75
167,5,3,248.2,245.00844467183444,75
167,5,4,139.21333333333334,136.1575013775967,75
167,5,5,108.81333333333333,108.65665055174269,75
167,5,6,147.98666666666668,154.8568721411737,75
167,5,7,206.52,207.10291188531903,75
167,5,8,298.9866666666667,301.0491137650557,75
167,5,9,477.74666666666667,481.05460392114315,75
167,5,10,717.6,727.3544273167588,75
167,5,11,1027.1466666666668,1029.6694479424202,75
167,5,12,1493.4,1463.2034704457508,75
167,5,13,1897.8133333333333,1936.9945906038765,75
167,5,14,2144.173333333333,2136.097133803884,75
167,5,15,2480.4533333333334,2495.9056706757037,75
167,5,16,2651.0,2673.7292415629795,75
167,5,17,2655.9866666666667,2650.617786366709,75
167,5,18,2657.8533333333335,2642.2268706861373,75
167,5,19,2593.866666666667,2512.7918733231713,75
167,5,20,2232.0933333333332,2200.9368046501922,75
167,5,21,2345.5333333333333,2345.8428630175144,75
167,5,22,2233.76,2213.265545583686,75
167,5,23,2107.173333333333,2065.135077393754,75
167,6,0,1435.04,1435.32682419952,75
167,6,1,842.4266666666666,831.552493046378,75
167,6,2,486.9864864864865,490.57412492105345,74
167,6,3,254.26666666666668,249.8995822380959,75
167,6,4,152.49333333333334,149.63992548915874,75
167,6,5,95.54666666666667,96.30725005736494,75
167,6,6,110.4,110.75298518373107,75
167,6,7,169.33333333333334,170.40280543608876,75
167,6,8,235.46666666666667,238.09071026165864,75
167,6,9,405.97333333333336,402.9133195607095,75
167,6,10,645.9333333333333,643.6810750030554,75
167,6,11,889.6266666666667,883.7574929122219,75
167,6,12,1280.2933333333333,1268.0848349267483,75
167,6,13,1587.4666666666667,1611.5880068504518,75
167,6,14,1805.44,1770.9443543305053,75
167,6,15,1982.76,1986.7755000663685,75
167,6,16,2099.7466666666664,2050.2765863218233,75
167,6,17,2027.1333333333334,2020.8790867636073,75
167,6,18,1898.1333333333334,1909.8530130648678,75
167,6,19,1811.4533333333334,1785.7695148498613,75
167,6,20,1689.68,1671.6966062536176,75
167,6,21,1750.7866666666666,1736.6599658644627,75
167,6,22,1434.6266666666668,1418.6094472834795,75
167,6,23,994.2933333333333,979.3193161407404,75
168,0,0,43.36,41.82535222285507,75
168,0,1,14.783783783783784,13.842937170945893,74
168,0,2,8.453333333333333,7.876901121754936,75
168,0,3,5.228571428571429,6.1913643224229045,70
168,0,4,6.929577464788732,6.152017242323479,71
168,0,5,17.14666666666667,16.757467013228574,75
168,0,6,62.96,63.1502054926194,75
168,0,7,179.24,171.49856577254974,75
168,0,8,422.02666666666664,411.0917855589445,75
168,0,9,324.06666666666666,316.7541597411382,75
168,0,10,263.4266666666667,251.2520277614896,75
168,0,11,317.38666666666666,308.93939029563563,75
168,0,12,432.05333333333334,410.98014341473447,75
168,0,13,495.9866666666667,489.2589364637249,75
168,0,14,710.0133333333333,668.1594356097996,75
168,0,15,1010.84,993.9717976156921,75
168,0,16,1218.0933333333332,1246.8172131536187,75
168,0,17,1625.5466666666666,1631.8097548643589,75
168,0,18,1282.6933333333334,1270.8853016638125,75
168,0,19,862.9333333333333,841.607369172163,75
168,0,20,540.84,525.9374364010193,75
168,0,21,343.25333333333333,338.6418430921826,75
168,0,22,237.53333333333333,232.21293342157625,75
168,0,23,159.49333333333334,156.37731207370686,75
168,1,0,54.54666666666667,63.30281491203481,75
168,1,1,12.027027027027026,12.939760008202128,74
168,1,2,5.635135135135135,6.767801425757164,74
168,1,3,3.8550724637681157,5.037361193871465,69
168,1,4,4.306666666666667,5.849869056639716,75
168,1,5,17.173333333333332,17.242125850923387,75
168,1,6,75.0,72.90751811177054,75
168,1,7,217.74666666666667,196.04286434536866,75
168,1,8,561.2133333333334,520.1641835524393,75
168,1,9,414.1066666666667,402.9022149417772,75
168,1,10,303.5733333333333,283.6118179672853,75
168,1,11,356.0933333333333,341.3523216198675,75
168,1,12,491.25333333333333,464.59729985696885,75
168,1,13,560.32,566.4266051919113,75
168,1,14,796.12,752.8755653482787,75
168,1,15,1163.3733333333332,1143.3868534229084,75
168,1,16,1603.4666666666667,1571.9080003418778,75
168,1,17,2412.5066666666667,2339.8757385105996,75
168,1,18,1809.9333333333334,1762.5959079563634,75
168,1,19,1096.28,1013.6298014905536,75
168,1,20,669.8666666666667,675.3259804211542,75
168,1,21,434.88,423.42453214318675,75
168,1,22,300.84,293.97732354463534,75
168,1,23,187.28,191.86380264945228,75
168,2,0,63.38157894736842,67.371426805683,76
168,2,1,17.82894736842105,16.03603201478235,76
168,2,2,8.328947368421053,8.37038721087597,76
168,2,3,5.342465753424658,5.738480951207811,73
168,2,4,5.111111111111111,6.261069575303181,72
168,2,5,18.05263157894737,17.255770728869155,76
168,2,6,72.0657894736842,71.96588305850442,76
168,2,7,210.21052631578948,193.83571269902305,76
168,2,8,549.7763157894736,514.0142205570171,76
168,2,9,407.25,398.70100810142094,76
168,2,10,307.5,283.29299136670926,76
168,2,11,373.57894736842104,340.26646100471044,76
168,2,12,487.63157894736844,465.07398472812275,76
168,2,13,595.078947368421,576.8298187080194,76
168,2,14,785.7105263157895,753.3615958091613,76
168,2,15,1155.328947368421,1131.37934276975,76
168,2,16,1567.6052631578948,1545.2028598835443,76
168,2,17,2291.092105263158,2283.282678999266,76
168,2,18,1736.171052631579,1725.7535596234077,76
168,2,19,1080.6315789473683,998.9248933042796,76
168,2,20,681.6447368421053,669.8124545241562,76
168,2,21,448.3421052631579,420.9509092520779,76
168,2,22,327.61842105263156,303.7273564360173,76
168,2,23,196.81578947368422,195.67648313895916,76
168,3,0,74.41333333333333,74.55905073589294,75
168,3,1,25.293333333333333,23.43219753600896,75
168,3,2,14.2,12.873147563035047,75
168,3,3,9.08,8.374279156341663,75
168,3,4,8.12,6.936138727299059,75
168,3,5,17.04,16.92450926062896,75
168,3,6,69.92,69.3245825082691,75
168,3,7,194.85333333333332,189.57708300769434,75
168,3,8,505.0,500.3686800242911,75
168,3,9,398.6666666666667,390.0986184302789,75
168,3,10,299.9866666666667,280.8721532365052,75
168,3,11,353.9866666666667,342.37332152254413,75
168,3,12,476.48,460.23693829752915,75
168,3,13,569.5733333333334,567.4071776581546,75
168,3,14,814.0933333333334,755.6912714983653,75
168,3,15,1136.5066666666667,1112.4389070426646,75
168,3,16,1517.3066666666666,1511.2054058152053,75
168,3,17,2139.12,2162.6315302259554,75
168,3,18,1659.8666666666666,1671.8161131867016,75
168,3,19,1061.3066666666666,974.1880092828734,75
168,3,20,685.3066666666666,661.3175983602245,75
168,3,21,452.2,425.4660615317654,75
168,3,22,343.32,303.81924796784267,75
168,3,23,223.8,216.5044338427639,75
168,4,0,84.41333333333333,84.23983220896072,75
168,4,1,30.413333333333334,28.06960052998597,75
168,4,2,12.093333333333334,12.42036486676503,75
168,4,3,8.2,8.839237614353067,75
168,4,4,7.906666666666666,7.969327072332478,75
168,4,5,15.133333333333333,15.991202506442457,75
168,4,6,57.68,57.27860796444524,75
168,4,7,147.02666666666667,151.61025239900664,75
168,4,8,302.5466666666667,304.9300749399508,75
168,4,9,278.7733333333333,285.65634957548434,75
168,4,10,278.62666666666667,284.1809030142057,75
168,4,11,376.16,355.27105593135,75
168,4,12,497.0133333333333,465.09624670968276,75
168,4,13,595.7866666666666,600.7420183720656,75
168,4,14,838.0133333333333,786.4501885820239,75
168,4,15,1119.6266666666668,1113.6564319623624,75
168,4,16,1174.16,1181.369917144317,75
168,4,17,1294.0133333333333,1270.1742945105927,75
168,4,18,1127.56,1125.5147660266507,75
168,4,19,890.3866666666667,953.825572442633,75
168,4,20,607.5866666666667,644.9704627624583,75
168,4,21,410.17333333333335,429.73723721642773,75
168,4,22,357.74666666666667,347.2735266967335,75
168,4,23,306.58666666666664,278.10304262264634,75
168,5,0,150.32,140.2317775675693,75
168,5,1,61.49333333333333,55.57628733805394,75
168,5,2,30.83783783783784,27.847787791492028,74
168,5,3,13.72972972972973,13.127296937528063,74
168,5,4,10.972972972972974,9.846832706875958,74
168,5,5,8.293333333333333,8.125936932047555,75
168,5,6,16.666666666666668,17.12801612861865,75
168,5,7,41.13333333333333,43.03725784387484,75
168,5,8,63.72,65.2924297222459,75
168,5,9,113.25333333333333,111.91294958065191,75
168,5,10,172.77333333333334,240.16544492849872,75
168,5,11,254.21333333333334,266.2571969916514,75
168,5,12,349.3333333333333,376.7667759890422,75
168,5,13,462.84,490.2729338452556,75
168,5,14,561.9733333333334,551.5350572290073,75
168,5,15,688.1466666666666,692.6212085359296,75
168,5,16,762.16,743.9492299729588,75
168,5,17,776.2266666666667,777.1425573485193,75
168,5,18,726.6,716.1296370963959,75
168,5,19,661.4266666666666,648.3961456768211,75
168,5,20,436.97333333333336,437.4766530945156,75
168,5,21,291.26666666666665,298.54059399959226,75
168,5,22,266.74666666666667,289.39972580273803,75
168,5,23,242.52,243.56787681474205,75
168,6,0,130.28,130.08901931949816,75
168,6,1,52.88,51.79196003038516,75
168,6,2,26.2972972972973,26.23177678301404,74
168,6,3,15.32,13.26340507109514,75
168,6,4,11.52,9.830158436789695,75
168,6,5,8.013333333333334,7.732404960345226,75
168,6,6,14.146666666666667,15.558028896645656,75
168,6,7,31.84,33.75932328800389,75
168,6,8,54.693333333333335,55.005860629665584,75
168,6,9,98.22666666666667,98.52120930355386,75
168,6,10,160.21333333333334,157.66283849196833,75
168,6,11,218.34666666666666,228.50419338679146,75
168,6,12,316.1066666666667,332.2556824058257,75
168,6,13,401.46666666666664,411.45776842421475,75
168,6,14,487.92,477.3194918870688,75
168,6,15,549.3733333333333,554.563679036437,75
168,6,16,621.24,598.2790192527472,75
168,6,17,623.6533333333333,605.2157775442969,75
168,6,18,621.7866666666666,600.4817777322602,75
168,6,19,430.25333333333333,426.92854546514735,75
168,6,20,307.4266666666667,302.98938356741695,75
168,6,21,224.70666666666668,225.5200132935292,75
168,6,22,162.29333333333332,165.17072625085297,75
168,6,23,111.49333333333334,122.50859108241117,75
169,0,0,77.49333333333334,78.77353055031489,75
169,0,1,28.30666666666667,26.60248037376938,75
169,0,2,15.426666666666666,14.570433745064387,75
169,0,3,10.866666666666667,12.459933908101187,75
169,0,4,17.213333333333335,15.288182027473667,75
169,0,5,26.88,27.60910497041242,75
169,0,6,91.42666666666666,91.34281926733955,75
169,0,7,240.49333333333334,229.10702563392275,75
169,0,8,388.62666666666667,384.0992539007219,75
169,0,9,318.26666666666665,313.8861372061873,75
169,0,10,324.7733333333333,307.5227348969943,75
169,0,11,376.04,365.30855583099606,75
169,0,12,449.9066666666667,442.0028345755274,75
169,0,13,518.4266666666666,504.3289983650806,75
169,0,14,686.6266666666667,669.8830313504385,75
169,0,15,951.5733333333334,933.9501276170945,75
169,0,16,1420.2933333333333,1409.5046060150407,75
169,0,17,2000.4533333333334,1978.7165351455844,75
169,0,18,1517.3333333333333,1524.016755389848,75
169,0,19,882.5466666666666,885.1266335385197,75
169,0,20,550.4533333333334,560.2162299525871,75
169,0,21,404.84,406.4683646825675,75
169,0,22,301.70666666666665,302.1899109696415,75
169,0,23,187.4,193.3373410486924,75
169,1,0,97.26666666666667,101.67080039130649,75
169,1,1,26.946666666666665,27.34922954728098,75
169,1,2,13.88,15.957286052374156,75
169,1,3,9.662162162162161,12.617866306418264,74
169,1,4,13.346666666666666,14.465862587628044,75
169,1,5,29.893333333333334,29.284606379081342,75
169,1,6,102.2,101.34579405337713,75
169,1,7,282.05333333333334,273.0124454713439,75
169,1,8,483.74666666666667,461.58768523922,75
169,1,9,392.6666666666667,390.40703305328344,75
169,1,10,346.8666666666667,338.1796129356526,75
169,1,11,407.82666666666665,408.5170800146918,75
169,1,12,496.4,494.72092849290436,75
169,1,13,571.88,577.2644888045296,75
169,1,14,765.4933333333333,746.8123170768836,75
169,1,15,1081.1066666666666,1099.1957999218748,75
169,1,16,1716.36,1725.3253921375174,75
169,1,17,2770.0133333333333,2720.2855312769784,75
169,1,18,2117.5066666666667,2067.0198053544855,75
169,1,19,1127.2533333333333,1100.5391970086757,75
169,1,20,699.4,690.2877546999255,75
169,1,21,505.17333333333335,489.04725016438044,75
169,1,22,377.32,389.71125884145556,75
169,1,23,233.10666666666665,278.95374504161475,75
169,2,0,119.52631578947368,125.81073156953677,76
169,2,1,43.0,42.30979014173981,76
169,2,2,20.842105263157894,21.02763427595228,76
169,2,3,12.921052631578947,14.234355465030394,76
169,2,4,15.5,15.368575721001754,76
169,2,5,30.19736842105263,29.49033849169766,76
169,2,6,100.98684210526316,100.18253565177031,76
169,2,7,277.7763157894737,270.4019925599176,76
169,2,8,475.69736842105266,456.26034139629434,76
169,2,9,382.5394736842105,385.99424232308274,76
169,2,10,349.9736842105263,336.71881426848876,76
169,2,11,412.5657894736842,408.93378497335686,76
169,2,12,512.4342105263158,501.3421602215469,76
169,2,13,601.828947368421,595.0827637339688,76
169,2,14,777.2631578947369,752.0406925992453,76
169,2,15,1095.157894736842,1095.461785706018,76
169,2,16,1703.2631578947369,1705.430788110445,76
169,2,17,2669.1184210526317,2673.6864165298007,76
169,2,18,2058.9736842105262,2027.3620185821778,76
169,2,19,1150.6184210526317,1082.723270641011,76
169,2,20,711.2631578947369,682.43408484957,76
169,2,21,539.6447368421053,487.69008012160606,76
169,2,22,407.4736842105263,395.57511043013017,76
169,2,23,261.17105263157896,283.3396032274356,76
169,3,0,126.58666666666667,129.22790622365403,75
169,3,1,45.68,45.48452086973927,75
169,3,2,23.506666666666668,23.111706839144798,75
169,3,3,16.346666666666668,14.731719094395679,75
169,3,4,17.44,15.83671640749295,75
169,3,5,30.28,29.63865727662351,75
169,3,6,102.56,98.69255167886227,75
169,3,7,267.32,264.934895561432,75
169,3,8,443.97333333333336,446.57039762622645,75
169,3,9,372.73333333333335,377.3848677238131,75
169,3,10,355.4,337.20432417579957,75
169,3,11,422.2,405.13909433880775,75
169,3,12,522.32,499.3770632466303,75
169,3,13,606.9066666666666,586.3314001053477,75
169,3,14,797.9333333333333,754.7534115668774,75
169,3,15,1090.2533333333333,1085.3546985758248,75
169,3,16,1642.0533333333333,1675.2283982026413,75
169,3,17,2418.306666666667,2524.6827847276704,75
169,3,18,1953.6133333333332,1971.2290929891678,75
169,3,19,1145.8933333333334,1072.9064922746552,75
169,3,20,733.52,675.3884273699233,75
169,3,21,556.0,489.1739399938586,75
169,3,22,451.12,432.33634309637415,75
169,3,23,301.81333333333333,293.25518315912075,75
169,4,0,161.17333333333335,156.6279266314198,75
169,4,1,56.38666666666666,55.74638307790094,75
169,4,2,30.68,29.04757394989742,75
169,4,3,19.013333333333332,19.059786773083456,75
169,4,4,20.613333333333333,19.8146779356251,75
169,4,5,30.746666666666666,29.598998864115334,75
169,4,6,88.62666666666667,91.70938083220197,75
169,4,7,209.81333333333333,213.67454247845714,75
169,4,8,304.70666666666665,317.0348903463767,75
169,4,9,289.52,306.0422770363808,75
169,4,10,328.5466666666667,339.76106826409347,75
169,4,11,416.9066666666667,408.09171107974646,75
169,4,12,537.5866666666667,512.3460116569205,75
169,4,13,642.8533333333334,634.6118871300963,75
169,4,14,851.1333333333333,789.3274517815913,75
169,4,15,1117.16,1096.8504885189884,75
169,4,16,1413.8533333333332,1436.2941687102657,75
169,4,17,1613.4266666666667,1597.2349958393918,75
169,4,18,1316.9866666666667,1332.3546224351996,75
169,4,19,935.7333333333333,990.7959109076531,75
169,4,20,655.9466666666667,668.5517205574467,75
169,4,21,494.4,495.116964617779,75
169,4,22,467.2,449.7029651640118,75
169,4,23,380.41333333333336,311.51359283479377,75
169,5,0,254.25333333333333,245.72053639867227,75
169,5,1,116.01333333333334,111.4381352701519,75
169,5,2,67.43243243243244,68.89179731159311,74
169,5,3,37.89333333333333,37.28659816184805,75
169,5,4,29.52,31.416929289755867,75
169,5,5,24.373333333333335,25.26210089814509,75
169,5,6,50.14666666666667,50.757741222221036,75
169,5,7,77.36,78.31130695123626,75
169,5,8,100.24,102.5521731897233,75
169,5,9,174.49333333333334,177.02940111123277,75
169,5,10,255.12,266.58484637152617,75
169,5,11,344.85333333333335,359.9891026898261,75
169,5,12,447.26666666666665,478.8937939240897,75
169,5,13,569.0533333333333,573.204878582079,75
169,5,14,657.4266666666666,667.9456938263218,75
169,5,15,789.44,792.9852389093126,75
169,5,16,877.12,873.0964726901627,75
169,5,17,870.2133333333334,860.8700242046646,75
169,5,18,819.8266666666667,842.699547854769,75
169,5,19,727.8266666666667,734.2729440467292,75
169,5,20,500.5733333333333,513.2702999507275,75
169,5,21,396.64,414.90982875297794,75
169,5,22,392.4266666666667,393.58010081150945,75
169,5,23,344.41333333333336,314.9260180003548,75
169,6,0,226.61333333333334,227.81642871094,75
169,6,1,110.65333333333334,109.44766542936394,75
169,6,2,61.58108108108108,65.24396099360136,74
169,6,3,40.38666666666666,37.603271334655,75
169,6,4,30.173333333333332,31.97981324834941,75
169,6,5,25.466666666666665,26.036379258474415,75
169,6,6,39.57333333333333,40.824601552074526,75
169,6,7,65.09333333333333,66.19263435983082,75
169,6,8,94.58666666666667,97.78744840643141,75
169,6,9,150.85333333333332,153.57013571275164,75
169,6,10,231.14666666666668,232.86044742227443,75
169,6,11,294.7866666666667,310.36030303763516,75
169,6,12,370.26666666666665,390.67395047128247,75
169,6,13,449.36,482.8932026945721,75
169,6,14,518.6666666666666,518.9119189001791,75
169,6,15,587.6933333333334,580.858849468184,75
169,6,16,640.1733333333333,618.921082712545,75
169,6,17,649.3733333333333,638.1364274446804,75
169,6,18,652.64,651.1544912599688,75
169,6,19,481.16,480.3392173868331,75
169,6,20,353.68,354.6294481392028,75
169,6,21,301.84,292.89618328306926,75
169,6,22,252.08,241.92908231505993,75
169,6,23,164.42666666666668,159.72763825616846,75
17,0,0,57.89333333333333,54.77276804256938,75
17,0,1,20.093333333333334,20.256715788165003,75
17,0,2,12.373333333333333,12.759111728272787,75
17,0,3,9.445945945945946,9.810879443524687,74
17,0,4,7.0,7.87868363499438,74
17,0,5,9.706666666666667,10.444703902199771,75
17,0,6,23.453333333333333,24.23581438060248,75
17,0,7,77.04,78.51900684170705,75
17,0,8,190.30666666666667,193.20861623190305,75
17,0,9,184.32,197.29711917710708,75
17,0,10,185.41333333333333,184.82171600709168,75
17,0,11,290.36,300.8103678101788,75
17,0,12,429.18666666666667,419.71806667903047,75
17,0,13,537.4,536.9632218523423,75
17,0,14,634.7066666666667,656.2720364385858,75
17,0,15,824.24,820.1230188649113,75
17,0,16,1002.2533333333333,1032.8025660729254,75
17,0,17,1225.1333333333334,1225.234887393296,75
17,0,18,1136.1733333333334,1134.7842527348519,75
17,0,19,849.1066666666667,865.9274690674068,75
17,0,20,449.46666666666664,457.3339011995241,75
17,0,21,261.06666666666666,263.4268052436957,75
17,0,22,155.13333333333333,156.8627908740836,75
17,0,23,110.29729729729729,115.3475620153335,74
17,1,0,59.68,58.81002190036425,75
17,1,1,18.733333333333334,18.79582095026571,75
17,1,2,12.067567567567568,11.771815391293071,74
17,1,3,7.527027027027027,9.451054057073296,74
17,1,4,7.702702702702703,7.7177897044320165,74
17,1,5,10.906666666666666,11.08745864175122,75
17,1,6,24.44,25.1674158101975,75
17,1,7,91.97333333333333,88.81739593242378,75
17,1,8,251.37333333333333,236.19450829311123,75
17,1,9,234.81333333333333,226.51449777962029,75
17,1,10,205.86666666666667,203.5751231241286,75
17,1,11,309.52,328.125623450095,75
17,1,12,427.94666666666666,432.91064606676764,75
17,1,13,533.5466666666666,553.0619480139521,75
17,1,14,644.44,656.061890802867,75
17,1,15,820.36,813.4528083310614,75
17,1,16,1036.88,1037.8985321905584,75
17,1,17,1391.24,1386.6525997903102,75
17,1,18,1294.7733333333333,1278.102685800995,75
17,1,19,925.44,937.9456528704212,75
17,1,20,506.97333333333336,536.7104889470129,75
17,1,21,310.36,332.0836702081509,75
17,1,22,189.48,207.52920774497113,75
17,1,23,131.04054054054055,149.10374081244066,74
17,2,0,71.50666666666666,71.39080113567996,75
17,2,1,27.666666666666668,25.698041836288773,75
17,2,2,13.710526315789474,14.25631980393916,76
17,2,3,8.84,10.256852686396662,75
17,2,4,7.671052631578948,8.025537154131063,76
17,2,5,10.552631578947368,11.232709314089353,76
17,2,6,27.25,25.486418391317805,76
17,2,7,85.55263157894737,87.27258664422962,76
17,2,8,253.01315789473685,233.58332393356613,76
17,2,9,231.43421052631578,224.28920293719938,76
17,2,10,214.6315789473684,203.08804781847155,76
17,2,11,325.7105263157895,326.6773883070464,76
17,2,12,450.6578947368421,461.40333784310997,76
17,2,13,568.9605263157895,559.5569806189769,76
17,2,14,649.5657894736842,658.7324386788044,76
17,2,15,829.5657894736842,827.2022061985774,76
17,2,16,1038.842105263158,1032.6732187527602,76
17,2,17,1401.5394736842106,1375.9013401444506,76
17,2,18,1275.8684210526317,1264.496771227033,76
17,2,19,908.3552631578947,931.0107673873412,76
17,2,20,512.9078947368421,535.673495980753,76
17,2,21,314.0131578947368,332.51521087502607,76
17,2,22,193.64,208.99463737298774,75
17,2,23,142.44594594594594,158.0769793271613,74
17,3,0,76.31506849315069,74.83743397367618,73
17,3,1,29.36986301369863,28.955070875053835,73
17,3,2,17.87837837837838,17.999540631127754,74
17,3,3,10.256756756756756,10.511615720739053,74
17,3,4,10.2,9.290831929645284,75
17,3,5,12.0,11.522413595624444,75
17,3,6,25.04,25.295926015141013,75
17,3,7,86.96,86.00195070551392,75
17,3,8,227.02666666666667,225.01266226056032,75
17,3,9,226.2,218.87402988990686,75
17,3,10,211.12,204.45496283621154,75
17,3,11,323.18666666666667,329.7986127487078,75
17,3,12,450.6933333333333,458.0840624153391,75
17,3,13,554.96,557.3366530394462,75
17,3,14,675.5466666666666,671.4463723653386,75
17,3,15,866.56,840.6489649557655,75
17,3,16,1056.6,1041.4256174999748,75
17,3,17,1362.5866666666666,1346.5950091730083,75
17,3,18,1262.9333333333334,1243.7063601407758,75
17,3,19,953.5333333333333,927.9758493403747,75
17,3,20,551.1733333333333,547.4329090946419,75
17,3,21,345.48,346.0909660118244,75
17,3,22,231.02702702702703,222.38875048527188,74
17,3,23,167.35616438356163,171.93150036339048,73
17,4,0,96.98648648648648,107.49150281323244,74
17,4,1,39.932432432432435,39.17221770819681,74
17,4,2,22.013513513513512,23.24933095800232,74
17,4,3,14.202702702702704,15.50788962909006,74
17,4,4,11.226666666666667,11.322620351761854,75
17,4,5,11.906666666666666,11.646111098741441,75
17,4,6,21.933333333333334,22.261095023170807,75
17,4,7,66.30666666666667,67.03121142071414,75
17,4,8,139.62666666666667,145.76398332106717,75
17,4,9,171.90666666666667,179.8555249992364,75
17,4,10,200.54666666666665,205.3913010095332,75
17,4,11,328.62666666666667,338.7943683293396,75
17,4,12,499.92,493.31784999120134,75
17,4,13,650.28,638.9419806267003,75
17,4,14,816.2,825.1823282190753,75
17,4,15,1048.92,1110.505023963603,75
17,4,16,1248.2933333333333,1242.924020676701,75
17,4,17,1340.0933333333332,1332.3220000846643,75
17,4,18,1240.1066666666666,1224.063560768251,75
17,4,19,1010.5066666666667,1026.7361447560265,75
17,4,20,624.28,573.2533190941234,75
17,4,21,369.5466666666667,385.3297304551296,75
17,4,22,247.66666666666666,251.33890171522424,75
17,4,23,233.69333333333333,208.7286302662001,75
17,5,0,181.34666666666666,169.92869442360873,75
17,5,1,105.72972972972973,100.65576725142087,74
17,5,2,60.62162162162162,61.005338023513765,74
17,5,3,33.554054054054056,33.59348268964525,74
17,5,4,23.013513513513512,20.95571094432017,74
17,5,5,12.28,11.937223698625182,75
17,5,6,14.546666666666667,14.794744429935317,75
17,5,7,22.666666666666668,21.060115701772812,75
17,5,8,48.026666666666664,51.27715978206402,75
17,5,9,91.6,90.85962504451638,75
17,5,10,175.92,179.88654057399492,75
17,5,11,346.8666666666667,350.5771459524818,75
17,5,12,592.2933333333333,582.4575644492485,75
17,5,13,875.9866666666667,827.7643814078332,75
17,5,14,1126.04,1098.8364584032236,75
17,5,15,1439.8,1389.828376602428,75
17,5,16,1621.1333333333334,1540.9932404069941,75
17,5,17,1606.6266666666668,1545.9521742849809,75
17,5,18,1432.84,1404.7574730532692,75
17,5,19,1246.0266666666666,1210.6119275696215,75
17,5,20,727.1066666666667,701.9621425537039,75
17,5,21,413.37333333333333,394.7608882337183,75
17,5,22,301.41333333333336,261.1619789753227,75
17,5,23,255.14666666666668,242.93849423688846,75
17,6,0,173.94666666666666,170.08093175337925,75
17,6,1,105.62666666666667,98.60561477179412,75
17,6,2,64.28378378378379,60.61875762269106,74
17,6,3,42.053333333333335,36.1549426235043,75
17,6,4,25.506666666666668,21.6135370381321,75
17,6,5,12.773333333333333,12.117240955131253,75
17,6,6,14.413333333333334,14.922550262412463,75
17,6,7,19.2,19.922519638939754,75
17,6,8,38.61333333333334,37.81368626055637,75
17,6,9,66.78666666666666,67.65050185314104,75
17,6,10,132.44,131.48054342416393,75
17,6,11,255.28,244.61155015492236,75
17,6,12,470.6666666666667,464.3366901411125,75
17,6,13,674.2266666666667,657.9941086560968,75
17,6,14,873.8533333333334,849.5381831289786,75
17,6,15,1059.3866666666668,1025.0882026004722,75
17,6,16,1194.2666666666667,1138.9332797313095,75
17,6,17,1186.2133333333334,1141.03089583814,75
17,6,18,1126.9466666666667,1111.5556766172185,75
17,6,19,729.0133333333333,708.9975917496492,75
17,6,20,442.05333333333334,428.700738669026,75
17,6,21,272.29333333333335,257.9054490524494,75
17,6,22,189.92,180.48161654218222,75
17,6,23,120.54666666666667,116.14038006733612,75
20,0,0,9.621621621621621,9.64170516193505,74
20,0,1,4.905405405405405,5.198009605642149,74
20,0,2,3.0441176470588234,2.8407018475971473,68
20,0,3,2.3125,2.4038858352496613,64
20,0,4,2.6417910447761193,2.6563868330818217,67
20,0,5,9.893333333333333,9.917031221834906,75
20,0,6,25.28,24.616436622646287,75
20,0,7,80.8,79.32845722741338,75
20,0,8,161.56756756756758,155.44030054107736,74
20,0,9,128.21333333333334,125.73751065319416,75
20,0,10,122.18666666666667,120.93727377931442,75
20,0,11,150.85333333333332,144.02074830853712,75
20,0,12,179.02666666666667,172.08587449306486,75
20,0,13,200.01333333333332,190.27235466669003,75
20,0,14,234.34666666666666,225.112477176692,75
20,0,15,370.4533333333333,369.326711499688,75
20,0,16,504.1333333333333,499.17153752756695,75
20,0,17,623.7733333333333,599.0545793530854,75
20,0,18,389.0,381.0911831415434,75
20,0,19,202.10666666666665,186.8599929581467,75
20,0,20,131.69333333333333,125.86517507996115,75
20,0,21,75.70666666666666,75.20942188794373,75
20,0,22,44.16,46.36026560849356,75
20,0,23,31.76,31.092219744476296,75
20,1,0,12.73611111111111,12.844739227018733,72
20,1,1,5.028169014084507,5.175282933357288,71
20,1,2,2.4705882352941178,2.6966128482400142,68
20,1,3,2.109375,2.360127744798672,64
20,1,4,2.7714285714285714,2.6571455653046616,70
20,1,5,10.186666666666667,10.280084762357028,75
20,1,6,28.573333333333334,26.13224315945671,75
20,1,7,92.92,89.31584728571043,75
20,1,8,194.96,180.00107617199416,75
20,1,9,156.26666666666668,147.00019121165414,75
20,1,10,146.88,143.7009468071142,75
20,1,11,174.16,158.41730455692462,75
20,1,12,207.64,195.43899747635658,75
20,1,13,225.09333333333333,213.16038717592184,75
20,1,14,270.9066666666667,246.63270948130187,75
20,1,15,423.04,424.3931410357643,75
20,1,16,582.52,541.854124995665,75
20,1,17,734.1866666666666,712.1149083469105,75
20,1,18,461.7866666666667,444.5966122082816,75
20,1,19,233.16,211.64985095408343,75
20,1,20,145.34666666666666,144.2423017287216,75
20,1,21,83.8,80.81800420271136,75
20,1,22,53.77333333333333,50.065763926506676,75
20,1,23,35.96,34.00314689159522,75
20,2,0,15.616438356164384,13.86772270864286,73
20,2,1,6.449275362318841,6.189926573742445,69
20,2,2,2.9714285714285715,3.012739113053259,70
20,2,3,2.911764705882353,2.5966454579374405,68
20,2,4,3.219178082191781,2.795687520029631,73
20,2,5,10.75,10.406511970383008,76
20,2,6,25.43421052631579,25.759692022349885,76
20,2,7,93.71052631578948,89.34861523754402,76
20,2,8,193.27631578947367,173.5730087016253,76
20,2,9,155.44736842105263,145.30409551513011,76
20,2,10,146.1184210526316,142.59119283888205,76
20,2,11,171.23684210526315,159.3578487017681,76
20,2,12,215.43421052631578,195.93561272278208,76
20,2,13,242.31578947368422,214.47056880996217,76
20,2,14,279.13157894736844,246.43627982909666,76
20,2,15,417.3421052631579,421.2793642448146,76
20,2,16,582.9605263157895,539.7285177607989,76
20,2,17,747.8684210526316,706.8999040716536,76
20,2,18,457.55263157894734,441.56975760398046,76
20,2,19,240.28947368421052,212.20817763322236,76
20,2,20,154.4078947368421,145.88995415555593,76
20,2,21,84.30263157894737,81.51210030928982,76
20,2,22,51.0,51.16993609788965,76
20,2,23,36.81333333333333,36.92360646492863,75
20,3,0,15.2,14.236829349663497,75
20,3,1,6.5,6.371188206803244,72
20,3,2,3.578125,3.456307908691276,64
20,3,3,3.0307692307692307,2.7134156577600845,65
20,3,4,2.746268656716418,2.762391076513066,67
20,3,5,10.093333333333334,10.227475713160683,75
20,3,6,26.426666666666666,25.773410655107547,75
20,3,7,85.54666666666667,86.50204286208304,75
20,3,8,173.38666666666666,169.20200806362936,75
20,3,9,149.83783783783784,144.4783549275672,74
20,3,10,148.17567567567568,142.2157762652466,74
20,3,11,171.4,161.24373353976617,75
20,3,12,210.26666666666668,191.99340133953552,75
20,3,13,231.09333333333333,213.03143208796536,75
20,3,14,276.7733333333333,245.1993851737923,75
20,3,15,421.7866666666667,411.52003202937107,75
20,3,16,558.6933333333334,527.8097827014494,75
20,3,17,694.0666666666667,686.7268645897399,75
20,3,18,448.62666666666667,433.50234865034844,75
20,3,19,247.45333333333335,218.7132116345241,75
20,3,20,155.38666666666666,145.2646902574393,75
20,3,21,94.61333333333333,88.32217525546598,75
20,3,22,63.6,59.97823225800284,75
20,3,23,42.68,38.964804694383645,75
20,4,0,15.48611111111111,16.188434343978784,72
20,4,1,5.8428571428571425,5.903686972528075,70
20,4,2,4.115942028985507,3.585336785161807,69
20,4,3,2.8153846153846156,2.744223681822006,65
20,4,4,2.8714285714285714,2.873330655105916,70
20,4,5,10.066666666666666,9.983396304968414,75
20,4,6,22.92,21.761682616743148,75
20,4,7,72.33333333333333,73.27796540063804,75
20,4,8,119.93333333333334,131.67998618573398,75
20,4,9,111.65333333333334,117.21226950447432,75
20,4,10,124.29333333333334,122.53570391421317,75
20,4,11,163.94666666666666,163.15691672568232,75
20,4,12,196.82666666666665,190.48598146187476,75
20,4,13,215.08,216.27014562100132,75
20,4,14,270.3333333333333,249.60266237331442,75
20,4,15,399.72,382.9150173457417,75
20,4,16,483.70666666666665,493.3388259697109,75
20,4,17,529.6666666666666,536.94370496371,75
20,4,18,326.18666666666667,333.19634348171496,75
20,4,19,202.46666666666667,220.9505104246607,75
20,4,20,136.53333333333333,139.9519861253819,75
20,4,21,95.4,93.91150105441578,75
20,4,22,83.85333333333334,76.91925333328349,75
20,4,23,53.306666666666665,50.34206133686943,75
20,5,0,25.373333333333335,23.202416329267955,75
20,5,1,11.833333333333334,10.639539745667895,72
20,5,2,6.2,5.383956133826831,70
20,5,3,3.646153846153846,3.337541199746297,65
20,5,4,3.073529411764706,3.3048013480859844,68
20,5,5,4.733333333333333,4.806191201409355,75
20,5,6,8.493333333333334,8.842383774654268,75
20,5,7,18.76,19.469132687359778,75
20,5,8,23.08,24.844667152648494,75
20,5,9,37.445945945945944,37.688477310050914,74
20,5,10,63.270270270270274,63.39025026962426,74
20,5,11,94.09333333333333,94.40508079943199,75
20,5,12,123.6,127.93681904215235,75
20,5,13,140.04,139.72902973201343,75
20,5,14,148.72,145.10266012083636,75
20,5,15,173.36,169.00481594909806,75
20,5,16,179.09333333333333,172.2086784069789,75
20,5,17,169.27027027027026,171.1377561053929,74
20,5,18,156.0,155.46454581612693,75
20,5,19,115.13333333333334,117.01211893170066,75
20,5,20,93.58666666666667,92.52781217960617,75
20,5,21,74.13333333333334,77.97908519230006,75
20,5,22,53.333333333333336,53.07443680237462,75
20,5,23,47.013333333333335,45.78779310064464,75
20,6,0,21.2972972972973,21.909099081560594,74
20,6,1,11.472972972972974,10.62002173965343,74
20,6,2,5.684931506849315,5.1617923735461835,73
20,6,3,3.734375,3.4476753335369135,64
20,6,4,3.53125,3.462266675284573,64
20,6,5,4.864864864864865,4.721341699940969,74
20,6,6,8.573333333333334,8.624650990198239,75
20,6,7,18.48,18.782078932996146,75
20,6,8,20.743243243243242,20.581769202385992,74
20,6,9,29.88,28.50980987000302,75
20,6,10,50.391891891891895,48.63963639888095,74
20,6,11,68.81333333333333,68.04908064719092,75
20,6,12,88.45333333333333,89.13403191216125,75
20,6,13,103.6891891891892,99.53662774894258,74
20,6,14,113.04054054054055,110.20688792079868,74
20,6,15,118.01333333333334,115.62223866677931,75
20,6,16,125.21333333333334,122.36998855687534,75
20,6,17,120.95945945945945,116.61895397360098,74
20,6,18,108.06666666666666,108.59267715078842,75
20,6,19,80.44,82.75117123530288,75
20,6,20,71.2,69.23850940834369,75
20,6,21,59.586666666666666,57.22681566587675,75
20,6,22,37.96,37.243693079791,75
20,6,23,24.226666666666667,27.331796446284333,75
22,0,0,8.068493150684931,9.207159061544287,73
22,0,1,5.057971014492754,4.878172877064502,69
22,0,2,2.0,2.6181835432275,56
22,0,3,2.3278688524590163,2.6204153631333154,61
22,0,4,3.1311475409836067,2.9792494251995616,61
22,0,5,12.256756756756756,12.365787131646046,74
22,0,6,47.5945945945946,47.7087521352624,74
22,0,7,135.14864864864865,135.86289666220668,74
22,0,8,292.2432432432432,301.69589720037527,74
22,0,9,215.43243243243242,216.51747060031252,74
22,0,10,170.0810810810811,166.6187057254142,74
22,0,11,176.02702702702703,171.49566211516114,74
22,0,12,185.51351351351352,186.41543967788164,74
22,0,13,200.26666666666668,199.87957653409694,75
22,0,14,260.7567567567568,252.29206541897705,74
22,0,15,327.08,325.13317946802385,75
22,0,16,382.93243243243245,376.23033741742836,74
22,0,17,525.2567567567568,486.02014998142204,74
22,0,18,345.1333333333333,336.9563495181387,75
22,0,19,162.21333333333334,159.61699058887976,75
22,0,20,96.4,94.61568994041406,75
22,0,21,58.9054054054054,57.515497985451645,74
22,0,22,44.391891891891895,44.46071668578579,74
22,0,23,32.45333333333333,30.232168560162428,75
22,1,0,15.420289855072463,13.721235720836068,69
22,1,1,4.380952380952381,4.828026348246815,63
22,1,2,2.9019607843137254,2.7109115568107867,51
22,1,3,2.8333333333333335,2.70292964928306,54
22,1,4,3.4545454545454546,3.065104539723594,66
22,1,5,14.16,12.753569260074904,75
22,1,6,52.21333333333333,50.50628780056059,75
22,1,7,163.25333333333333,158.43969703781417,75
22,1,8,370.44,342.4586703214481,75
22,1,9,279.62666666666667,269.8739259441382,75
22,1,10,199.70666666666668,193.69470201835585,75
22,1,11,189.48,191.08515318775085,75
22,1,12,194.57333333333332,197.27939497164198,75
22,1,13,213.48,220.27361839143907,75
22,1,14,284.64,284.1115052596233,75
22,1,15,360.48,353.3722933487818,75
22,1,16,458.0933333333333,444.2553607149391,75
22,1,17,657.2133333333334,590.1463653727467,75
22,1,18,431.17333333333335,429.37880714913655,75
22,1,19,197.42666666666668,189.13128083631793,75
22,1,20,118.26666666666667,113.44576096638363,75
22,1,21,68.84,64.4542420516141,75
22,1,22,45.97260273972603,45.37438296282303,73
22,1,23,32.17567567567568,31.889645128420323,74
22,2,0,19.056338028169016,14.470802456258765,71
22,2,1,5.9393939393939394,5.510900877810651,66
22,2,2,3.2280701754385963,3.0072097982855963,57
22,2,3,2.5357142857142856,2.7582433220245735,56
22,2,4,2.943661971830986,3.0389703356613844,71
22,2,5,14.0,12.666833728480023,76
22,2,6,51.51315789473684,49.973570865204806,76
22,2,7,159.6578947368421,156.60540944894026,76
22,2,8,362.61842105263156,338.6305048029906,76
22,2,9,272.6578947368421,266.57216940439287,76
22,2,10,199.07894736842104,192.78246972466977,76
22,2,11,189.75,190.66447259723506,76
22,2,12,201.25,199.76508428785849,76
22,2,13,228.0,221.13079978284628,76
22,2,14,280.8421052631579,283.272785287931,76
22,2,15,353.9605263157895,351.52266037182653,76
22,2,16,442.2631578947368,438.4999109941826,76
22,2,17,658.171052631579,572.6200301343539,76
22,2,18,435.7236842105263,428.28156659881887,76
22,2,19,204.94736842105263,189.75492929673962,76
22,2,20,120.57894736842105,118.446072402388,76
22,2,21,74.42105263157895,72.84532549708754,76
22,2,22,52.770270270270274,47.58257910182946,74
22,2,23,35.88,34.456133794561644,75
22,3,0,18.788732394366196,14.577109893663698,71
22,3,1,6.96969696969697,5.869667001395186,66
22,3,2,4.1,3.444424908156772,60
22,3,3,3.4126984126984126,2.963212586972189,63
22,3,4,3.135135135135135,3.0856323432581556,74
22,3,5,13.093333333333334,12.605048003191103,75
22,3,6,51.21333333333333,49.24146831812106,75
22,3,7,150.73333333333332,153.49034746395344,75
22,3,8,329.92,330.6585993210867,75
22,3,9,264.5466666666667,254.10801979343145,75
22,3,10,190.18666666666667,188.0419799824661,75
22,3,11,186.54666666666665,189.20000363503223,75
22,3,12,207.76,207.6134650488377,75
22,3,13,221.92,221.20033020712998,75
22,3,14,287.37333333333333,281.6525818607262,75
22,3,15,349.0133333333333,350.6525959070123,75
22,3,16,440.3066666666667,421.36667613720687,75
22,3,17,606.6133333333333,564.4838137922574,75
22,3,18,418.02666666666664,421.3691998217792,75
22,3,19,207.88,191.4978316947334,75
22,3,20,127.69333333333333,119.32548286369264,75
22,3,21,73.62666666666667,72.19622243990707,75
22,3,22,53.273972602739725,49.643773838555106,73
22,3,23,37.054054054054056,35.81165593368844,74
22,4,0,20.042857142857144,17.69000820087847,70
22,4,1,6.318181818181818,5.932535408840083,66
22,4,2,3.3,3.310068378577072,60
22,4,3,3.0307692307692307,3.042647008501316,65
22,4,4,3.303030303030303,3.152238251369639,66
22,4,5,12.48,12.37245657089353,75
22,4,6,45.52,44.40934883485011,75
22,4,7,122.2,122.04752497967105,75
22,4,8,229.78666666666666,251.8607290145933,75
22,4,9,189.17333333333335,207.95387020083322,75
22,4,10,170.58666666666667,182.57866985883078,75
22,4,11,190.41333333333333,188.78226942029747,75
22,4,12,216.69333333333333,211.9106070380075,75
22,4,13,236.89333333333335,236.74568006063782,75
22,4,14,299.2133333333333,281.24860583756066,75
22,4,15,374.58666666666664,351.44690350072915,75
22,4,16,408.4533333333333,413.7012179491658,75
22,4,17,460.5733333333333,526.1393122512771,75
22,4,18,320.0933333333333,334.07626757202706,75
22,4,19,199.18666666666667,197.17328129372797,75
22,4,20,130.56,128.23735732060763,75
22,4,21,89.05333333333333,84.69971406647379,75
22,4,22,64.97333333333333,63.78193839268176,75
22,4,23,55.413333333333334,51.32099271254215,75
22,5,0,29.12,25.953343096368027,75
22,5,1,13.73972602739726,11.823165288275401,73
22,5,2,5.119402985074627,4.866440103073813,67
22,5,3,3.463768115942029,3.4080727362218077,69
22,5,4,3.484375,3.3718613451159376,64
22,5,5,5.945205479452055,5.798580884900142,73
22,5,6,14.684931506849315,13.368568331196077,73
22,5,7,32.75675675675676,31.82237028715754,74
22,5,8,59.0,57.983117640185725,74
22,5,9,95.89041095890411,93.34736563621169,73
22,5,10,134.78082191780823,133.40476737827106,73
22,5,11,169.46575342465752,166.29735130461202,73
22,5,12,185.75675675675674,186.03945690647151,74
22,5,13,199.96,193.82793294690933,75
22,5,14,204.78378378378378,214.10358524706731,74
22,5,15,223.2027027027027,209.75902233825403,74
22,5,16,217.4794520547945,211.25776616999417,73
22,5,17,219.57534246575344,209.07125807971465,73
22,5,18,179.34246575342465,179.45377395889565,73
22,5,19,136.09459459459458,139.80109866878928,74
22,5,20,103.91891891891892,103.05768902308661,74
22,5,21,71.67567567567568,70.31440021095439,74
22,5,22,53.0945945945946,52.91541212249496,74
22,5,23,49.794520547945204,47.762444136499575,73
22,6,0,20.45205479452055,22.57132284087905,73
22,6,1,12.575342465753424,11.577027482031355,73
22,6,2,5.236111111111111,4.928055436596391,72
22,6,3,3.7794117647058822,3.4257320807508025,68
22,6,4,3.1166666666666667,3.3414322880424643,60
22,6,5,4.422535211267606,4.63750990111553,71
22,6,6,12.123287671232877,12.347733011307708,73
22,6,7,29.71232876712329,29.1604022088192,73
22,6,8,47.945205479452056,46.50429394910755,73
22,6,9,79.89041095890411,77.75457012571707,73
22,6,10,120.68493150684931,118.91758656642894,73
22,6,11,143.6164383561644,144.87103516237715,73
22,6,12,170.3972602739726,160.0872824763717,73
22,6,13,165.43243243243242,156.69729869855442,74
22,6,14,167.98648648648648,161.04327441888336,74
22,6,15,176.3108108108108,160.43517719399114,74
22,6,16,169.58904109589042,160.46508564976344,73
22,6,17,156.51351351351352,150.61751277637737,74
22,6,18,125.45205479452055,131.2994596403432,73
22,6,19,91.86301369863014,93.35818138804122,73
22,6,20,64.85135135135135,64.95615035980894,74
22,6,21,43.67567567567568,43.85559131636312,74
22,6,22,33.794520547945204,34.671616108074076,73
22,6,23,28.95945945945946,27.753398301487636,74
220,0,0,7.546666666666667,7.698607999901201,75
220,0,1,4.68,5.012586731269176,75
220,0,2,3.9863013698630136,4.033069300794182,73
220,0,3,6.453333333333333,6.225641079849897,75
220,0,4,17.2,18.246787538636223,75
220,0,5,61.84,60.97334072750508,75
220,0,6,127.16,125.22188515205916,75
220,0,7,231.97333333333333,224.00774899217416,75
220,0,8,210.0,209.467745037131,75
220,0,9,120.62666666666667,123.10470818304206,75
220,0,10,85.22666666666667,83.20635422115461,75
220,0,11,77.26666666666667,78.75000848741394,75
220,0,12,88.37333333333333,85.16648030569557,75
220,0,13,102.86666666666666,98.239858111591,75
220,0,14,121.98666666666666,119.29129249984052,75
220,0,15,114.17333333333333,112.62050548277017,75
220,0,16,121.45333333333333,116.59121215999217,75
220,0,17,95.78666666666666,94.95821875616431,75
220,0,18,65.82666666666667,66.35372165566314,75
220,0,19,53.666666666666664,54.566344124831915,75
220,0,20,46.92,46.92658467231679,75
220,0,21,38.04,36.44071798056348,75
220,0,22,26.8,28.266546521212895,75
220,0,23,16.293333333333333,16.513314231169314,75
220,1,0,8.293333333333333,7.680095476389899,75
220,1,1,5.253333333333333,5.176443737099426,75
220,1,2,3.92,3.961566754458501,75
220,1,3,6.173333333333333,6.237586075507834,75
220,1,4,19.226666666666667,19.509428426049258,75
220,1,5,69.89333333333333,67.60341765539151,75
220,1,6,143.54666666666665,140.35198812140086,75
220,1,7,260.0133333333333,260.6332473423412,75
220,1,8,228.56,230.6242580374091,75
220,1,9,133.28,132.88550810960513,75
220,1,10,93.61333333333333,89.60935710030091,75
220,1,11,81.85333333333334,83.49486602748466,75
220,1,12,88.04,89.64238286079699,75
220,1,13,108.41333333333333,102.58952651663049,75
220,1,14,137.96,132.38825642489223,75
220,1,15,119.22666666666667,117.96216684290746,75
220,1,16,123.56,118.44335983586546,75
220,1,17,109.21333333333334,103.56163047309295,75
220,1,18,73.92,71.76373247354361,75
220,1,19,58.6,58.58293005796885,75
220,1,20,49.266666666666666,47.360115201685566,75
220,1,21,38.653333333333336,38.153256128799995,75
220,1,22,29.786666666666665,30.562900673225013,75
220,1,23,17.573333333333334,17.000310200389784,75
220,2,0,8.473684210526315,8.00776659841249,76
220,2,1,4.493150684931507,5.170922466610026,73
220,2,2,4.6,4.132642635853584,75
220,2,3,6.684210526315789,6.261151366856777,76
220,2,4,20.05263157894737,19.55075407660223,76
220,2,5,69.21052631578948,67.16486886926799,76
220,2,6,139.5,139.12051889671926,76
220,2,7,259.4078947368421,259.1369805255968,76
220,2,8,233.01315789473685,229.42638989957533,76
220,2,9,132.75,131.85401527201682,76
220,2,10,92.57894736842105,89.6216165070946,76
220,2,11,89.03947368421052,85.63838013693153,76
220,2,12,90.84210526315789,90.04196276919201,76
220,2,13,106.82894736842105,106.24503704544054,76
220,2,14,132.48684210526315,131.51380544763836,76
220,2,15,122.09210526315789,118.02726836825317,76
220,2,16,120.82894736842105,118.39573782246924,76
220,2,17,101.59210526315789,102.2859540545273,76
220,2,18,72.75,71.7677133079638,76
220,2,19,61.223684210526315,59.34001688672661,76
220,2,20,50.078947368421055,48.557059750637805,76
220,2,21,39.56578947368421,39.64750464608479,76
220,2,22,32.71052631578947,30.898263837270065,76
220,2,23,17.82894736842105,17.32428022181839,76
220,3,0,7.986666666666666,8.039678575701755,75
220,3,1,4.986111111111111,5.379487835772798,72
220,3,2,4.32,4.132540425159423,75
220,3,3,6.426666666666667,6.360749671851541,75
220,3,4,20.666666666666668,19.46291544481277,75
220,3,5,66.36,65.52579840131988,75
220,3,6,131.48,135.94838944033842,75
220,3,7,251.05333333333334,252.77162110017676,75
220,3,8,224.37333333333333,223.82285009311076,75
220,3,9,129.22666666666666,129.31450526561753,75
220,3,10,94.13333333333334,89.13113919439031,75
220,3,11,85.61333333333333,87.28107602800178,75
220,3,12,91.29333333333334,89.09261647690452,75
220,3,13,107.77333333333333,106.91979855362183,75
220,3,14,129.28,130.5549812901442,75
220,3,15,116.66666666666667,116.17410112178074,75
220,3,16,121.54666666666667,117.57134067805768,75
220,3,17,102.78666666666666,101.5662967094021,75
220,3,18,72.90666666666667,71.342790178592,75
220,3,19,54.81333333333333,57.06488052702777,75
220,3,20,49.28,49.55334101666124,75
220,3,21,40.4,40.06160080287743,75
220,3,22,30.866666666666667,30.98071394143631,75
220,3,23,16.76,17.26064711273439,75
220,4,0,8.786666666666667,8.781682998537013,75
220,4,1,5.773333333333333,5.682780451137284,75
220,4,2,4.093333333333334,4.023536384873554,75
220,4,3,6.093333333333334,6.378248209616923,75
220,4,4,18.106666666666666,17.44377495681812,75
220,4,5,61.78666666666667,62.31461187983772,75
220,4,6,124.62666666666667,123.27250531005319,75
220,4,7,234.53333333333333,220.276799073505,75
220,4,8,202.16,203.30992387436532,75
220,4,9,122.6,123.64812216987923,75
220,4,10,89.42666666666666,88.37577539334626,75
220,4,11,92.93333333333334,90.1444780034856,75
220,4,12,99.53333333333333,96.71204854956692,75
220,4,13,112.86666666666666,110.3905808692667,75
220,4,14,136.33333333333334,133.99371627290756,75
220,4,15,120.26666666666667,119.48689420254001,75
220,4,16,124.86666666666666,123.73445102650003,75
220,4,17,103.78666666666666,103.39364158163463,75
220,4,18,78.13333333333334,78.73772247433902,75
220,4,19,64.96,64.56507175961603,75
220,4,20,60.626666666666665,62.00118794069047,75
220,4,21,44.946666666666665,45.973192574595515,75
220,4,22,32.88,33.77827816915268,75
220,4,23,18.44,18.32010921327654,75
220,5,0,10.2,10.94852499506356,75
220,5,1,7.081081081081081,7.002271498902768,74
220,5,2,4.2465753424657535,4.103873420108501,73
220,5,3,7.418918918918919,6.896517932676132,74
220,5,4,9.986486486486486,9.819429864222576,74
220,5,5,22.96,23.38946578068432,75
220,5,6,46.86666666666667,46.1803066316607,75
220,5,7,64.42666666666666,64.49662434939778,75
220,5,8,72.96,71.56883882041507,75
220,5,9,69.32,69.79996225630627,75
220,5,10,70.98666666666666,72.79348344791161,75
220,5,11,74.17333333333333,74.83506733761315,75
220,5,12,78.18666666666667,80.3696595752272,75
220,5,13,81.86666666666666,82.98624710128585,75
220,5,14,88.52,87.17014847742098,75
220,5,15,84.29333333333334,84.16472333456657,75
220,5,16,75.36,75.31402845626943,75
220,5,17,72.57333333333334,73.42316204077282,75
220,5,18,54.50666666666667,55.510711042700315,75
220,5,19,48.346666666666664,51.003231895333116,75
220,5,20,49.88,51.43565301600309,75
220,5,21,41.44,41.406336944887045,75
220,5,22,27.133333333333333,27.872809008261452,75
220,5,23,19.053333333333335,19.232651902668152,75
220,6,0,11.173333333333334,11.360279618878373,75
220,6,1,7.026666666666666,7.072049884561871,75
220,6,2,3.9054054054054053,4.042153125044901,74
220,6,3,5.88,6.634047706368601,75
220,6,4,9.08,9.09916831655141,75
220,6,5,20.746666666666666,19.926420659210066,75
220,6,6,39.52,39.050202467051896,75
220,6,7,46.973333333333336,47.9100800521583,75
220,6,8,57.49333333333333,56.397884980177984,75
220,6,9,50.906666666666666,51.49874502022142,75
220,6,10,56.026666666666664,57.1746117738118,75
220,6,11,60.77333333333333,60.08470266840097,75
220,6,12,66.62666666666667,68.4111912095406,75
220,6,13,72.57333333333334,72.77301800228106,75
220,6,14,70.81333333333333,70.79507512252573,75
220,6,15,60.42666666666667,59.537087441003216,75
220,6,16,57.24,57.37629384375403,75
220,6,17,48.6,49.10751235827298,75
220,6,18,42.17333333333333,42.82533368932993,75
220,6,19,38.8,37.320407337805776,75
220,6,20,37.17333333333333,36.850903375565785,75
220,6,21,29.733333333333334,30.098256825122128,75
220,6,22,21.8,22.06185422681595,75
220,6,23,14.893333333333333,15.101445794294765,75
222,0,0,23.96,22.913586491506067,75
222,0,1,7.066666666666666,7.531052131105556,75
222,0,2,5.635135135135135,5.155325716338758,74
222,0,3,4.75,5.364394937006377,72
222,0,4,12.773333333333333,11.460947798662746,75
222,0,5,43.81333333333333,43.456580385245665,75
222,0,6,159.58666666666667,160.0565083064599,75
222,0,7,539.2533333333333,521.6505451228778,75
222,0,8,782.7733333333333,787.4110886883368,75
222,0,9,531.7066666666667,534.7727255432927,75
222,0,10,343.0933333333333,349.03366952161394,75
222,0,11,321.4533333333333,324.8374329754954,75
222,0,12,311.1066666666667,317.9384251454935,75
222,0,13,318.0133333333333,327.48332495264657,75
222,0,14,365.2,371.9207911241645,75
222,0,15,380.36,394.99711186965465,75
222,0,16,420.0,437.7176413557268,75
222,0,17,423.0933333333333,439.46896596057866,75
222,0,18,335.08,365.36393904744045,75
222,0,19,250.69333333333333,243.46171804771876,75
222,0,20,200.98666666666668,199.55456405976653,75
222,0,21,120.37333333333333,118.95500432216215,75
222,0,22,83.98666666666666,82.03568387186567,75
222,0,23,56.64,56.84369058368369,75
222,1,0,21.333333333333332,22.549924542776637,75
222,1,1,5.63013698630137,7.480842393056927,73
222,1,2,5.16,5.197298070396417,75
222,1,3,5.613333333333333,5.61908300407823,75
222,1,4,12.44,11.620271287153395,75
222,1,5,47.64,45.802103461422085,75
222,1,6,181.86666666666667,174.04900728733472,75
222,1,7,633.9733333333334,625.8450962302222,75
222,1,8,956.3866666666667,935.431599520241,75
222,1,9,621.7333333333333,633.5493293774118,75
222,1,10,386.2432432432432,392.8639625337041,74
222,1,11,329.7837837837838,338.283778634275,74
222,1,12,317.2,337.1525605777977,75
222,1,13,327.49333333333334,338.7614997941544,75
222,1,14,373.73333333333335,399.2119044304429,75
222,1,15,427.14666666666665,434.9201576990431,75
222,1,16,455.25333333333333,488.93257619980216,75
222,1,17,452.93333333333334,489.77150850863165,75
222,1,18,393.4,411.6645896390103,75
222,1,19,247.92,287.6145926132454,75
222,1,20,202.09333333333333,222.34747662644062,75
222,1,21,125.06666666666666,125.53254316617944,75
222,1,22,84.90666666666667,89.98367893436983,75
222,1,23,49.46666666666667,55.70749648601304,75
222,2,0,23.55263157894737,24.316033630449464,76
222,2,1,7.973333333333334,8.334767282289235,75
222,2,2,5.815789473684211,5.763593862784305,76
222,2,3,6.302631578947368,5.797550996688998,76
222,2,4,11.947368421052632,11.676172317355325,76
222,2,5,45.28947368421053,45.41862775931654,76
222,2,6,174.1184210526316,165.19544213436794,76
222,2,7,605.9605263157895,622.903657162743,76
222,2,8,931.1842105263158,925.3431201453859,76
222,2,9,628.8157894736842,628.2824942775845,76
222,2,10,382.89473684210526,390.5910467251086,76
222,2,11,347.35526315789474,348.2608987556218,76
222,2,12,334.7368421052632,348.2176177535937,76
222,2,13,343.0394736842105,349.0957381065188,76
222,2,14,359.67105263157896,399.59359641305656,76
222,2,15,409.4342105263158,435.8330337449997,76
222,2,16,481.80263157894734,488.8992450045406,76
222,2,17,473.9736842105263,489.46908342353123,76
222,2,18,380.64473684210526,410.3079742693633,76
222,2,19,259.3157894736842,288.16092769472584,76
222,2,20,210.07894736842104,221.952239512441,76
222,2,21,129.73684210526315,132.89601442292397,76
222,2,22,96.0,99.61230611521229,76
222,2,23,58.473684210526315,62.396786852238534,76
222,3,0,25.85333333333333,25.31027473856534,75
222,3,1,7.594594594594595,8.44932812383536,74
222,3,2,6.22972972972973,5.957567821951609,74
222,3,3,5.8533333333333335,5.875794582607001,75
222,3,4,11.213333333333333,11.706423964345161,75
222,3,5,46.946666666666665,44.897485162267685,75
222,3,6,168.84,162.40804625093324,75
222,3,7,595.1333333333333,607.8126683944373,75
222,3,8,889.8533333333334,901.4566739060773,75
222,3,9,623.8513513513514,618.789791317818,74
222,3,10,388.28,388.1483084656176,75
222,3,11,344.84,346.9435462853668,75
222,3,12,336.7733333333333,347.0330017682824,75
222,3,13,344.7733333333333,348.6719825213285,75
222,3,14,395.16,405.19766281589307,75
222,3,15,425.2133333333333,435.7940562312671,75
222,3,16,470.0933333333333,490.95693164326434,75
222,3,17,458.52,492.03694631006096,75
222,3,18,411.6666666666667,429.52587692146375,75
222,3,19,265.32,289.5048750611858,75
222,3,20,217.34666666666666,225.50256073939264,75
222,3,21,147.0,142.17258246199,75
222,3,22,97.53333333333333,102.56038920261877,75
222,3,23,60.666666666666664,63.80273145423066,75
222,4,0,26.56,27.955439745663092,75
222,4,1,8.746666666666666,9.738944164228375,75
222,4,2,5.972972972972973,5.778844664344611,74
222,4,3,5.28,5.6581945544848695,75
222,4,4,11.226666666666667,11.519298535999075,75
222,4,5,42.373333333333335,43.11364801932566,75
222,4,6,151.44,149.5221058419104,75
222,4,7,530.3466666666667,530.03452478684,75
222,4,8,710.6,720.0577420911947,75
222,4,9,528.7733333333333,529.4101866486734,75
222,4,10,380.84,393.5735439459786,75
222,4,11,354.74666666666667,355.0115348912466,75
222,4,12,369.5733333333333,355.26246887451816,75
222,4,13,384.26666666666665,358.8171722344675,75
222,4,14,436.84,411.23529566558017,75
222,4,15,459.46666666666664,440.9029589727771,75
222,4,16,500.1333333333333,493.6597989564495,75
222,4,17,524.5466666666666,494.38769840938767,75
222,4,18,485.72,440.8439035473902,75
222,4,19,335.29333333333335,300.4071798006483,75
222,4,20,253.10666666666665,243.5653247511985,75
222,4,21,174.36,169.3564099807739,75
222,4,22,141.42666666666668,138.90969159076047,75
222,4,23,101.05333333333333,95.54663492953831,75
222,5,0,56.32,49.41263204562819,75
222,5,1,19.946666666666665,19.22482712875019,75
222,5,2,7.821917808219178,7.520747243009065,73
222,5,3,5.851351351351352,5.975368477611926,74
222,5,4,10.12,9.671788786127264,75
222,5,5,18.88,18.18950790931217,75
222,5,6,53.0,67.65018923076137,75
222,5,7,110.73333333333333,110.32843921462624,75
222,5,8,201.33333333333334,203.35829310480318,75
222,5,9,279.74666666666667,283.80481347086175,75
222,5,10,355.6,370.56655848995126,75
222,5,11,419.85333333333335,421.62297146042937,75
222,5,12,447.72,428.8729557100735,75
222,5,13,441.64,429.1083393810696,75
222,5,14,428.8933333333333,426.4949279800308,75
222,5,15,435.70666666666665,436.8276351668437,75
222,5,16,462.9866666666667,441.1038983308824,75
222,5,17,467.4,440.4562431741455,75
222,5,18,420.8933333333333,417.2714095903172,75
222,5,19,319.61333333333334,278.2799135744549,75
222,5,20,233.82666666666665,227.3725135598221,75
222,5,21,168.29333333333332,171.44520120787658,75
222,5,22,129.01333333333332,130.0546195920723,75
222,5,23,88.8,90.46073138357704,75
222,6,0,42.333333333333336,46.10280320904211,75
222,6,1,19.493333333333332,18.792185313934755,75
222,6,2,7.324324324324325,7.644917958484595,74
222,6,3,5.602941176470588,5.969830166679869,68
222,6,4,8.186666666666667,9.19073219669924,75
222,6,5,14.2,15.060672615980684,75
222,6,6,40.053333333333335,41.86670410710285,75
222,6,7,85.82666666666667,89.17926601419057,75
222,6,8,152.74666666666667,155.58543303046966,75
222,6,9,249.46666666666667,254.62767608083954,75
222,6,10,319.7733333333333,320.7480723690736,75
222,6,11,379.49333333333334,369.97774687719505,75
222,6,12,396.25333333333333,374.13672979312395,75
222,6,13,384.7866666666667,372.2565764698999,75
222,6,14,352.8933333333333,358.50880135531503,75
222,6,15,357.62666666666667,350.49336406764934,75
222,6,16,376.06666666666666,356.1336863889529,75
222,6,17,353.3333333333333,349.4308010908069,75
222,6,18,314.2,312.25022705032137,75
222,6,19,225.13333333333333,220.19742948093239,75
222,6,20,187.98666666666668,193.25589548172982,75
222,6,21,122.46666666666667,124.47059818128146,75
222,6,22,88.74666666666667,84.49777380786203,75
222,6,23,56.45333333333333,54.35461891895211,75
223,0,0,75.76,71.61904212334275,75
223,0,1,21.16,21.898484813048398,75
223,0,2,12.986666666666666,14.001363968990548,75
223,0,3,10.546666666666667,11.678850826666842,75
223,0,4,18.906666666666666,19.677722050832433,75
223,0,5,47.38666666666666,51.12343452586895,75
223,0,6,135.76,140.4546249108957,75
223,0,7,415.17333333333335,429.9462890280352,75
223,0,8,791.0133333333333,794.9400105150174,75
223,0,9,577.0266666666666,585.9077836211427,75
223,0,10,422.41333333333336,423.1889789247299,75
223,0,11,451.58666666666664,451.7031896333905,75
223,0,12,494.41333333333336,499.13802471922156,75
223,0,13,560.3466666666667,557.8773487574731,75
223,0,14,760.2933333333333,770.9024905989372,75
223,0,15,1085.6533333333334,1083.5708434979822,75
223,0,16,1366.12,1385.5761345396465,75
223,0,17,1566.3866666666668,1574.925234030506,75
223,0,18,1224.36,1248.8935047131356,75
223,0,19,802.7866666666666,782.4448745060519,75
223,0,20,591.4933333333333,571.7763546201363,75
223,0,21,389.9066666666667,384.98385056383756,75
223,0,22,310.14666666666665,302.0362128847897,75
223,0,23,217.61333333333334,210.77337356240886,75
223,1,0,100.53333333333333,88.62247621146385,75
223,1,1,25.32,25.850521277010362,75
223,1,2,15.36,14.847784874850126,75
223,1,3,13.146666666666667,12.308927000002441,75
223,1,4,21.613333333333333,20.678943762790958,75
223,1,5,53.74666666666667,55.856460763805636,75
223,1,6,152.01333333333332,155.6729049298295,75
223,1,7,510.1333333333333,511.21303081264125,75
223,1,8,1057.4666666666667,1026.8952492150502,75
223,1,9,749.36,774.543558694453,75
223,1,10,475.7866666666667,468.37431100478705,75
223,1,11,489.4266666666667,499.23678441609616,75
223,1,12,535.16,556.2852409298782,75
223,1,13,599.7333333333333,607.3145795416954,75
223,1,14,806.8533333333334,831.8652723368499,75
223,1,15,1150.2933333333333,1203.9757947548146,75
223,1,16,1508.4,1540.0047386067354,75
223,1,17,1790.4933333333333,1813.3407866722137,75
223,1,18,1449.4533333333334,1435.8476487961352,75
223,1,19,916.0266666666666,936.2844411292944,75
223,1,20,661.08,688.6036149873925,75
223,1,21,444.76,453.2696230627745,75
223,1,22,348.50666666666666,350.05058894948144,75
223,1,23,238.61333333333334,274.24428768257036,75
223,2,0,109.55263157894737,97.83833775192939,76
223,2,1,35.5921052631579,34.21666120335707,76
223,2,2,17.43421052631579,16.141497788207072,76
223,2,3,13.947368421052632,12.870667136894568,76
223,2,4,22.0,20.791286694805535,76
223,2,5,57.5921052631579,55.872484622306224,76
223,2,6,150.80263157894737,153.886707069592,76
223,2,7,493.63157894736844,505.6112400983045,76
223,2,8,1031.2236842105262,1014.5284520803109,76
223,2,9,742.0657894736842,763.1668339998303,76
223,2,10,482.7105263157895,467.7682627898164,76
223,2,11,494.25,506.2173088704504,76
223,2,12,539.0526315789474,568.2289173750712,76
223,2,13,611.5921052631579,609.6819785189872,76
223,2,14,794.578947368421,833.28294887703,76
223,2,15,1139.6184210526317,1191.8781729369766,76
223,2,16,1490.578947368421,1518.5199356613168,76
223,2,17,1725.1447368421052,1783.4818056728093,76
223,2,18,1398.5,1417.9405635573603,76
223,2,19,924.1447368421053,927.7669081393785,76
223,2,20,667.7894736842105,681.3146857112588,76
223,2,21,453.7236842105263,452.8188681147387,76
223,2,22,356.63157894736844,351.3039994704435,76
223,2,23,254.27631578947367,278.5679692664885,76
223,3,0,111.94666666666667,98.90280451282003,75
223,3,1,34.22666666666667,34.839841264807596,75
223,3,2,16.293333333333333,16.33281064789801,75
223,3,3,13.226666666666667,12.875235890770785,75
223,3,4,20.893333333333334,20.855122840534516,75
223,3,5,57.61333333333334,55.840068194147875,75
223,3,6,144.54666666666665,151.70803781386908,75
223,3,7,462.9066666666667,494.36786784943524,75
223,3,8,963.5333333333333,982.3171727962018,75
223,3,9,713.9866666666667,742.9452301160183,75
223,3,10,476.0933333333333,465.5468844932446,75
223,3,11,498.52,502.98090259847737,75
223,3,12,542.0533333333333,562.5669403228295,75
223,3,13,614.4133333333333,602.6820488842858,75
223,3,14,815.1733333333333,823.9660822250063,75
223,3,15,1183.3733333333332,1180.105535408934,75
223,3,16,1504.0133333333333,1498.1040841383895,75
223,3,17,1729.04,1760.3649852872031,75
223,3,18,1419.16,1400.2628592553829,75
223,3,19,943.7466666666667,918.4752287427988,75
223,3,20,678.16,674.364500289029,75
223,3,21,488.52,460.88083355488277,75
223,3,22,380.32,387.9877084438446,75
223,3,23,270.74666666666667,285.70687697124595,75
223,4,0,119.85333333333334,111.90280599428112,75
223,4,1,36.46666666666667,36.1564384335265,75
223,4,2,18.706666666666667,18.984030647110124,75
223,4,3,14.373333333333333,13.788645763397392,75
223,4,4,20.30666666666667,19.492965465488986,75
223,4,5,52.32,52.502379493158884,75
223,4,6,130.36,140.83022906887751,75
223,4,7,369.46666666666664,379.53567632230386,75
223,4,8,588.24,582.0538929314574,75
223,4,9,498.72,515.3271091068711,75
223,4,10,436.4,466.5405965386647,75
223,4,11,509.29333333333335,514.9639100049977,75
223,4,12,566.7066666666667,584.5355001051686,75
223,4,13,652.96,644.0374639354012,75
223,4,14,876.4133333333333,841.0472075160626,75
223,4,15,1179.48,1183.3733822949566,75
223,4,16,1405.4266666666667,1445.30758107585,75
223,4,17,1535.7466666666667,1546.027625893123,75
223,4,18,1290.5866666666666,1372.394831001063,75
223,4,19,901.72,910.1906246011968,75
223,4,20,619.5333333333333,667.9128785696097,75
223,4,21,464.12,469.03938250109513,75
223,4,22,418.93333333333334,416.4924984097041,75
223,4,23,354.44,297.3040784445618,75
223,5,0,168.86666666666667,171.55801432603673,75
223,5,1,58.346666666666664,55.84721565576574,75
223,5,2,27.546666666666667,26.31987493333539,75
223,5,3,20.733333333333334,20.29229043089989,75
223,5,4,19.72,18.74360274290971,75
223,5,5,38.85333333333333,35.670594129477635,75
223,5,6,82.10666666666667,81.22782366521865,75
223,5,7,155.36,156.83397190517616,75
223,5,8,221.14666666666668,217.05014684507634,75
223,5,9,299.02666666666664,293.4806131152151,75
223,5,10,403.70666666666665,406.07206925653026,75
223,5,11,530.7466666666667,530.2978497458419,75
223,5,12,641.8666666666667,643.9362106191543,75
223,5,13,704.04,714.8108266381973,75
223,5,14,741.24,756.6182400441215,75
223,5,15,829.8133333333334,816.436272063836,75
223,5,16,867.84,871.554402993449,75
223,5,17,871.4533333333334,858.9620825309604,75
223,5,18,881.0533333333333,879.1280146764842,75
223,5,19,735.2266666666667,737.2690427553845,75
223,5,20,527.56,534.4199062107004,75
223,5,21,396.02666666666664,405.7115881588068,75
223,5,22,361.16,372.18136289717586,75
223,5,23,307.1333333333333,301.88226002969236,75
223,6,0,155.86666666666667,167.8586013914261,75
223,6,1,60.49333333333333,56.36303016701084,75
223,6,2,26.27027027027027,25.67976066562855,74
223,6,3,17.106666666666666,18.333052417092176,75
223,6,4,15.853333333333333,16.700748297193645,75
223,6,5,29.333333333333332,29.863743467863085,75
223,6,6,63.626666666666665,62.86761234038017,75
223,6,7,121.36,121.17903725589048,75
223,6,8,172.8,172.25576361269253,75
223,6,9,239.72,238.22359662061163,75
223,6,10,351.72,353.5349971980676,75
223,6,11,463.49333333333334,464.60527346196693,75
223,6,12,560.0,568.8838311626259,75
223,6,13,591.4,619.2866201620641,75
223,6,14,604.8266666666667,607.3364167961073,75
223,6,15,632.4133333333333,630.5533449112565,75
223,6,16,664.3066666666666,659.1701988776096,75
223,6,17,657.0133333333333,656.1037011154198,75
223,6,18,595.8133333333334,604.8441574462389,75
223,6,19,483.9866666666667,480.62945664746525,75
223,6,20,345.7866666666667,346.4255032049739,75
223,6,21,246.14666666666668,264.38342166964696,75
223,6,22,245.73333333333332,235.23373486110614,75
223,6,23,167.64,160.42603262698591,75
224,0,0,78.8,77.48288010618613,75
224,0,1,25.026666666666667,25.753980148700624,75
224,0,2,14.706666666666667,15.129416664309552,75
224,0,3,9.933333333333334,11.055618969306956,75
224,0,4,16.546666666666667,15.29767022782535,75
224,0,5,21.093333333333334,22.6216716551206,75
224,0,6,52.12,51.93095427951236,75
224,0,7,114.2,115.6357907770041,75
224,0,8,192.24,210.61379347684522,75
224,0,9,215.89333333333335,223.48591506696457,75
224,0,10,258.05333333333334,259.26461173541725,75
224,0,11,301.17333333333335,312.54057843335033,75
224,0,12,371.17333333333335,387.019151104784,75
224,0,13,457.50666666666666,457.0583391759166,75
224,0,14,606.7466666666667,619.7123296462464,75
224,0,15,801.8266666666667,842.467253943248,75
224,0,16,1019.8,1065.5456865577473,75
224,0,17,1518.52,1547.2439597343812,75
224,0,18,1254.8,1265.8025367640043,75
224,0,19,717.0533333333333,714.777791925665,75
224,0,20,446.85333333333335,453.21421334283133,75
224,0,21,356.1333333333333,372.27683719882754,75
224,0,22,349.7733333333333,352.38893135491696,75
224,0,23,253.24324324324326,244.9650810498075,74
224,1,0,127.97297297297297,127.44690889913609,74
224,1,1,36.58904109589041,33.860270273528094,73
224,1,2,14.84,15.045546782704987,75
224,1,3,9.904109589041095,11.070600085561386,73
224,1,4,14.026666666666667,14.610373994239614,75
224,1,5,22.16,22.98744875776043,75
224,1,6,54.373333333333335,54.981288652133394,75
224,1,7,126.92,130.46852339099456,75
224,1,8,232.45333333333335,243.61367089897345,75
224,1,9,251.05333333333334,277.51317508213384,75
224,1,10,261.3466666666667,287.3490026962019,75
224,1,11,318.72,341.2956410051898,75
224,1,12,390.29333333333335,421.49311370710143,75
224,1,13,485.36,494.0414599857027,75
224,1,14,648.6266666666667,705.1537204932142,75
224,1,15,872.0,951.1525683564217,75
224,1,16,1145.68,1182.6010359228576,75
224,1,17,1829.28,1830.984714072268,75
224,1,18,1479.5066666666667,1488.942796653616,75
224,1,19,822.0933333333334,839.024759028293,75
224,1,20,526.8933333333333,538.0265584038924,75
224,1,21,440.8,468.37944326780746,75
224,1,22,413.96,463.7530573801024,75
224,1,23,287.02666666666664,294.68176846018054,75
224,2,0,165.14666666666668,163.85528148589634,75
224,2,1,52.24324324324324,49.984626298823855,74
224,2,2,18.41891891891892,16.782259943315786,74
224,2,3,11.297297297297296,11.77341212290722,74
224,2,4,13.578947368421053,14.572309265588952,76
224,2,5,22.68421052631579,23.094939613245202,76
224,2,6,51.11842105263158,54.56266339070411,76
224,2,7,126.42105263157895,126.97080246487897,76
224,2,8,226.8421052631579,241.29176532739007,76
224,2,9,258.2105263157895,275.2377920466881,76
224,2,10,273.1842105263158,288.14726249574613,76
224,2,11,322.80263157894734,340.641422631734,76
224,2,12,396.75,424.2898376706021,76
224,2,13,502.5,507.58754865481404,76
224,2,14,670.3026315789474,707.2753877452977,76
224,2,15,884.828947368421,952.2528817975043,76
224,2,16,1178.5394736842106,1183.1774740380947,76
224,2,17,1821.1052631578948,1808.9222150776366,76
224,2,18,1482.2631578947369,1471.9426150024472,76
224,2,19,855.6184210526316,839.1467791355,76
224,2,20,554.4473684210526,543.8888237455509,76
224,2,21,461.60526315789474,472.62885685913227,76
224,2,22,459.8933333333333,470.7811484235732,75
224,2,23,325.64,301.77259933431253,75
224,3,0,181.4931506849315,173.72093436971363,73
224,3,1,55.76712328767123,50.99924099406241,73
224,3,2,19.589041095890412,17.599698244166753,73
224,3,3,13.383561643835616,12.750554666871462,73
224,3,4,14.946666666666667,14.9432734392041,75
224,3,5,23.44,22.963151182704152,75
224,3,6,52.906666666666666,54.78517121053821,75
224,3,7,118.8,123.69608165967419,75
224,3,8,221.01351351351352,237.79126266210403,74
224,3,9,246.26666666666668,271.5869696172225,75
224,3,10,272.2133333333333,287.4238453379362,75
224,3,11,340.17333333333335,344.48845212951574,75
224,3,12,408.3066666666667,425.34100319392024,75
224,3,13,501.88,507.6856163331525,75
224,3,14,675.6933333333334,705.1122307292985,75
224,3,15,911.52,951.0347130464517,75
224,3,16,1145.5466666666666,1165.571161965134,75
224,3,17,1695.28,1779.6012360683476,75
224,3,18,1380.9466666666667,1445.9486991571096,75
224,3,19,824.72,816.1265314379809,75
224,3,20,552.3866666666667,546.3857393954139,75
224,3,21,483.6666666666667,473.62251409468513,75
224,3,22,448.49333333333334,472.21130934015247,75
224,3,23,318.5405405405405,328.09400006348716,74
224,4,0,161.52702702702703,160.5658244441684,74
224,4,1,52.3013698630137,49.73845234975041,73
224,4,2,21.71232876712329,20.252969831998094,73
224,4,3,14.068493150684931,14.07475993765354,73
224,4,4,15.946666666666667,16.281943400947718,75
224,4,5,23.4,23.23246010922088,75
224,4,6,49.61333333333334,51.17713114371095,75
224,4,7,112.74666666666667,113.7582836849254,75
224,4,8,184.84,188.80251720009517,75
224,4,9,233.26666666666668,243.40934106943712,75
224,4,10,292.70666666666665,293.63614157232416,75
224,4,11,344.44,352.7546463216038,75
224,4,12,428.70666666666665,430.5268057431606,75
224,4,13,529.7466666666667,520.4479572590393,75
224,4,14,692.16,712.9544675977894,75
224,4,15,917.76,952.0788731896293,75
224,4,16,1059.7466666666667,1142.714866763888,75
224,4,17,1173.7466666666667,1225.4701947786043,75
224,4,18,978.0666666666667,1006.9227388646706,75
224,4,19,712.84,771.296368547916,75
224,4,20,556.52,553.744847856496,75
224,4,21,484.64,480.11152071427824,75
224,4,22,514.8133333333334,479.3604461895162,75
224,4,23,384.72,391.3570695294679,75
224,5,0,215.66666666666666,216.23864425812403,75
224,5,1,73.78378378378379,83.88285199056132,74
224,5,2,33.36486486486486,31.371373010555175,74
224,5,3,19.77027027027027,20.18312755589804,74
224,5,4,15.445945945945946,15.564884598323937,74
224,5,5,20.893333333333334,20.233808449093214,75
224,5,6,40.54666666666667,37.78368374223737,75
224,5,7,74.56,70.82145213992094,75
224,5,8,114.38666666666667,113.39686201803485,75
224,5,9,192.76,190.99252423783378,75
224,5,10,297.28,276.3497620232564,75
224,5,11,379.93333333333334,364.84753053144556,75
224,5,12,466.08,458.6510277554454,75
224,5,13,554.1066666666667,542.2043645574298,75
224,5,14,686.72,670.567368067655,75
224,5,15,830.6666666666666,823.8707445354358,75
224,5,16,916.0666666666667,888.6250303096302,75
224,5,17,909.56,903.9156404752229,75
224,5,18,770.6266666666667,800.1160095701118,75
224,5,19,615.76,626.2483984006199,75
224,5,20,473.52,473.50695001461395,75
224,5,21,428.56,439.38150342780204,75
224,5,22,453.94666666666666,442.4785292839047,75
224,5,23,359.74666666666667,360.3378692668867,75
224,6,0,194.29333333333332,193.15707222873905,75
224,6,1,75.04,82.84778099994455,75
224,6,2,29.824324324324323,30.655734770102082,74
224,6,3,20.026666666666667,19.727466956813608,75
224,6,4,16.626666666666665,16.089330619373712,75
224,6,5,21.506666666666668,20.85384663232163,75
224,6,6,36.333333333333336,35.147193785404255,75
224,6,7,62.8,63.521711871583285,75
224,6,8,91.0,93.39533971588726,75
224,6,9,166.86666666666667,164.65404987338306,75
224,6,10,253.44,250.05152115265227,75
224,6,11,325.8666666666667,333.443433344943,75
224,6,12,423.29333333333335,407.5857348927934,75
224,6,13,482.4533333333333,488.2771008761092,75
224,6,14,557.7733333333333,541.9713159111536,75
224,6,15,669.2933333333333,675.7413378019334,75
224,6,16,751.6,723.8968597564032,75
224,6,17,739.9333333333333,747.4861642145897,75
224,6,18,627.7066666666667,649.7529065766258,75
224,6,19,445.38666666666666,444.985382716206,75
224,6,20,299.8666666666667,305.98083602514305,75
224,6,21,272.4266666666667,278.38835087881114,75
224,6,22,285.17333333333335,280.1099011269647,75
224,6,23,211.2,206.67237198888847,75
225,0,0,290.4266666666667,290.6831353826934,75
225,0,1,90.36,91.66797091357029,75
225,0,2,50.16,50.10213781448151,75
225,0,3,31.56,33.49058922478769,75
225,0,4,30.413333333333334,30.586177529522114,75
225,0,5,44.4,44.53317439669868,75
225,0,6,127.89333333333333,132.63220475225066,75
225,0,7,263.3333333333333,276.60742368939265,75
225,0,8,387.70666666666665,399.38133399649854,75
225,0,9,564.0933333333334,569.0136789138611,75
225,0,10,799.16,762.7865109243221,75
225,0,11,1032.2533333333333,1027.7127224798626,75
225,0,12,1324.6933333333334,1316.3032956924908,75
225,0,13,1575.8133333333333,1564.005479012414,75
225,0,14,2171.733333333333,2153.601134601263,75
225,0,15,3086.3333333333335,3083.6122942123575,75
225,0,16,4797.653333333334,4745.348446293867,75
225,0,17,8816.706666666667,8801.234386114795,75
225,0,18,6105.706666666667,6083.347623548248,75
225,0,19,3100.44,3060.511593292528,75
225,0,20,1796.1333333333334,1781.4079181794132,75
225,0,21,1240.9733333333334,1239.9916178733004,75
225,0,22,909.84,913.9458148483228,75
225,0,23,634.56,617.3202387643863,75
225,1,0,570.3513513513514,572.1505004048998,74
225,1,1,139.48,139.70616736545608,75
225,1,2,65.04054054054055,63.781672629114404,74
225,1,3,32.6,34.13602666733503,75
225,1,4,35.81333333333333,37.239214681784205,75
225,1,5,58.57333333333333,59.7339998293994,75
225,1,6,142.06666666666666,145.0423284634029,75
225,1,7,286.82666666666665,304.5768427716049,75
225,1,8,430.85333333333335,438.04934757005674,75
225,1,9,615.12,621.3616882668009,75
225,1,10,868.6266666666667,862.2429812625363,75
225,1,11,1123.6266666666668,1124.1489828104443,75
225,1,12,1484.96,1472.507216300465,75
225,1,13,1778.3466666666666,1778.489969774302,75
225,1,14,2441.6666666666665,2455.1656034757075,75
225,1,15,3554.12,3616.3004785805156,75
225,1,16,5990.666666666667,5955.139389180633,75
225,1,17,11646.08,11611.645301828614,75
225,1,18,7807.333333333333,7786.023053355937,75
225,1,19,3882.693333333333,3847.8860560047183,75
225,1,20,2226.2266666666665,2189.7690492797283,75
225,1,21,1782.24,1734.703739319115,75
225,1,22,1259.1466666666668,1332.7433750451423,75
225,1,23,709.2837837837837,775.0662957531284,74
225,2,0,673.0921052631579,668.3372584582376,76
225,2,1,171.55263157894737,169.2064142907319,76
225,2,2,73.97368421052632,71.0399434679177,76
225,2,3,37.69736842105263,38.64870459561982,76
225,2,4,38.31578947368421,38.90158994063366,76
225,2,5,63.276315789473685,61.9678961494534,76
225,2,6,148.23684210526315,145.12691641807024,76
225,2,7,297.0657894736842,302.9557647312057,76
225,2,8,434.89473684210526,435.20735724215746,76
225,2,9,630.3947368421053,618.1459067395926,76
225,2,10,871.1052631578947,860.4444819032118,76
225,2,11,1130.5394736842106,1126.1781229578364,76
225,2,12,1502.0657894736842,1494.6844163574708,76
225,2,13,1825.592105263158,1806.5890962396543,76
225,2,14,2476.2763157894738,2487.0973810630785,76
225,2,15,3640.6447368421054,3620.669130274369,76
225,2,16,6039.921052631579,5979.270576403005,76
225,2,17,11387.657894736842,11408.846132275405,76
225,2,18,7696.0,7693.584432685435,76
225,2,19,3901.1052631578946,3846.880171556046,76
225,2,20,2254.5526315789475,2193.023600981136,76
225,2,21,1700.9473684210527,1732.8866676711011,76
225,2,22,1388.6052631578948,1377.764990221227,76
225,2,23,792.5526315789474,799.7513466130329,76
225,3,0,698.4,679.8604996608109,75
225,3,1,185.82432432432432,179.18134704905503,74
225,3,2,78.98666666666666,74.66099937003477,75
225,3,3,38.88,40.43435978636731,75
225,3,4,40.4054054054054,39.51160414456526,74
225,3,5,64.66666666666667,62.74842565187289,75
225,3,6,146.46666666666667,144.33395297537615,75
225,3,7,288.1333333333333,299.8487119162268,75
225,3,8,434.82666666666665,428.6671913495307,75
225,3,9,626.1466666666666,609.2501655185677,75
225,3,10,877.2,857.973759769947,75
225,3,11,1197.7333333333333,1164.453149010864,75
225,3,12,1521.52,1495.9844729226336,75
225,3,13,1814.8933333333334,1801.8427629916378,75
225,3,14,2503.7733333333335,2488.0135611971523,75
225,3,15,3566.4933333333333,3554.042915026738,75
225,3,16,5645.266666666666,5654.5971296073285,75
225,3,17,10246.386666666667,10247.094065002302,75
225,3,18,7142.76,7198.360812503326,75
225,3,19,3774.4533333333334,3761.8102420785294,75
225,3,20,2289.0133333333333,2163.3055725219433,75
225,3,21,1860.2133333333334,1772.2083518257894,75
225,3,22,1404.5466666666666,1388.9692312357638,75
225,3,23,823.1081081081081,822.7009265489025,74
225,4,0,684.6933333333334,639.1202342961519,75
225,4,1,185.8783783783784,175.89633110580655,74
225,4,2,81.58108108108108,78.18749530345787,74
225,4,3,43.58108108108108,44.16051505317962,74
225,4,4,42.72,40.56260297198278,75
225,4,5,63.68,63.567544962082735,75
225,4,6,146.30666666666667,143.32335981227266,75
225,4,7,277.50666666666666,276.20648950032125,75
225,4,8,421.93333333333334,405.39442294168947,75
225,4,9,633.6133333333333,604.0785710921658,75
225,4,10,916.0,866.3176775214863,75
225,4,11,1196.2666666666667,1164.8397362590802,75
225,4,12,1614.08,1594.6540842749428,75
225,4,13,2053.346666666667,1959.7192623054264,75
225,4,14,2789.0,2608.960679673936,75
225,4,15,3717.3866666666668,3653.191794949086,75
225,4,16,4779.0,4764.436435544026,75
225,4,17,6020.64,6032.612101942248,75
225,4,18,4145.786666666667,4104.033470730966,75
225,4,19,2637.6133333333332,2623.540338926987,75
225,4,20,1906.52,2045.7454069883051,75
225,4,21,1616.0266666666666,1663.484206642561,75
225,4,22,1488.4533333333334,1431.056206877459,75
225,4,23,988.44,942.5930437545964,75
225,5,0,797.0933333333334,784.5143310169171,75
225,5,1,245.34666666666666,244.77008117913172,75
225,5,2,111.48,109.59451637631791,75
225,5,3,62.56,59.53858543064251,75
225,5,4,47.64,47.54616010810205,75
225,5,5,54.76,52.8078418656765,75
225,5,6,97.12,98.66067433478983,75
225,5,7,160.01333333333332,160.64493983394814,75
225,5,8,213.56,211.93871424926888,75
225,5,9,326.1066666666667,321.6419543761529,75
225,5,10,562.8,557.5971343355427,75
225,5,11,779.7066666666667,784.9319098118237,75
225,5,12,939.9333333333333,931.1698331124093,75
225,5,13,1115.48,1113.8837467095311,75
225,5,14,1385.6133333333332,1382.6745478324622,75
225,5,15,1759.92,1743.0409807280314,75
225,5,16,2135.56,2124.508220851436,75
225,5,17,2099.1466666666665,2062.7714828367943,75
225,5,18,1832.4933333333333,1799.2188638836658,75
225,5,19,1574.0533333333333,1553.7486367480114,75
225,5,20,1266.9733333333334,1259.0687277285833,75
225,5,21,1201.1866666666667,1195.6697516708748,75
225,5,22,1323.04,1312.527501887719,75
225,5,23,955.64,951.5011072037299,75
225,6,0,539.6933333333334,538.6252774170024,75
225,6,1,235.14666666666668,230.73523920622475,75
225,6,2,104.78378378378379,105.6915821483049,74
225,6,3,63.666666666666664,60.789356493317406,75
225,6,4,50.266666666666666,48.447014821642846,75
225,6,5,48.48,49.56573950071501,75
225,6,6,85.33333333333333,86.22260383664721,75
225,6,7,152.49333333333334,152.21372745767798,75
225,6,8,216.08,212.8254720675175,75
225,6,9,324.64,321.0458216451372,75
225,6,10,477.8666666666667,471.8216717560242,75
225,6,11,669.4133333333333,657.1899019748777,75
225,6,12,821.8933333333333,812.5683094814532,75
225,6,13,922.68,937.6980529246791,75
225,6,14,1089.9733333333334,1095.7351966487215,75
225,6,15,1374.9066666666668,1366.7506958736506,75
225,6,16,1655.68,1651.247964523142,75
225,6,17,1778.9866666666667,1767.513758587954,75
225,6,18,1624.6933333333334,1617.74405963999,75
225,6,19,1146.4133333333334,1131.3624223899303,75
225,6,20,915.9733333333334,896.8312720723767,75
225,6,21,835.52,838.8353884133568,75
225,6,22,723.52,730.3802595604852,75
225,6,23,506.02666666666664,502.7090061529444,75
228,0,0,70.65333333333334,69.194796718332,75
228,0,1,25.56,27.03659545544264,75
228,0,2,15.933333333333334,15.196724393728573,75
228,0,3,9.786666666666667,10.482541192508624,75
228,0,4,13.506666666666666,11.524720483118038,75
228,0,5,33.48,33.746162793867725,75
228,0,6,185.22666666666666,179.2283866101232,75
228,0,7,655.3333333333334,640.2701421910973,75
228,0,8,1585.32,1565.2642672272548,75
228,0,9,1067.6133333333332,1040.1279216291796,75
228,0,10,649.72,632.8973756264902,75
228,0,11,633.4933333333333,628.9901468572197,75
228,0,12,729.1333333333333,735.1534017285147,75
228,0,13,815.0933333333334,791.3754351377148,75
228,0,14,1033.64,1048.138966589461,75
228,0,15,1357.5333333333333,1372.1710161474875,75
228,0,16,1671.9866666666667,1660.071947094855,75
228,0,17,2454.1466666666665,2430.4795001816383,75
228,0,18,2086.52,2076.058739844067,75
228,0,19,1332.64,1335.9408135610286,75
228,0,20,922.3333333333334,885.3654924479961,75
228,0,21,598.56,581.9292327437921,75
228,0,22,317.74666666666667,310.33332490573764,75
228,0,23,184.0,178.6824046931992,75
228,1,0,82.27027027027027,83.10465110708043,74
228,1,1,23.733333333333334,25.514692578584288,75
228,1,2,13.0,14.471224312623706,74
228,1,3,8.273972602739725,10.366987948170484,73
228,1,4,8.63013698630137,9.052376025917935,73
228,1,5,33.986666666666665,35.695774023033444,75
228,1,6,227.53333333333333,220.74051440509646,75
228,1,7,817.64,796.0050821905814,75
228,1,8,2171.72,2124.613187013009,75
228,1,9,1486.3866666666668,1460.0104101632414,75
228,1,10,757.36,755.5135255565233,75
228,1,11,748.7466666666667,757.1315104170036,75
228,1,12,847.2,865.8638839708527,75
228,1,13,925.52,928.300992250077,75
228,1,14,1142.9466666666667,1190.600275700759,75
228,1,15,1526.0933333333332,1542.92707521966,75
228,1,16,2005.1866666666667,1921.807987254147,75
228,1,17,3155.866666666667,3135.9002557244366,75
228,1,18,2717.1866666666665,2680.6181767628455,75
228,1,19,1637.4666666666667,1611.8965767922973,75
228,1,20,1129.3733333333332,1022.5693157134484,75
228,1,21,729.6,726.0415471492068,75
228,1,22,370.92,393.8402451697395,75
228,1,23,214.62666666666667,251.69751899203078,75
228,2,0,95.34666666666666,99.38665673009085,75
228,2,1,31.33783783783784,32.05283362955542,74
228,2,2,18.216216216216218,17.91049345554631,74
228,2,3,10.567567567567568,11.789182484299676,74
228,2,4,9.77027027027027,9.531609575293587,74
228,2,5,37.328947368421055,36.230641052328544,76
228,2,6,221.0921052631579,218.12303607811947,76
228,2,7,793.4078947368421,780.250150678967,76
228,2,8,2091.5131578947367,2077.1654887679965,76
228,2,9,1460.6842105263158,1439.79162876315,76
228,2,10,779.4342105263158,751.312428467092,76
228,2,11,754.8684210526316,753.6399306549307,76
228,2,12,862.7368421052631,864.9195563358077,76
228,2,13,967.2368421052631,940.444486656595,76
228,2,14,1198.8157894736842,1185.8235223233892,76
228,2,15,1563.3552631578948,1536.948093917616,76
228,2,16,1993.078947368421,1900.69765829351,76
228,2,17,3117.4473684210525,3076.7191859113514,76
228,2,18,2628.7236842105262,2632.251636926556,76
228,2,19,1651.0657894736842,1594.9306706555526,76
228,2,20,1158.6315789473683,1016.158515882218,76
228,2,21,760.2236842105264,720.8538324145325,76
228,2,22,425.82666666666665,402.65643039628634,75
228,2,23,241.30263157894737,258.3782655950281,76
228,3,0,111.76712328767124,109.35483522269479,73
228,3,1,40.932432432432435,40.35199055382839,74
228,3,2,21.37837837837838,19.6880282622296,74
228,3,3,10.506666666666666,11.764522483666205,75
228,3,4,10.095890410958905,9.785500187789953,73
228,3,5,36.973333333333336,36.55331165498577,75
228,3,6,203.2,202.25792673992535,75
228,3,7,744.6933333333334,749.5370746066197,75
228,3,8,1917.2933333333333,1924.98454516592,75
228,3,9,1381.32,1388.9814460748564,75
228,3,10,776.4266666666666,740.327718867383,75
228,3,11,765.0533333333333,745.9274498932972,75
228,3,12,869.7466666666667,854.0624464282712,75
228,3,13,953.48,926.6574064685949,75
228,3,14,1178.68,1174.9742682082258,75
228,3,15,1515.5733333333333,1509.2514895283748,75
228,3,16,1943.04,1869.383736779849,75
228,3,17,2917.173333333333,2883.054661226394,75
228,3,18,2542.8,2574.6902537500696,75
228,3,19,1619.84,1569.403928993042,75
228,3,20,1165.24,1016.2383538126907,75
228,3,21,763.04,717.3415950878589,75
228,3,22,444.1621621621622,435.62623395499975,74
228,3,23,267.7837837837838,276.28597063399906,74
228,4,0,120.57534246575342,122.05914294236152,73
228,4,1,43.32876712328767,45.31556095791754,73
228,4,2,25.013698630136986,25.896937064663913,73
228,4,3,16.21917808219178,17.444226074654836,73
228,4,4,15.4,15.915896236257895,75
228,4,5,35.45333333333333,34.958414980006665,75
228,4,6,172.26666666666668,175.83117372707784,75
228,4,7,508.53333333333336,512.3660454548453,75
228,4,8,1058.84,1051.4296724807382,75
228,4,9,867.3066666666666,866.930908180922,75
228,4,10,701.96,722.9540401015074,75
228,4,11,767.2933333333333,740.4520262088323,75
228,4,12,893.2666666666667,863.8815523450212,75
228,4,13,1008.32,955.471751741847,75
228,4,14,1240.0533333333333,1209.5161137828693,75
228,4,15,1595.4666666666667,1535.512006900834,75
228,4,16,1826.9866666666667,1838.1142384792015,75
228,4,17,2216.8133333333335,2199.5690977547843,75
228,4,18,1940.2,1941.2408613589591,75
228,4,19,1394.6,1442.8844880589804,75
228,4,20,1014.6933333333334,1022.9009475192922,75
228,4,21,682.08,690.0172756105261,75
228,4,22,512.0666666666667,458.956605503933,75
228,4,23,404.8,307.1526163852898,75
228,5,0,222.8,204.8041061582786,75
228,5,1,98.22972972972973,91.10701103302483,74
228,5,2,58.067567567567565,52.98764712475552,74
228,5,3,38.270270270270274,35.428931790902084,74
228,5,4,27.52,27.687508235722355,75
228,5,5,23.893333333333334,23.207795010363494,75
228,5,6,42.82666666666667,44.617245187480506,75
228,5,7,89.02666666666667,83.96901432580543,75
228,5,8,158.06666666666666,154.18392745411379,75
228,5,9,290.3066666666667,279.0767013277243,75
228,5,10,443.4,434.9457670700009,75
228,5,11,569.6533333333333,564.4812427656242,75
228,5,12,703.4,694.5674892014795,75
228,5,13,775.8266666666667,775.557626931746,75
228,5,14,868.84,818.3179788254652,75
228,5,15,981.1866666666666,924.3074444858377,75
228,5,16,999.9466666666667,945.5255437603207,75
228,5,17,997.3066666666666,975.6392140882881,75
228,5,18,948.88,912.7873903780925,75
228,5,19,779.24,770.2744016116303,75
228,5,20,578.4266666666666,569.6767620571667,75
228,5,21,472.3333333333333,458.94368743761333,75
228,5,22,405.8933333333333,392.94361120389493,75
228,5,23,330.7866666666667,308.9683759728448,75
228,6,0,200.52,195.88498390837006,75
228,6,1,98.32,90.298244008098,75
228,6,2,56.0945945945946,51.300393001827395,74
228,6,3,38.22666666666667,35.26942095416342,75
228,6,4,32.52,29.292872580873826,75
228,6,5,23.173333333333332,22.760412109925657,75
228,6,6,31.44,30.672462178899817,75
228,6,7,62.96,60.886058854545,75
228,6,8,120.24,117.02598670081767,75
228,6,9,217.64,209.50844285024638,75
228,6,10,351.68,330.2379012954541,75
228,6,11,460.16,437.4893573476545,75
228,6,12,550.04,537.7811225927595,75
228,6,13,599.3866666666667,579.2484115950834,75
228,6,14,633.9466666666667,608.7426378480938,75
228,6,15,672.6933333333334,644.0943525431514,75
228,6,16,710.24,682.6384812245308,75
228,6,17,711.2533333333333,677.335411892713,75
228,6,18,656.1866666666666,656.2131797227216,75
228,6,19,497.52,484.8795425848431,75
228,6,20,364.97333333333336,355.850774944835,75
228,6,21,299.32,287.9185813795849,75
228,6,22,225.18666666666667,219.07134083385566,75
228,6,23,147.21333333333334,143.80593669491992,75
231,0,0,110.34722222222223,102.63497427755257,72
231,0,1,42.61643835616438,40.68824034372651,73
231,0,2,26.22222222222222,25.075859229400223,72
231,0,3,19.23611111111111,17.036408511801884,72
231,0,4,26.635135135135137,25.09373510322856,74
231,0,5,54.18666666666667,51.75030813788641,75
231,0,6,178.37333333333333,175.53678688802734,75
231,0,7,458.6933333333333,453.33899911516625,75
231,0,8,813.52,818.2362096993663,75
231,0,9,633.1066666666667,637.5024382493644,75
231,0,10,625.2133333333334,607.168918052761,75
231,0,11,728.8,676.6145432681698,75
231,0,12,872.32,843.0701133285378,75
231,0,13,1001.7733333333333,1010.6208385787924,75
231,0,14,1274.2666666666667,1296.0841140633343,75
231,0,15,1512.3866666666668,1531.986100032421,75
231,0,16,1630.4933333333333,1647.1129444125843,75
231,0,17,1916.4666666666667,1959.1395024496946,75
231,0,18,1502.52,1500.0957188033392,75
231,0,19,1003.8,1036.926358431216,75
231,0,20,762.5066666666667,802.8652261183314,75
231,0,21,605.9466666666667,614.0894326500538,75
231,0,22,323.72,323.0757851731265,75
231,0,23,189.0,190.9282242262856,73
231,1,0,87.27777777777777,91.99762337629832,72
231,1,1,31.760563380281692,34.97804734597753,71
231,1,2,18.929577464788732,22.400787012968223,71
231,1,3,12.211267605633802,14.467997923560775,71
231,1,4,20.513513513513512,21.06753666688138,74
231,1,5,46.4,49.571480987177054,75
231,1,6,191.49333333333334,194.06892736739275,75
231,1,7,515.4933333333333,528.7649479383866,75
231,1,8,994.7333333333333,990.7611189082315,75
231,1,9,743.8266666666667,741.9884116020283,75
231,1,10,653.8133333333334,647.9858969475154,75
231,1,11,737.68,735.374624336655,75
231,1,12,874.5333333333333,892.2316886411415,75
231,1,13,1035.5733333333333,1029.5111106087181,75
231,1,14,1313.1333333333334,1329.0807266691388,75
231,1,15,1632.0266666666666,1620.6116367096681,75
231,1,16,1685.4,1723.9386310609057,75
231,1,17,2100.0533333333333,2088.1271921920334,75
231,1,18,1682.8533333333332,1707.9861831945786,75
231,1,19,1080.1466666666668,1219.161341976139,75
231,1,20,885.7466666666667,1002.4450108479551,75
231,1,21,706.7733333333333,730.5896754643275,75
231,1,22,398.5945945945946,479.44068107180294,74
231,1,23,229.82191780821918,277.33336719065244,73
231,2,0,118.10958904109589,122.01393570533284,73
231,2,1,46.138888888888886,45.46189688082265,72
231,2,2,25.753424657534246,26.33127719094589,73
231,2,3,15.819444444444445,15.988402401394186,72
231,2,4,21.213333333333335,21.88462074200997,75
231,2,5,44.63157894736842,49.30385894797783,76
231,2,6,189.85526315789474,192.24632282578932,76
231,2,7,518.7631578947369,525.0108601569514,76
231,2,8,983.7763157894736,976.5807147923165,76
231,2,9,738.9736842105264,733.8455029703547,76
231,2,10,654.1052631578947,646.8027462212815,76
231,2,11,748.9342105263158,737.596948752174,76
231,2,12,883.421052631579,892.4787928340656,76
231,2,13,1049.4473684210527,1031.7530960046986,76
231,2,14,1324.9868421052631,1323.4091256855754,76
231,2,15,1570.25,1610.3171117737577,76
231,2,16,1697.2105263157894,1716.964647257376,76
231,2,17,2068.4605263157896,2061.6177401718824,76
231,2,18,1656.171052631579,1686.7022779706622,76
231,2,19,1091.078947368421,1216.8747185781865,76
231,2,20,936.8552631578947,1003.1743953209104,76
231,2,21,757.2105263157895,761.7018993334099,76
231,2,22,446.8378378378378,515.2413259889663,74
231,2,23,252.22666666666666,281.6980788314932,75
231,3,0,131.18309859154928,131.7953269146388,71
231,3,1,58.971830985915496,52.50169639487865,71
231,3,2,29.485714285714284,29.420335104329926,70
231,3,3,16.450704225352112,16.577726156870558,71
231,3,4,24.90277777777778,23.535787625066504,72
231,3,5,49.92,50.89015127001494,75
231,3,6,184.36,189.42547876087875,75
231,3,7,492.74666666666667,515.5717337456895,75
231,3,8,935.2933333333333,948.7151071478314,75
231,3,9,695.7733333333333,715.4363973179677,75
231,3,10,642.5405405405405,641.4540261779326,74
231,3,11,726.8,736.9314917907961,75
231,3,12,851.1866666666666,881.1965243118134,75
231,3,13,1010.5066666666667,1018.7521409985377,75
231,3,14,1270.28,1302.2999271253702,75
231,3,15,1536.08,1596.4218155639887,75
231,3,16,1691.9466666666667,1700.1009010836517,75
231,3,17,2028.9466666666667,2035.3897534576315,75
231,3,18,1706.0533333333333,1686.2441836997991,75
231,3,19,1168.3733333333332,1219.9116063241443,75
231,3,20,1006.1733333333333,1009.3981655463788,75
231,3,21,823.9066666666666,798.2351806464445,75
231,3,22,512.3150684931506,532.3185743768186,73
231,3,23,326.2328767123288,323.97282365763135,73
231,4,0,172.52777777777777,169.08515283207782,72
231,4,1,81.65277777777777,76.61685994132726,72
231,4,2,47.68055555555556,48.950190014315844,72
231,4,3,30.319444444444443,30.235656716864476,72
231,4,4,28.826666666666668,29.45043132893902,75
231,4,5,50.46666666666667,52.063595054185114,75
231,4,6,183.90666666666667,177.26470834716787,75
231,4,7,451.3333333333333,434.26411239846925,75
231,4,8,709.76,708.6389330110836,75
231,4,9,619.0533333333333,608.0475007938007,75
231,4,10,656.8666666666667,639.5012886581161,75
231,4,11,759.64,768.6303627077759,75
231,4,12,920.04,906.7621653302862,75
231,4,13,1097.72,1074.3673596304911,75
231,4,14,1435.2,1449.6505160508848,75
231,4,15,1728.7066666666667,1718.3250167342508,75
231,4,16,1835.5733333333333,1844.6919554852334,75
231,4,17,2154.866666666667,2138.91898817154,75
231,4,18,1872.7866666666666,1828.4746221517314,75
231,4,19,1321.6266666666668,1241.102439500758,75
231,4,20,1100.56,1023.5981969960131,75
231,4,21,942.0266666666666,912.1166639209979,75
231,4,22,673.0533333333333,581.3035975886147,75
231,4,23,513.0266666666666,471.6115383838584,75
231,5,0,333.86486486486484,333.00137521639283,74
231,5,1,190.23287671232876,190.78325037560916,73
231,5,2,124.48611111111111,120.77708133208769,72
231,5,3,69.94444444444444,64.91691829218958,72
231,5,4,55.602739726027394,54.04864727450139,73
231,5,5,50.15277777777778,48.18798498651044,72
231,5,6,85.57534246575342,88.76500692560592,73
231,5,7,173.66666666666666,169.8946336062769,72
231,5,8,264.027397260274,265.7369517406804,73
231,5,9,372.7638888888889,376.3107838958143,72
231,5,10,500.54794520547944,510.63608475643946,73
231,5,11,624.3243243243244,671.8467790208921,74
231,5,12,816.3513513513514,869.1578288859844,74
231,5,13,1018.9594594594595,999.6248037730014,74
231,5,14,1176.0684931506848,1169.4783166208251,73
231,5,15,1365.2222222222222,1350.2530366002047,72
231,5,16,1432.7702702702702,1387.7073736856846,74
231,5,17,1472.6438356164383,1459.2653577483945,73
231,5,18,1388.4931506849316,1369.0775937483827,73
231,5,19,1131.945945945946,1023.1199848702726,74
231,5,20,900.9041095890411,901.1030217453158,73
231,5,21,776.5479452054794,766.4021893059015,73
231,5,22,640.4166666666666,636.2052231949832,72
231,5,23,478.013698630137,468.6318489376265,73
231,6,0,354.84722222222223,353.7008043996642,72
231,6,1,200.84722222222223,193.87997517403383,72
231,6,2,127.45070422535211,119.9824105981156,71
231,6,3,71.88888888888889,65.79838489096147,72
231,6,4,61.638888888888886,60.161909258474516,72
231,6,5,35.138888888888886,37.31626814934154,72
231,6,6,53.55555555555556,54.16162772288117,72
231,6,7,134.87671232876713,136.980486522838,73
231,6,8,246.30555555555554,247.58295949467825,72
231,6,9,318.986301369863,317.9108232403494,73
231,6,10,418.8493150684931,431.70921462477554,73
231,6,11,542.5540540540541,542.8377297272837,74
231,6,12,687.5479452054794,723.6779038313456,73
231,6,13,879.1643835616438,872.7758161404836,73
231,6,14,1026.0,996.3597976910694,73
231,6,15,1099.2162162162163,1089.995566029868,74
231,6,16,1139.7066666666667,1114.8181431185653,75
231,6,17,1145.4533333333334,1133.0147902833476,75
231,6,18,1078.9315068493152,1080.5764415877065,73
231,6,19,842.2602739726027,822.5931835259643,73
231,6,20,714.1780821917808,686.0254590927963,73
231,6,21,563.8648648648649,549.5911380558439,74
231,6,22,381.71232876712327,368.03651456632133,73
231,6,23,216.68055555555554,221.94184810590028,72
232,0,0,127.01333333333334,124.49245470159508,75
232,0,1,62.50666666666667,60.964004140996394,75
232,0,2,41.74666666666667,41.805479866591035,75
232,0,3,28.16,26.79858684118789,75
232,0,4,35.46666666666667,32.73017601886538,75
232,0,5,52.626666666666665,52.11973837612692,75
232,0,6,153.96,158.30475533619162,75
232,0,7,480.8933333333333,475.0091246714277,75
232,0,8,975.0533333333333,972.8961085092506,75
232,0,9,605.1333333333333,611.6273524038584,75
232,0,10,393.16,400.20297778020864,75
232,0,11,393.9866666666667,400.4077000444112,75
232,0,12,435.05333333333334,454.74713808850635,75
232,0,13,521.52,522.4034616974711,75
232,0,14,659.0266666666666,669.9765149731098,75
232,0,15,817.12,864.2756288280534,75
232,0,16,869.8133333333334,876.066911307677,75
232,0,17,890.4533333333334,913.0377449307902,75
232,0,18,803.1733333333333,872.2191569496908,75
232,0,19,676.4266666666666,761.9057363575284,75
232,0,20,618.8266666666667,694.8026802818603,75
232,0,21,576.0666666666667,581.0097875946989,75
232,0,22,457.97333333333336,451.49994891000097,75
232,0,23,260.5466666666667,250.652788427437,75
232,1,0,116.77333333333333,113.00038359877304,75
232,1,1,47.45945945945946,54.93737012369627,74
232,1,2,32.45333333333333,43.59332338447959,75
232,1,3,20.246575342465754,21.406886440565135,73
232,1,4,30.27027027027027,30.279097108300633,74
232,1,5,56.57333333333333,55.075469724565444,75
232,1,6,177.41333333333333,173.3887048943634,75
232,1,7,596.7466666666667,588.3834759542974,75
232,1,8,1372.52,1337.3442147874493,75
232,1,9,805.2666666666667,783.8719562691117,75
232,1,10,444.17333333333335,455.93337901719565,75
232,1,11,402.3066666666667,427.8032945636159,75
232,1,12,430.96,462.93615035853884,75
232,1,13,528.0,556.9611223250696,75
232,1,14,664.72,708.8861975623026,75
232,1,15,884.8266666666667,973.9452073559017,75
232,1,16,914.1733333333333,986.0109775604556,75
232,1,17,966.0666666666667,1049.2830762576946,75
232,1,18,933.6666666666666,1023.8075773162283,75
232,1,19,770.2533333333333,923.8575265669198,75
232,1,20,755.64,833.3471885534633,75
232,1,21,741.32,778.2816703646724,75
232,1,22,591.88,692.9772855653906,75
232,1,23,321.0405405405405,412.41557177503,74
232,2,0,146.35526315789474,149.68308125139336,76
232,2,1,66.16,68.68742563611546,75
232,2,2,46.626666666666665,50.10305561792498,75
232,2,3,25.026666666666667,25.402728744279628,75
232,2,4,30.855263157894736,31.6453600450215,76
232,2,5,57.5,55.62001150079683,76
232,2,6,173.6315789473684,166.17988006949633,76
232,2,7,585.3157894736842,579.8989917423708,76
232,2,8,1364.0657894736842,1314.9114154841088,76
232,2,9,818.3157894736842,775.7721310340546,76
232,2,10,448.5131578947368,458.172187361305,76
232,2,11,419.64473684210526,440.893462272954,76
232,2,12,459.7236842105263,480.99391179244077,76
232,2,13,552.078947368421,564.623278057942,76
232,2,14,689.6315789473684,715.5767075531115,76
232,2,15,889.078947368421,971.1688862266567,76
232,2,16,937.6052631578947,984.5323624293202,76
232,2,17,1002.9868421052631,1047.4995876373798,76
232,2,18,971.0263157894736,1013.1908821559113,76
232,2,19,829.1578947368421,923.3794863410078,76
232,2,20,793.6315789473684,830.1952565597327,76
232,2,21,772.7236842105264,791.0592811282613,76
232,2,22,662.3026315789474,703.1738336668182,76
232,2,23,377.80263157894734,462.43276648073015,76
232,3,0,175.1216216216216,173.91082510243922,74
232,3,1,74.86666666666666,75.21359265369188,75
232,3,2,51.41891891891892,51.077970671382445,74
232,3,3,30.733333333333334,31.38473477517989,75
232,3,4,34.72,33.85017285459539,75
232,3,5,58.413333333333334,56.5076423940154,75
232,3,6,169.08,163.73184920942393,75
232,3,7,543.0533333333333,559.8095997952147,75
232,3,8,1241.9466666666667,1245.9150197052616,75
232,3,9,780.8266666666667,757.076851861256,75
232,3,10,463.97333333333336,456.0238481857412,75
232,3,11,432.8933333333333,443.06051139699537,75
232,3,12,466.6533333333333,484.1625660793201,75
232,3,13,551.0,565.2177576252693,75
232,3,14,683.5733333333334,723.8892739104656,75
232,3,15,895.64,965.5678379999832,75
232,3,16,952.6533333333333,980.7611341757828,75
232,3,17,1016.3466666666667,1042.76200277679,75
232,3,18,982.6933333333334,1008.2100146988463,75
232,3,19,858.1066666666667,930.2054000177098,75
232,3,20,860.8,837.0685667426479,75
232,3,21,854.8666666666667,818.5486806097458,75
232,3,22,763.12,715.6885802582025,75
232,3,23,492.6621621621622,513.0463092743114,74
232,4,0,242.5810810810811,246.6553267642543,74
232,4,1,109.90666666666667,110.12178247530777,75
232,4,2,71.1891891891892,79.1850361738359,74
232,4,3,42.5945945945946,44.3760060129677,74
232,4,4,43.21333333333333,44.92774726273816,75
232,4,5,57.4,56.28268047341749,75
232,4,6,150.97333333333333,152.26267079256516,75
232,4,7,398.8666666666667,398.26843190414644,75
232,4,8,696.8,700.849559680008,75
232,4,9,534.6666666666666,536.9646425366436,75
232,4,10,428.46666666666664,460.4591195775485,75
232,4,11,462.49333333333334,454.2222993898765,75
232,4,12,515.8133333333334,539.5912880670032,75
232,4,13,614.0533333333333,639.0642774680578,75
232,4,14,788.32,783.7268178432022,75
232,4,15,986.64,1007.5036585446637,75
232,4,16,1039.88,1019.4605905428909,75
232,4,17,1084.6933333333334,1071.8062544430704,75
232,4,18,1091.1066666666666,1055.5440213421189,75
232,4,19,983.6933333333334,947.0100076192662,75
232,4,20,897.64,877.9306836814122,75
232,4,21,876.5066666666667,865.936207153743,75
232,4,22,877.9066666666666,764.8680551207054,75
232,4,23,808.84,635.2876582262918,75
232,5,0,645.28,635.2542880437334,75
232,5,1,404.32,386.69512589383265,75
232,5,2,288.53333333333336,276.52714254671804,75
232,5,3,178.01333333333332,177.14557287359017,75
232,5,4,102.4,101.22121955593269,75
232,5,5,59.0,56.67784960879202,75
232,5,6,76.2,86.42974626674199,75
232,5,7,131.36,129.9272656718065,75
232,5,8,198.49333333333334,199.399582977608,75
232,5,9,308.14666666666665,303.7409948015188,75
232,5,10,422.41333333333336,413.07378694434595,75
232,5,11,566.2533333333333,565.442291544006,75
232,5,12,690.7466666666667,675.175084542786,75
232,5,13,821.1333333333333,823.3642920869962,75
232,5,14,879.4666666666667,848.8449068322067,75
232,5,15,961.88,965.6597384694164,75
232,5,16,999.5066666666667,974.7901770596421,75
232,5,17,1014.8666666666667,986.1144390740067,75
232,5,18,1076.96,996.2661891590506,75
232,5,19,1069.3466666666666,997.3783858987462,75
232,5,20,938.48,913.8129993835053,75
232,5,21,882.3066666666666,874.2179964173899,75
232,5,22,874.4666666666667,858.682574435998,75
232,5,23,836.4933333333333,823.295823017338,75
232,6,0,698.08,686.7551454829352,75
232,6,1,430.04,416.46668787742817,75
232,6,2,274.5405405405405,263.8557945729128,74
232,6,3,193.96,192.2640086793613,75
232,6,4,117.92,113.87499143714942,75
232,6,5,58.986666666666665,57.1858434491403,75
232,6,6,63.61333333333334,63.23756393815061,75
232,6,7,92.50666666666666,93.50983092242316,75
232,6,8,172.82666666666665,171.75499470415645,75
232,6,9,274.02666666666664,275.6987382150826,75
232,6,10,391.81333333333333,375.6494844003185,75
232,6,11,522.7066666666667,510.90824756130826,75
232,6,12,625.2133333333334,607.3703793067988,75
232,6,13,737.8,715.4308862020741,75
232,6,14,761.8266666666667,721.4185719675235,75
232,6,15,819.9733333333334,823.0352965179295,75
232,6,16,834.88,818.0348592890854,75
232,6,17,820.7333333333333,813.3708008403416,75
232,6,18,787.32,801.5967467005793,75
232,6,19,714.2133333333334,679.5460803536309,75
232,6,20,637.1333333333333,621.4963155676868,75
232,6,21,563.4933333333333,562.7658697177867,75
232,6,22,501.7733333333333,486.76323281374675,75
232,6,23,279.8,284.5403497554896,75
234,0,0,65.89333333333333,62.58210486626695,75
234,0,1,23.613333333333333,21.163127455458596,75
234,0,2,13.453333333333333,13.216550289218738,75
234,0,3,12.0,10.593887069855528,75
234,0,4,31.413333333333334,30.082315433309564,75
234,0,5,91.38666666666667,85.23822052523852,75
234,0,6,226.57333333333332,223.4589482123316,75
234,0,7,560.1333333333333,557.7481129363387,75
234,0,8,853.0933333333334,849.5757965066673,75
234,0,9,621.0666666666667,616.3239029467323,75
234,0,10,485.9866666666667,474.812590442549,75
234,0,11,459.44,443.78956668108015,75
234,0,12,493.64,482.9317692957051,75
234,0,13,540.4,531.1904138244115,75
234,0,14,700.3333333333334,672.2711688436219,75
234,0,15,809.7733333333333,798.2590799285689,75
234,0,16,969.3466666666667,940.3872939523583,75
234,0,17,982.0266666666666,952.7696396189117,75
234,0,18,751.6533333333333,760.2734576084474,75
234,0,19,560.92,562.3771955754504,75
234,0,20,429.05333333333334,451.54196316872697,75
234,0,21,355.5733333333333,372.45940080184374,75
234,0,22,212.54666666666665,214.89744864514708,75
234,0,23,154.58666666666667,150.9968685499489,75
234,1,0,63.84,69.22441155370184,75
234,1,1,19.69333333333333,19.7892246281088,75
234,1,2,10.786666666666667,12.543171358030978,75
234,1,3,11.466666666666667,12.219638531205993,75
234,1,4,28.36,29.496954630327963,75
234,1,5,81.38666666666667,83.01421389211087,75
234,1,6,250.97333333333333,246.4555428221019,75
234,1,7,644.6666666666666,644.4195651885212,75
234,1,8,1025.1866666666667,1042.4293627984152,75
234,1,9,735.28,744.9138173985825,75
234,1,10,517.0666666666667,529.2054601546687,75
234,1,11,480.70666666666665,487.6173499620085,75
234,1,12,511.8,513.7348967648215,75
234,1,13,563.36,566.7802899773382,75
234,1,14,711.68,724.4921379583654,75
234,1,15,850.36,879.5976198567479,75
234,1,16,1023.64,1028.5219729455564,75
234,1,17,1090.8,1096.8372764917729,75
234,1,18,814.5066666666667,854.0589703719577,75
234,1,19,607.6933333333334,678.8361931399377,75
234,1,20,494.6933333333333,536.0576663836674,75
234,1,21,422.84,467.3544794952012,75
234,1,22,254.34666666666666,295.7655296411644,75
234,1,23,171.33333333333334,209.97951944523587,75
234,2,0,79.44,78.1843515590559,75
234,2,1,32.12328767123287,29.940645070120315,73
234,2,2,16.7027027027027,16.41848733790932,74
234,2,3,11.866666666666667,13.3275360368262,75
234,2,4,30.539473684210527,29.881258214747493,76
234,2,5,79.8157894736842,82.18999901153364,76
234,2,6,248.51315789473685,243.80954700682736,76
234,2,7,635.4736842105264,640.1533068336522,76
234,2,8,1025.842105263158,1033.4180230884251,76
234,2,9,740.2894736842105,738.0445191075389,76
234,2,10,527.578947368421,530.5149579750987,76
234,2,11,489.9736842105263,495.21473319433045,76
234,2,12,522.1842105263158,523.0430224263547,76
234,2,13,565.7105263157895,572.6549506993341,76
234,2,14,739.6052631578947,730.9767038910607,76
234,2,15,836.421052631579,877.0286393772495,76
234,2,16,1033.7631578947369,1026.1054138402214,76
234,2,17,1081.2631578947369,1089.4972721407023,76
234,2,18,801.7763157894736,845.6092357152803,76
234,2,19,613.2763157894736,673.6314527299794,76
234,2,20,522.1578947368421,544.1859746766243,76
234,2,21,447.38157894736844,470.66360614119014,76
234,2,22,282.94736842105266,299.69867276713654,76
234,2,23,189.2,211.19767392872672,75
234,3,0,82.86666666666666,80.55475066685284,75
234,3,1,40.61643835616438,36.755343233114104,73
234,3,2,17.386666666666667,18.208937623551837,75
234,3,3,14.54054054054054,13.519344827343431,74
234,3,4,30.0,29.84807132116199,75
234,3,5,82.06666666666666,81.4209583611068,75
234,3,6,239.54666666666665,239.42599244348918,75
234,3,7,599.92,627.7952815362273,75
234,3,8,973.8133333333334,992.2701583883307,75
234,3,9,696.96,722.1478379847214,75
234,3,10,509.06666666666666,527.7471579562521,75
234,3,11,481.5466666666667,492.0318035894452,75
234,3,12,515.44,520.1249329001948,75
234,3,13,555.1866666666666,566.5730872836116,75
234,3,14,726.0266666666666,736.8280812450479,75
234,3,15,826.04,871.9906229605202,75
234,3,16,1030.48,1021.8727137568994,75
234,3,17,1089.9333333333334,1083.0218858862886,75
234,3,18,850.52,844.0420427014188,75
234,3,19,656.0266666666666,668.7809534006772,75
234,3,20,570.2266666666667,549.1356760252386,75
234,3,21,465.12,471.5855167732121,75
234,3,22,331.3066666666667,329.2269621725467,75
234,3,23,251.24657534246575,236.50878370284627,73
234,4,0,105.62666666666667,110.65696494888037,75
234,4,1,37.06666666666667,39.742518403904285,75
234,4,2,19.45945945945946,19.916128443016248,74
234,4,3,17.10810810810811,17.220740073490006,74
234,4,4,32.626666666666665,31.895867614169394,75
234,4,5,81.46666666666667,81.7388756704691,75
234,4,6,224.97333333333333,218.62773269394486,75
234,4,7,549.5466666666666,540.3974189678189,75
234,4,8,754.88,737.1349082252387,75
234,4,9,599.0933333333334,587.2242218778364,75
234,4,10,516.4533333333334,534.6656132777061,75
234,4,11,497.49333333333334,507.2285202806696,75
234,4,12,540.44,552.7769292229614,75
234,4,13,581.84,622.7926813010072,75
234,4,14,781.1066666666667,784.3261716086079,75
234,4,15,890.4533333333334,881.8343079440455,75
234,4,16,1079.2533333333333,1032.9614132891272,75
234,4,17,1098.8666666666666,1095.5506287728685,75
234,4,18,904.2133333333334,857.8437242737768,75
234,4,19,732.8666666666667,684.2721312233898,75
234,4,20,598.76,557.9235984086953,75
234,4,21,524.4266666666666,480.8364478637775,75
234,4,22,498.4533333333333,447.18832520764556,75
234,4,23,368.05333333333334,300.34589115900815,75
234,5,0,237.74666666666667,225.7927669511288,75
234,5,1,93.56,86.48840471356218,75
234,5,2,57.06666666666667,53.01146714777423,75
234,5,3,31.973333333333333,30.263316032072666,75
234,5,4,30.52,29.209244483234784,75
234,5,5,54.78666666666667,53.97118743963414,75
234,5,6,97.54666666666667,93.47165034382886,75
234,5,7,192.53333333333333,189.78244697146016,75
234,5,8,286.38666666666666,281.08319065266005,75
234,5,9,392.5466666666667,386.3907310192413,75
234,5,10,453.2266666666667,463.50989136165117,75
234,5,11,512.1066666666667,520.0274180468051,75
234,5,12,586.4533333333334,593.0657999951168,75
234,5,13,676.28,677.1744322560811,75
234,5,14,741.96,714.08369248447,75
234,5,15,758.9733333333334,768.3128988213145,75
234,5,16,814.7066666666667,800.0338277434928,75
234,5,17,781.9733333333334,797.111545727914,75
234,5,18,766.72,768.3073946372425,75
234,5,19,669.6933333333334,693.664032361555,75
234,5,20,554.2933333333333,522.5227153590911,75
234,5,21,447.92,440.70022568862186,75
234,5,22,420.61333333333334,395.6709405097554,75
234,5,23,323.28,290.9765307613706,75
234,6,0,222.52,222.5928861994618,75
234,6,1,91.82666666666667,86.28924730602098,75
234,6,2,49.82432432432432,50.15302773004182,74
234,6,3,27.96,28.577865254132934,75
234,6,4,26.026666666666667,25.218820428422706,75
234,6,5,38.16,38.464364114222704,75
234,6,6,66.78666666666666,67.55059822949609,75
234,6,7,131.56,129.41955590905033,75
234,6,8,224.33333333333334,221.53638668352573,75
234,6,9,322.46666666666664,323.3980132884316,75
234,6,10,400.02666666666664,400.0851150697217,75
234,6,11,459.2,456.58001389407156,75
234,6,12,512.2133333333334,514.5493023347766,75
234,6,13,594.6133333333333,605.4843285255915,75
234,6,14,652.3733333333333,669.4993812075628,75
234,6,15,646.3466666666667,653.107160090028,75
234,6,16,690.88,686.509597789867,75
234,6,17,656.8666666666667,669.0832312524672,75
234,6,18,584.4133333333333,585.0877098704866,75
234,6,19,503.70666666666665,497.0774642630067,75
234,6,20,390.14666666666665,368.50151304058454,75
234,6,21,313.08,297.550055114134,75
234,6,22,216.72,222.446621492737,75
234,6,23,147.0,141.68275971343172,75
276,0,0,16.93243243243243,16.86159244938991,74
276,0,1,4.958333333333333,11.511542991436071,72
276,0,2,3.287878787878788,4.932416896892549,66
276,0,3,2.9508196721311477,3.2458784328267223,61
276,0,4,4.070422535211268,4.316811649506636,71
276,0,5,8.053333333333333,8.607846558223608,75
276,0,6,29.92,33.6312714596092,75
276,0,7,58.17910447761194,57.07615879544143,67
276,0,8,97.14925373134328,96.90740604074362,67
276,0,9,139.32835820895522,142.4609137152219,67
276,0,10,193.88,188.2383986519333,75
276,0,11,292.70666666666665,270.1709615325975,75
276,0,12,416.18666666666667,394.65167726397056,75
276,0,13,539.5733333333334,523.9896114024134,75
276,0,14,861.2533333333333,801.6276978374178,75
276,0,15,1181.36,1105.019235038502,75
276,0,16,1888.08,1861.124689349812,75
276,0,17,3371.7466666666664,3367.264462429018,75
276,0,18,2343.5733333333333,2343.736817084043,75
276,0,19,1084.7333333333333,970.4299804724103,75
276,0,20,502.08,459.9823906661992,75
276,0,21,253.25333333333333,233.579040251111,75
276,0,22,181.68,175.32657278736212,75
276,0,23,95.49333333333334,89.12374197362912,75
276,1,0,56.7027027027027,55.65262004650842,74
276,1,1,16.91780821917808,14.157153935350854,73
276,1,2,6.101449275362318,5.415010665501296,69
276,1,3,3.791044776119403,3.5997846408886165,67
276,1,4,5.418918918918919,5.097069998879622,74
276,1,5,10.36,10.65024385440057,75
276,1,6,35.14666666666667,36.43808238425473,75
276,1,7,65.82608695652173,64.45862738686697,69
276,1,8,109.23529411764706,111.20725119343805,68
276,1,9,174.9402985074627,164.9595015700948,67
276,1,10,230.01333333333332,224.3733262536256,75
276,1,11,352.9066666666667,324.4361500030177,75
276,1,12,476.68,467.33465405223114,75
276,1,13,631.04,598.7770287709601,75
276,1,14,1006.1733333333333,969.1411509167112,75
276,1,15,1386.72,1261.1455985292666,75
276,1,16,2328.5733333333333,2293.747078838589,75
276,1,17,4300.053333333333,4276.665156051164,75
276,1,18,2905.72,2797.549645515824,75
276,1,19,1311.9333333333334,1131.3810744792447,75
276,1,20,633.9466666666667,579.5003565580616,75
276,1,21,334.3333333333333,282.9108071185654,75
276,1,22,224.89333333333335,210.13492679944625,75
276,1,23,111.32,103.5100201426532,75
276,2,0,64.54666666666667,61.16939853112343,75
276,2,1,20.394736842105264,16.42404829919177,76
276,2,2,6.743243243243243,5.961417105038127,74
276,2,3,3.5074626865671643,3.5735172338558927,67
276,2,4,6.226666666666667,5.388153840307837,75
276,2,5,11.460526315789474,10.949896483387628,76
276,2,6,37.85526315789474,36.7377603078368,76
276,2,7,61.529411764705884,62.26576001150286,68
276,2,8,116.95588235294117,110.31007700779912,68
276,2,9,164.98529411764707,160.85137146833372,68
276,2,10,231.93421052631578,224.0308971103462,76
276,2,11,361.7236842105263,328.9172246409828,76
276,2,12,488.9736842105263,469.39599650464805,76
276,2,13,660.3552631578947,611.538138535779,76
276,2,14,1002.2368421052631,965.51797243002,76
276,2,15,1422.171052631579,1256.6891259219678,76
276,2,16,2313.1052631578946,2252.848822637572,76
276,2,17,4169.921052631579,4188.950371706192,76
276,2,18,2818.4210526315787,2733.322188576634,76
276,2,19,1307.7105263157894,1108.441150816522,76
276,2,20,637.9473684210526,576.1769974499658,76
276,2,21,326.67105263157896,283.7736497008562,76
276,2,22,234.17105263157896,211.50864779032443,76
276,2,23,117.90789473684211,107.75357468263432,76
276,3,0,70.54794520547945,66.3847710835092,73
276,3,1,24.972972972972972,17.127385118737973,74
276,3,2,6.985714285714286,6.162980788483428,70
276,3,3,4.043478260869565,3.653881622742152,69
276,3,4,5.589041095890411,5.401554000315779,73
276,3,5,11.52,10.915087553773244,75
276,3,6,35.266666666666666,36.12078180083539,75
276,3,7,63.80882352941177,61.262699942205074,68
276,3,8,110.41176470588235,108.73193882797656,68
276,3,9,164.2941176470588,158.48119572952206,68
276,3,10,233.09333333333333,220.12792321832433,75
276,3,11,363.38666666666666,327.53940470749336,75
276,3,12,498.84,459.7867567112913,75
276,3,13,656.32,599.1718172835645,75
276,3,14,1013.4666666666667,945.3128886311358,75
276,3,15,1417.8266666666666,1234.9277775560347,75
276,3,16,2220.44,2188.286857489346,75
276,3,17,3846.6133333333332,3875.594255762771,75
276,3,18,2576.4533333333334,2603.189787542949,75
276,3,19,1227.7866666666666,1090.427145854092,75
276,3,20,621.84,569.8751211213229,75
276,3,21,338.50666666666666,284.7592355667054,75
276,3,22,252.01333333333332,226.9387191290545,75
276,3,23,121.37333333333333,109.88536921164935,75
276,4,0,65.63513513513513,60.478595921622485,74
276,4,1,22.256756756756758,18.923128299199885,74
276,4,2,5.633802816901408,5.647400813005914,71
276,4,3,3.5714285714285716,3.4343645339497066,70
276,4,4,5.835616438356165,5.210323602264553,73
276,4,5,11.306666666666667,10.769561969093953,75
276,4,6,33.413333333333334,35.04268208242128,75
276,4,7,53.69565217391305,53.56355723306013,69
276,4,8,97.44117647058823,96.96947586553947,68
276,4,9,148.05882352941177,144.11802279047356,68
276,4,10,215.3918918918919,213.13460332528555,74
276,4,11,340.85333333333335,329.4232391690984,75
276,4,12,514.88,459.07463684751485,75
276,4,13,689.24,635.5773834901513,75
276,4,14,1006.0533333333333,954.0101775562987,75
276,4,15,1320.4933333333333,1248.3232178924275,75
276,4,16,1747.1466666666668,1736.971135334232,75
276,4,17,2130.0266666666666,2127.3581311222492,75
276,4,18,1406.1333333333334,1395.2514457138934,75
276,4,19,810.3466666666667,991.7551284864815,75
276,4,20,522.2133333333334,542.1946843498215,75
276,4,21,260.64,287.9822662576102,75
276,4,22,212.82432432432432,231.47915287606122,74
276,4,23,131.09459459459458,134.17216607664926,74
276,5,0,73.5945945945946,73.44161788339511,74
276,5,1,23.51388888888889,21.650765471527542,72
276,5,2,6.857142857142857,6.316769577533757,70
276,5,3,3.161290322580645,3.6079270525766236,62
276,5,4,4.217391304347826,4.50287726194907,69
276,5,5,6.671232876712328,6.28092073546218,73
276,5,6,15.013698630136986,15.269427054524447,73
276,5,7,20.72972972972973,21.36245130426977,74
276,5,8,27.91891891891892,29.38524182777859,74
276,5,9,43.513513513513516,52.09155369475241,74
276,5,10,80.74324324324324,82.87587779633745,74
276,5,11,133.72,140.03705415553134,75
276,5,12,219.76712328767124,225.0561230731832,73
276,5,13,282.32876712328766,288.72463715297516,73
276,5,14,369.8904109589041,380.65516900795694,73
276,5,15,459.43835616438355,441.0768871898967,73
276,5,16,515.5616438356165,501.16659088522175,73
276,5,17,516.2328767123288,499.44492997216025,73
276,5,18,473.75342465753425,470.4116539739066,73
276,5,19,373.013698630137,369.8262645957421,73
276,5,20,249.17808219178082,245.6825353222613,73
276,5,21,162.82666666666665,224.21837130054337,75
276,5,22,149.64864864864865,151.23668020235382,74
276,5,23,101.60810810810811,106.10344960276616,74
276,6,0,41.63513513513514,43.879576620016095,74
276,6,1,15.123287671232877,19.975397441846305,73
276,6,2,5.714285714285714,6.252340970477078,70
276,6,3,3.76271186440678,3.64005562262899,59
276,6,4,4.6521739130434785,4.563109218983767,69
276,6,5,6.043478260869565,6.212148183446259,69
276,6,6,13.191780821917808,13.785817484859589,73
276,6,7,20.54054054054054,21.135250814401473,74
276,6,8,25.54794520547945,25.69250605937422,73
276,6,9,40.64383561643836,40.62663612838928,73
276,6,10,70.59722222222223,75.3356315166434,72
276,6,11,122.09722222222223,122.3788361281782,72
276,6,12,195.63888888888889,202.39473377460564,72
276,6,13,232.78082191780823,231.7779173529037,73
276,6,14,282.72222222222223,280.28507191824434,72
276,6,15,336.56944444444446,332.97127977674603,72
276,6,16,409.28767123287673,410.5777881648038,73
276,6,17,422.4864864864865,424.62381780780896,74
276,6,18,398.8767123287671,402.4373953981458,73
276,6,19,238.75342465753425,234.494127967848,73
276,6,20,137.85135135135135,136.3186580422731,74
276,6,21,94.1917808219178,100.45819513384866,73
276,6,22,88.27397260273973,94.8253058516884,73
276,6,23,56.986486486486484,56.27411782253465,74
277,0,0,126.84,126.24985835259882,75
277,0,1,47.16,49.33458302435143,75
277,0,2,23.69333333333333,24.187878396371897,75
277,0,3,18.533333333333335,16.982498400249142,75
277,0,4,21.56,19.18785056991266,75
277,0,5,36.16,37.213063202470934,75
277,0,6,96.78666666666666,96.35791865162157,75
277,0,7,217.76,225.99176555080876,75
277,0,8,435.93333333333334,433.2064624983144,75
277,0,9,459.85333333333335,465.7987693003248,75
277,0,10,460.36,441.20084741754323,75
277,0,11,455.7733333333333,447.03090916015293,75
277,0,12,511.5733333333333,496.31401108725163,75
277,0,13,581.6533333333333,563.9919428616544,75
277,0,14,820.4666666666667,779.7283970621228,75
277,0,15,1124.2,1107.8866287081466,75
277,0,16,1419.3466666666666,1409.469282247233,75
277,0,17,1987.4666666666667,1969.9489619417577,75
277,0,18,1384.48,1374.6899170780875,75
277,0,19,783.8133333333334,750.0284898634554,75
277,0,20,507.64,513.872721788694,75
277,0,21,498.8,497.5808012383498,75
277,0,22,388.62666666666667,387.0106204012222,75
277,0,23,287.28,287.4430952899157,75
277,1,0,182.81333333333333,211.7296465125862,75
277,1,1,55.68,56.626333451310614,75
277,1,2,25.08,25.964340375798898,75
277,1,3,17.133333333333333,17.455300490399434,75
277,1,4,19.8,18.848602067594406,75
277,1,5,36.32,38.02821664084275,75
277,1,6,104.36,102.74147473151585,75
277,1,7,248.54666666666665,257.98670358109615,75
277,1,8,477.4,489.0826315473904,75
277,1,9,513.4666666666667,517.4400433327017,75
277,1,10,453.94666666666666,474.52153724750565,75
277,1,11,458.5733333333333,473.6962839013453,75
277,1,12,520.0,546.1754655946406,75
277,1,13,617.3733333333333,623.5625204110312,75
277,1,14,900.7733333333333,891.373825504369,75
277,1,15,1263.3866666666668,1250.3630135568653,75
277,1,16,1706.0533333333333,1735.998457018415,75
277,1,17,2620.32,2603.932983886531,75
277,1,18,1791.8666666666666,1753.3523678547863,75
277,1,19,977.1333333333333,927.294430953168,75
277,1,20,638.5466666666666,658.431596020099,75
277,1,21,635.8,660.5325588826331,75
277,1,22,497.58666666666664,533.627073323369,75
277,1,23,324.32,329.82956092517094,75
277,2,0,209.21052631578948,217.89924474048118,76
277,2,1,68.15789473684211,63.98206720822018,76
277,2,2,30.473684210526315,30.570713774804474,76
277,2,3,18.144736842105264,18.336734807755402,76
277,2,4,20.276315789473685,19.416382072752572,76
277,2,5,36.973684210526315,37.78195471510018,76
277,2,6,101.30263157894737,101.98122872507045,76
277,2,7,238.48684210526315,255.78562851681747,76
277,2,8,478.05263157894734,482.9507088406614,76
277,2,9,505.2368421052632,509.7213270411517,76
277,2,10,449.39473684210526,474.5683187008664,76
277,2,11,472.5,486.7158596917836,76
277,2,12,540.828947368421,561.195254596335,76
277,2,13,631.3026315789474,625.7824408373525,76
277,2,14,924.8684210526316,888.5214331078566,76
277,2,15,1314.842105263158,1245.6741775863889,76
277,2,16,1774.0526315789473,1722.0517393219816,76
277,2,17,2622.8026315789475,2555.2006899579774,76
277,2,18,1787.9605263157894,1750.6743996185633,76
277,2,19,997.3026315789474,918.7476049598613,76
277,2,20,658.3157894736842,657.7533292739121,76
277,2,21,685.6578947368421,659.2478389775027,76
277,2,22,541.7631578947369,552.1819332876503,76
277,2,23,348.80263157894734,338.3250506910538,76
277,3,0,211.30666666666667,228.68748851855995,75
277,3,1,70.06666666666666,71.09907435148553,75
277,3,2,31.946666666666665,32.4757604743518,75
277,3,3,20.186666666666667,19.617795544736605,75
277,3,4,21.69333333333333,21.76067450967554,75
277,3,5,37.44,37.57970429322469,75
277,3,6,103.58666666666667,101.37375941603926,75
277,3,7,232.04,251.26102988948085,75
277,3,8,455.92,473.1119389330809,75
277,3,9,512.92,504.6268695419898,75
277,3,10,491.8,475.0956895515259,75
277,3,11,509.76,492.44238455034076,75
277,3,12,573.8933333333333,556.928026389793,75
277,3,13,652.1066666666667,624.2198488475966,75
277,3,14,924.12,875.5483537371189,75
277,3,15,1261.24,1230.719971288018,75
277,3,16,1714.7333333333333,1688.412373840988,75
277,3,17,2344.0,2344.9706249049646,75
277,3,18,1636.5733333333333,1668.098056430999,75
277,3,19,963.6266666666667,909.6364915625974,75
277,3,20,674.24,653.1593298716025,75
277,3,21,652.72,655.2191775390794,75
277,3,22,659.8133333333334,567.1763183598247,75
277,3,23,380.76,388.9170431096822,75
277,4,0,231.46666666666667,244.0886230120724,75
277,4,1,75.25333333333333,74.89526703585886,75
277,4,2,31.986666666666668,31.163442904999727,75
277,4,3,19.626666666666665,19.08244003180176,75
277,4,4,23.69333333333333,21.581596324408125,75
277,4,5,39.6,38.39890464282454,75
277,4,6,98.38666666666667,97.07780862374497,75
277,4,7,204.73333333333332,209.11699600524136,75
277,4,8,398.04,392.8342350474837,75
277,4,9,482.4533333333333,469.03099425288997,75
277,4,10,500.38666666666666,478.5609670431188,75
277,4,11,534.92,505.7376605454944,75
277,4,12,602.4133333333333,585.3335549539928,75
277,4,13,696.6,656.8390876059456,75
277,4,14,922.64,881.0062245227043,75
277,4,15,1244.6933333333334,1247.5935380309045,75
277,4,16,1446.9333333333334,1453.2811684157903,75
277,4,17,1595.56,1590.168371868882,75
277,4,18,1158.0666666666666,1156.4108707406476,75
277,4,19,831.1333333333333,859.3183751474085,75
277,4,20,719.8266666666667,685.4343699335092,75
277,4,21,709.8533333333334,686.8821172475958,75
277,4,22,598.1066666666667,574.4475455546111,75
277,4,23,445.46666666666664,437.9235128282031,75
277,5,0,295.14666666666665,271.54765681946304,75
277,5,1,114.89189189189189,114.37671102867426,74
277,5,2,50.946666666666665,53.048887113022666,75
277,5,3,31.405405405405407,34.10269319252496,74
277,5,4,28.36,30.82463017187947,75
277,5,5,31.2,29.6094882378839,75
277,5,6,57.29333333333334,56.34950416517991,75
277,5,7,109.57333333333334,107.31373656191239,75
277,5,8,182.81333333333333,183.47691730865242,75
277,5,9,287.36,292.7541366714468,75
277,5,10,381.04,393.8191583563559,75
277,5,11,442.05333333333334,460.9006483617431,75
277,5,12,465.37333333333333,474.62132439809193,75
277,5,13,465.2266666666667,469.3040246169845,75
277,5,14,561.04,601.5581753064557,75
277,5,15,645.7066666666667,646.5271952851118,75
277,5,16,828.0666666666667,820.8045320213464,75
277,5,17,724.08,731.999915296247,75
277,5,18,555.44,575.0236766765744,75
277,5,19,444.94666666666666,453.43940979433984,75
277,5,20,390.0,396.88164179301265,75
277,5,21,399.3466666666667,402.9079800796826,75
277,5,22,551.0,548.9310544544197,75
277,5,23,435.58666666666664,429.5092136479674,75
277,6,0,262.25333333333333,265.9081456622257,75
277,6,1,114.41333333333333,113.71299468712903,75
277,6,2,52.689189189189186,52.206244477917544,74
277,6,3,35.25333333333333,34.487820981835156,75
277,6,4,36.013333333333335,34.554574033395355,75
277,6,5,34.54666666666667,34.50737725009062,75
277,6,6,51.70666666666666,51.744591095321184,75
277,6,7,101.6,101.7945971023931,75
277,6,8,186.92,187.5569035957799,75
277,6,9,290.92,292.3318122927736,75
277,6,10,348.25333333333333,354.7875102618393,75
277,6,11,422.74666666666667,424.553264604129,75
277,6,12,466.17333333333335,452.00133420601975,75
277,6,13,408.7866666666667,427.63730313113825,75
277,6,14,456.50666666666666,483.01585305852274,75
277,6,15,569.24,575.0694760169042,75
277,6,16,642.1866666666666,632.2240844450793,75
277,6,17,679.8266666666667,699.1155040128756,75
277,6,18,482.64,490.76500332188067,75
277,6,19,340.8,341.28077239805447,75
277,6,20,281.28,282.3968342462406,75
277,6,21,266.48,272.457739615743,75
277,6,22,278.56,287.88057816183107,75
277,6,23,228.76,226.43388309938265,75
296,0,0,9.297297297297296,8.832448519932528,74
296,0,1,4.418918918918919,4.255963791549827,74
296,0,2,4.608108108108108,4.395401816044655,74
296,0,3,9.479452054794521,9.275013064260413,73
296,0,4,34.78666666666667,34.81149091598456,75
296,0,5,110.97333333333333,111.17247606052564,75
296,0,6,204.93333333333334,202.56072340442287,75
296,0,7,438.74666666666667,433.98592677256715,75
296,0,8,373.50666666666666,368.37122349003204,75
296,0,9,200.36,199.7518700028571,75
296,0,10,152.48,144.6429668054539,75
296,0,11,133.10666666666665,135.8624278199994,75
296,0,12,138.81333333333333,139.15270474711798,75
296,0,13,167.76,161.57686672780355,75
296,0,14,188.4,185.06226807522341,75
296,0,15,220.36,211.9014217263842,75
296,0,16,213.26666666666668,203.89503881255368,75
296,0,17,197.89333333333335,187.5695055854786,75
296,0,18,147.41333333333333,143.93198939346397,75
296,0,19,102.93333333333334,100.13016749917368,75
296,0,20,78.72,77.27248726137762,75
296,0,21,55.32,55.041639082289926,75
296,0,22,41.0,40.67013312969484,75
296,0,23,19.333333333333332,19.689299516016508,75
296,1,0,9.186666666666667,8.748085029101892,75
296,1,1,4.082191780821918,4.204885013859122,73
296,1,2,5.243243243243243,4.391075557986923,74
296,1,3,10.226666666666667,9.826604073235904,75
296,1,4,39.21333333333333,37.08383160667714,75
296,1,5,119.12,120.04038961244908,75
296,1,6,226.94666666666666,224.26821445791336,75
296,1,7,502.2,502.4881462548547,75
296,1,8,433.26666666666665,436.5311385758048,75
296,1,9,221.98666666666668,221.43666732983309,75
296,1,10,166.61333333333334,160.44721222294513,75
296,1,11,143.38666666666666,142.7767193909563,75
296,1,12,145.13333333333333,145.34536525094867,75
296,1,13,176.30666666666667,171.74258740055856,75
296,1,14,190.30666666666667,198.25226395853585,75
296,1,15,234.10666666666665,231.0966253031036,75
296,1,16,233.34666666666666,222.7056292647863,75
296,1,17,212.30666666666667,198.26904217725058,75
296,1,18,158.10666666666665,157.34216139915804,75
296,1,19,103.10666666666667,101.90784721588504,75
296,1,20,79.89333333333333,80.68715472238065,75
296,1,21,58.22666666666667,57.928733483753625,75
296,1,22,42.57333333333333,41.53097169587791,75
296,1,23,19.453333333333333,19.92884450638042,75
296,2,0,9.026315789473685,8.934726706158994,76
296,2,1,3.9166666666666665,4.42388654682781,72
296,2,2,5.065789473684211,4.443150283116217,76
296,2,3,10.342105263157896,9.999020558001712,76
296,2,4,37.723684210526315,36.885244431731905,76
296,2,5,116.25,116.40737315196759,76
296,2,6,223.5921052631579,222.2413607509545,76
296,2,7,503.10526315789474,499.82723099757135,76
296,2,8,431.10526315789474,431.68668568176764,76
296,2,9,219.10526315789474,219.44117693591951,76
296,2,10,164.35526315789474,161.50277128079796,76
296,2,11,145.23684210526315,143.3489403851294,76
296,2,12,149.8421052631579,146.01021563966242,76
296,2,13,177.17105263157896,171.9243814471568,76
296,2,14,202.71052631578948,198.04416373184603,76
296,2,15,235.73684210526315,230.24296858830203,76
296,2,16,229.51315789473685,221.41882780515735,76
296,2,17,200.3815789473684,197.08976549780974,76
296,2,18,156.46052631578948,158.3765819909347,76
296,2,19,98.51315789473684,103.50065041528464,76
296,2,20,79.77631578947368,81.55358430245037,76
296,2,21,58.85526315789474,59.57226373884546,76
296,2,22,44.96052631578947,42.53092796760884,76
296,2,23,21.746666666666666,21.9350839589397,75
296,3,0,10.733333333333333,9.07569682431181,75
296,3,1,4.319444444444445,4.402337738092474,72
296,3,2,4.013888888888889,4.425864648839375,72
296,3,3,9.162162162162161,9.352011536485128,74
296,3,4,38.445945945945944,36.40764965675238,74
296,3,5,116.06756756756756,113.73311949550911,74
296,3,6,217.0,217.45519226521148,75
296,3,7,477.88,489.43938270751397,75
296,3,8,415.64,422.236503244449,75
296,3,9,222.82666666666665,213.80825888694537,75
296,3,10,171.57333333333332,162.0941924369385,75
296,3,11,141.8,141.3898078955862,75
296,3,12,140.44,143.61048412080817,75
296,3,13,171.90666666666667,173.08120821246644,75
296,3,14,198.2,200.33461854537322,75
296,3,15,236.88,229.33079354189277,75
296,3,16,230.28,221.07368231686502,75
296,3,17,205.4,198.99408000615293,75
296,3,18,159.88,160.31645449457378,75
296,3,19,110.50666666666666,107.4898802255187,75
296,3,20,80.77333333333333,84.46825330095008,75
296,3,21,59.93333333333333,59.96749511371396,75
296,3,22,43.77333333333333,42.99428178826382,75
296,3,23,22.506666666666668,23.04531621403879,75
296,4,0,11.64,10.425539692518797,75
296,4,1,4.297297297297297,4.223280124829772,74
296,4,2,4.493333333333333,4.353891728299481,75
296,4,3,9.346666666666666,9.281244591009553,75
296,4,4,36.81333333333333,36.06739639847983,75
296,4,5,113.01333333333334,111.21169757734853,75
296,4,6,212.70666666666668,205.71241050722173,75
296,4,7,439.64,430.2005161798913,75
296,4,8,360.38666666666666,352.1384168663232,75
296,4,9,207.22666666666666,205.5619890620708,75
296,4,10,167.52,164.41027307278503,75
296,4,11,148.86666666666667,145.57894483831637,75
296,4,12,155.29333333333332,149.53115240758257,75
296,4,13,182.88,179.0538706937668,75
296,4,14,214.38666666666666,204.47395207183797,75
296,4,15,256.1066666666667,240.9704294855129,75
296,4,16,226.52,234.18381482412312,75
296,4,17,206.96,203.01488815452637,75
296,4,18,168.16,165.88672356070026,75
296,4,19,115.2,112.27370080525382,75
296,4,20,92.86666666666666,90.73747099017397,75
296,4,21,74.53333333333333,75.61335649403388,75
296,4,22,49.72,53.23507260756768,75
296,4,23,28.4,28.615480195865906,75
296,5,0,12.36,13.28559500608778,75
296,5,1,7.569444444444445,7.438960666590118,72
296,5,2,4.070422535211268,4.009806913754694,71
296,5,3,5.957746478873239,5.874844096168454,71
296,5,4,14.191780821917808,14.097370406088686,73
296,5,5,48.0,47.25554407168838,75
296,5,6,77.3972602739726,72.77279445536054,73
296,5,7,111.06756756756756,110.51304160762984,74
296,5,8,120.48648648648648,120.03250941996924,74
296,5,9,126.24324324324324,128.33821936098795,74
296,5,10,117.34246575342466,120.53330638355797,73
296,5,11,130.54794520547946,136.1485892294174,73
296,5,12,139.23287671232876,141.22262838903842,73
296,5,13,144.01351351351352,145.03910656256528,74
296,5,14,159.94520547945206,152.79640720147256,73
296,5,15,153.06849315068493,153.0447375428053,73
296,5,16,144.2054794520548,148.141940459051,73
296,5,17,137.76712328767124,142.11270620341637,73
296,5,18,122.75342465753425,123.5604728826462,73
296,5,19,91.61643835616438,95.9568787780252,73
296,5,20,75.67123287671232,76.85130637012327,73
296,5,21,61.64383561643836,65.47498175642035,73
296,5,22,46.15068493150685,49.581775505136854,73
296,5,23,29.835616438356166,30.017798195041706,73
296,6,0,12.904109589041095,13.585872268673448,73
296,6,1,7.708333333333333,7.598995939749396,72
296,6,2,3.6176470588235294,3.861784394827664,68
296,6,3,5.929577464788732,5.919093244819125,71
296,6,4,9.73972602739726,9.938295649579135,73
296,6,5,31.616438356164384,31.643898940318635,73
296,6,6,55.602739726027394,54.63254178351789,73
296,6,7,80.53424657534246,80.57179604746169,73
296,6,8,82.26027397260275,85.29171245198208,73
296,6,9,86.93150684931507,85.86615947819382,73
296,6,10,97.57534246575342,100.52427365725967,73
296,6,11,107.06849315068493,108.50514354390741,73
296,6,12,116.01369863013699,113.7610549490365,73
296,6,13,124.76712328767124,122.93771597294466,73
296,6,14,132.1095890410959,136.45619636062997,73
296,6,15,126.8082191780822,126.74618392166722,73
296,6,16,112.33783783783784,117.98148475766595,74
296,6,17,110.3108108108108,113.21282541387363,74
296,6,18,95.95945945945945,95.37822485327838,74
296,6,19,77.16438356164383,74.87942191233404,73
296,6,20,62.61643835616438,60.737246167663976,73
296,6,21,50.87671232876713,50.12586396527323,73
296,6,22,34.917808219178085,33.69055225193525,73
296,6,23,19.594594594594593,19.091911094707903,74
297,0,0,5.638888888888889,5.9908868329829685,72
297,0,1,4.666666666666667,4.324677001347419,72
297,0,2,2.803030303030303,2.9467453487885513,66
297,0,3,3.6527777777777777,3.681794840909672,72
297,0,4,10.093333333333334,9.649941811784755,75
297,0,5,21.266666666666666,21.843996063728557,75
297,0,6,49.61333333333334,50.087241502036846,75
297,0,7,208.6,208.99515589189107,75
297,0,8,123.85333333333334,123.5251883369024,75
297,0,9,80.56,81.19576483815862,75
297,0,10,69.73333333333333,70.47833306556761,75
297,0,11,70.54666666666667,71.69792821678975,75
297,0,12,74.38666666666667,78.76514377905714,75
297,0,13,80.85333333333334,81.2673267178996,75
297,0,14,88.37333333333333,85.67979278547243,75
297,0,15,155.66666666666666,151.02877557852145,75
297,0,16,159.21333333333334,151.62491402622965,75
297,0,17,113.46666666666667,112.62021889743589,75
297,0,18,73.37333333333333,74.08330925084994,75
297,0,19,60.57333333333333,61.22267678089667,75
297,0,20,35.413333333333334,35.847784321058306,75
297,0,21,28.346666666666668,29.072528194151545,75
297,0,22,23.933333333333334,23.46927845385855,75
297,0,23,16.85333333333333,17.019998405329314,75
297,1,0,6.1066666666666665,6.114610707059825,75
297,1,1,4.315068493150685,4.275641593237824,73
297,1,2,2.8550724637681157,2.968651330038249,69
297,1,3,3.3378378378378377,3.521523498413886,74
297,1,4,8.626666666666667,8.541000370107893,75
297,1,5,24.08,22.93363610389043,75
297,1,6,56.653333333333336,55.2265749612329,75
297,1,7,246.96,233.89103003765024,75
297,1,8,149.09333333333333,143.25245133390084,75
297,1,9,93.72,91.36180311121666,75
297,1,10,80.30666666666667,78.98315803996994,75
297,1,11,79.78666666666666,78.73379441837054,75
297,1,12,85.02666666666667,88.96834145114259,75
297,1,13,94.54666666666667,89.50078395770642,75
297,1,14,92.10666666666667,90.32519882047093,75
297,1,15,167.46666666666667,160.329916539897,75
297,1,16,179.70666666666668,165.12299157874907,75
297,1,17,157.8,140.37126324018467,75
297,1,18,83.61333333333333,83.23099986398425,75
297,1,19,68.01333333333334,65.96683356584131,75
297,1,20,43.06666666666667,38.578874905587426,75
297,1,21,36.64,32.426382178881525,75
297,1,22,22.32,23.733454084173296,75
297,1,23,20.173333333333332,19.2589955563882,75
297,2,0,6.36,6.107904350645177,75
297,2,1,4.337837837837838,4.423077418344829,74
297,2,2,2.942857142857143,3.0697466934542748,70
297,2,3,3.84,3.663651821311747,75
297,2,4,8.64,8.502631595469017,75
297,2,5,22.69736842105263,22.581140011008312,76
297,2,6,56.026315789473685,54.99976313109395,76
297,2,7,240.3815789473684,232.7497357881874,76
297,2,8,146.8684210526316,141.8347166333672,76
297,2,9,90.26315789473684,91.40410474017301,76
297,2,10,76.97368421052632,77.363984001268,76
297,2,11,74.22368421052632,76.88013255020726,76
297,2,12,119.90789473684211,102.09906463369441,76
297,2,13,90.8157894736842,94.45183823662553,76
297,2,14,92.34210526315789,94.43982041448305,76
297,2,15,143.92105263157896,153.75826807812055,76
297,2,16,152.47368421052633,160.72866777477876,76
297,2,17,135.30263157894737,136.46089343040313,76
297,2,18,82.01315789473684,82.2321689958993,76
297,2,19,67.61842105263158,66.4284686210846,76
297,2,20,39.06578947368421,39.34559861069771,76
297,2,21,29.473684210526315,31.02782545421769,76
297,2,22,29.36842105263158,27.39718310928859,76
297,2,23,19.68421052631579,19.428102898915167,76
297,3,0,6.373333333333333,6.171886641168715,75
297,3,1,4.337837837837838,4.389837871124827,74
297,3,2,3.161290322580645,3.1256010571325215,62
297,3,3,4.175675675675675,3.8375848561178523,74
297,3,4,8.716216216216216,8.734569975052949,74
297,3,5,22.533333333333335,22.663900185471373,75
297,3,6,59.38666666666666,55.26038049048686,75
297,3,7,228.57333333333332,226.2896244263162,75
297,3,8,140.08,138.7229143880215,75
297,3,9,91.58666666666667,89.05846623589804,75
297,3,10,77.24,76.94278503768389,75
297,3,11,77.76,78.14386410283478,75
297,3,12,77.02666666666667,88.25081888372878,75
297,3,13,88.0,88.89249812324462,75
297,3,14,89.76,89.17362369961997,75
297,3,15,169.06666666666666,159.0391360735097,75
297,3,16,172.24,162.23416706943914,75
297,3,17,147.13333333333333,136.0918016100835,75
297,3,18,88.57333333333334,83.99238692555816,75
297,3,19,65.0,64.85421855635738,75
297,3,20,40.733333333333334,39.83727728914584,75
297,3,21,36.21333333333333,33.122335637973016,75
297,3,22,26.426666666666666,26.94113567622831,75
297,3,23,19.56,19.426169992749525,75
297,4,0,7.213333333333333,6.422630033314531,75
297,4,1,4.243243243243243,4.2854472941708055,74
297,4,2,3.183098591549296,3.2374438354510566,71
297,4,3,4.095890410958904,3.851326541295385,73
297,4,4,8.826666666666666,8.645796000951954,75
297,4,5,20.586666666666666,22.233112092702,75
297,4,6,46.84,47.68010126128539,75
297,4,7,207.06666666666666,204.17911090024222,75
297,4,8,126.97333333333333,125.58203833317607,75
297,4,9,84.89333333333333,87.45221941234901,75
297,4,10,74.33333333333333,74.316714815644,75
297,4,11,79.49333333333334,80.67401224074894,75
297,4,12,81.05333333333333,85.64995122447417,75
297,4,13,87.16,89.36521084919232,75
297,4,14,95.32,95.37305525136456,75
297,4,15,170.22666666666666,164.67946409576854,75
297,4,16,159.06666666666666,164.4611370948167,75
297,4,17,127.16,134.45476499597888,75
297,4,18,86.57333333333334,85.77035447158741,75
297,4,19,62.32,63.730204873857076,75
297,4,20,44.72,44.996388330413595,75
297,4,21,40.266666666666666,39.35459335350941,75
297,4,22,30.56,30.228238080516235,75
297,4,23,19.973333333333333,20.44944519944299,75
297,5,0,7.47945205479452,7.8426292263124715,73
297,5,1,5.794520547945205,5.434307218811196,73
297,5,2,3.4393939393939394,3.527292114927287,66
297,5,3,3.808219178082192,3.7632636226181044,73
297,5,4,4.450704225352113,4.56906917400816,71
297,5,5,10.136986301369863,9.153921708565472,73
297,5,6,20.356164383561644,20.381934745796997,73
297,5,7,42.04054054054054,43.628261536191054,74
297,5,8,51.4,52.16028290437643,75
297,5,9,55.06666666666667,56.703816884308786,75
297,5,10,65.47297297297297,68.29142333486334,74
297,5,11,80.65753424657534,78.99850213682778,73
297,5,12,83.33333333333333,84.29273643444441,75
297,5,13,85.45945945945945,85.37230567814242,74
297,5,14,86.05405405405405,87.6473942261217,74
297,5,15,107.56164383561644,107.44838428593212,73
297,5,16,101.87671232876713,102.37501664237743,73
297,5,17,77.36486486486487,78.78172520938855,74
297,5,18,61.36,64.84743553626274,75
297,5,19,48.821917808219176,49.83985468110404,73
297,5,20,35.47945205479452,38.73280051381535,73
297,5,21,30.356164383561644,30.10534654748864,73
297,5,22,21.78082191780822,21.5715231211592,73
297,5,23,18.438356164383563,18.943514343135163,73
297,6,0,7.486111111111111,7.82471660622786,72
297,6,1,4.52112676056338,4.835233360231548,71
297,6,2,3.7301587301587302,3.544744553425395,63
297,6,3,3.5428571428571427,3.643768871197024,70
297,6,4,3.6986301369863015,3.9698400753702137,73
297,6,5,7.301369863013699,8.345521499343207,73
297,6,6,15.226666666666667,16.49924175999255,75
297,6,7,30.186666666666667,32.42959433207739,75
297,6,8,35.76,36.51769082033216,75
297,6,9,45.851351351351354,46.35051372656555,74
297,6,10,55.10666666666667,54.589004822970374,75
297,6,11,59.64,60.182536674619335,75
297,6,12,69.56756756756756,69.39843454861543,74
297,6,13,75.08108108108108,71.49274058201492,74
297,6,14,67.09333333333333,69.14144453042746,75
297,6,15,63.52,63.68624112827085,75
297,6,16,59.013698630136986,59.770672250991716,73
297,6,17,51.63013698630137,51.24471575596463,73
297,6,18,41.83561643835616,40.31912524143109,73
297,6,19,34.21917808219178,33.337675905343545,73
297,6,20,31.794520547945204,30.269459799398415,73
297,6,21,21.053333333333335,22.060252045392282,75
297,6,22,16.2972972972973,17.017044068306188,74
297,6,23,14.864864864864865,15.208144383254758,74
298,0,0,23.175675675675677,21.339137676459117,74
298,0,1,11.150684931506849,9.269937129225454,73
298,0,2,8.89041095890411,7.680776015353924,73
298,0,3,16.835616438356166,14.02266821039262,73
298,0,4,47.10666666666667,44.60423131407803,75
298,0,5,126.04,123.82939262790251,75
298,0,6,235.56,228.54022383876867,75
298,0,7,435.81333333333333,436.8539971833166,75
298,0,8,429.88,425.1105989709121,75
298,0,9,247.6,241.49188048982202,75
298,0,10,189.26666666666668,184.59804196021892,75
298,0,11,176.82666666666665,177.3403599435324,75
298,0,12,180.65333333333334,180.42850372546323,75
298,0,13,223.28,210.16707432109897,75
298,0,14,266.12,254.68053533934352,75
298,0,15,328.6,319.58571359939776,75
298,0,16,274.46666666666664,253.0976092452145,75
298,0,17,266.53333333333336,252.69778967187986,75
298,0,18,181.97333333333333,178.4741858067865,75
298,0,19,141.48,142.77662464842643,75
298,0,20,98.14666666666666,96.22693435766443,75
298,0,21,76.98666666666666,77.00605692167045,75
298,0,22,58.32,56.90370931681835,75
298,0,23,31.88,32.89373660399714,75
298,1,0,18.16,18.628660231683206,75
298,1,1,8.733333333333333,9.168629918428834,75
298,1,2,6.96,7.434884797017459,75
298,1,3,13.972972972972974,13.797355504157535,74
298,1,4,44.52,45.407672019785544,75
298,1,5,133.16,131.75890960869714,75
298,1,6,256.16,252.05514028456432,75
298,1,7,479.61333333333334,484.11107891774327,75
298,1,8,475.85333333333335,482.62225695495016,75
298,1,9,271.50666666666666,285.232867795909,75
298,1,10,206.69333333333333,203.87279948236136,75
298,1,11,180.78666666666666,191.0919083626677,75
298,1,12,191.69333333333333,193.58965161001436,75
298,1,13,231.69333333333333,236.12624408128235,75
298,1,14,277.82666666666665,288.15063193519137,75
298,1,15,345.0133333333333,333.54058472254235,75
298,1,16,288.49333333333334,284.02207320006085,75
298,1,17,286.8,280.3038830666838,75
298,1,18,204.46666666666667,199.96067742402866,75
298,1,19,153.22666666666666,155.90111043238457,75
298,1,20,104.72,103.3399863895851,75
298,1,21,86.2,82.82126193684935,75
298,1,22,63.93333333333333,61.13431009775214,75
298,1,23,34.54666666666667,35.226583034051636,75
298,2,0,19.973684210526315,19.150748965541528,76
298,2,1,9.407894736842104,9.548390026237177,76
298,2,2,8.236842105263158,7.83956060792205,76
298,2,3,15.32,13.880004191475749,75
298,2,4,45.13157894736842,45.40307359892949,76
298,2,5,131.75,130.35247912534126,76
298,2,6,261.60526315789474,250.1288644175937,76
298,2,7,479.7105263157895,483.928526300988,76
298,2,8,493.1842105263158,480.5605777526348,76
298,2,9,274.67105263157896,282.81244893675967,76
298,2,10,200.5921052631579,203.1861267227281,76
298,2,11,186.06578947368422,190.7509450773855,76
298,2,12,195.8815789473684,194.14463817247625,76
298,2,13,235.69736842105263,235.50344516088452,76
298,2,14,298.5263157894737,288.02167102398397,76
298,2,15,330.0657894736842,331.0038271098883,76
298,2,16,282.3157894736842,282.51502454588854,76
298,2,17,286.5131578947368,278.78744125092607,76
298,2,18,195.01315789473685,199.82937427454172,76
298,2,19,146.39473684210526,156.51706627342924,76
298,2,20,107.88157894736842,106.91493519119244,76
298,2,21,78.82894736842105,83.01007127926111,76
298,2,22,65.5,62.92100569410618,76
298,2,23,37.973684210526315,38.45760429056783,76
298,3,0,20.506666666666668,19.6153076977402,75
298,3,1,10.413333333333334,9.619649828464683,75
298,3,2,8.56,8.113333828523073,75
298,3,3,14.733333333333333,13.861850689388351,75
298,3,4,43.8,44.58275921496237,75
298,3,5,129.61333333333334,128.5625002874911,75
298,3,6,254.89333333333335,246.04709671834692,75
298,3,7,468.56,473.95940457094576,75
298,3,8,473.8666666666667,471.20456845298907,75
298,3,9,260.61333333333334,278.33193655934485,75
298,3,10,208.69333333333333,204.29320829216735,75
298,3,11,186.21333333333334,191.8062254417586,75
298,3,12,193.72,199.29484889046887,75
298,3,13,231.66666666666666,235.58400865665638,75
298,3,14,278.58666666666664,287.476834389337,75
298,3,15,347.06666666666666,336.2194692694645,75
298,3,16,288.88,280.6465640921491,75
298,3,17,290.18666666666667,278.3776346123297,75
298,3,18,210.85333333333332,210.90396061495412,75
298,3,19,154.76,158.60993602793272,75
298,3,20,111.38666666666667,108.85816858277552,75
298,3,21,88.2,85.76605015271195,75
298,3,22,63.4,62.97779268302408,75
298,3,23,41.733333333333334,39.49738835237418,75
298,4,0,24.173333333333332,23.26177952672578,75
298,4,1,11.533333333333333,11.416707886310792,75
298,4,2,8.36,9.095215706343138,75
298,4,3,14.91891891891892,14.35812723084403,74
298,4,4,44.78666666666667,45.00339917055472,75
298,4,5,125.44,120.78873386570046,75
298,4,6,247.94666666666666,234.79466809169676,75
298,4,7,452.25333333333333,434.1498306541938,75
298,4,8,438.4,417.2678212587186,75
298,4,9,264.14666666666665,249.7754877303815,75
298,4,10,202.8,205.6960170922825,75
298,4,11,194.84,194.35539005414643,75
298,4,12,208.41333333333333,204.07965881632515,75
298,4,13,244.0,245.34218325249384,75
298,4,14,289.72,293.36831886662327,75
298,4,15,351.4266666666667,351.0842720816113,75
298,4,16,291.6533333333333,285.50590333632874,75
298,4,17,272.8,283.1629891913216,75
298,4,18,224.88,219.11167572131066,75
298,4,19,167.46666666666667,166.45849830017315,75
298,4,20,122.49333333333334,128.09432630974572,75
298,4,21,105.14666666666666,106.1696073530261,75
298,4,22,80.65333333333334,80.89867320250883,75
298,4,23,48.68,50.22853619138998,75
298,5,0,27.85333333333333,28.968488460552823,75
298,5,1,17.905405405405407,17.722697600073083,74
298,5,2,12.08108108108108,11.722833201540041,74
298,5,3,15.391891891891891,14.361753181400019,74
298,5,4,34.486486486486484,33.055112443360564,74
298,5,5,65.94594594594595,66.60581781263677,74
298,5,6,118.37333333333333,121.87303915164884,75
298,5,7,164.66216216216216,169.84740327429026,74
298,5,8,198.5810810810811,198.05971344298868,74
298,5,9,186.73333333333332,178.24918538416551,75
298,5,10,182.10666666666665,183.77598562846381,75
298,5,11,194.14666666666668,192.41407756309496,75
298,5,12,213.47297297297297,202.19007843231853,74
298,5,13,228.8918918918919,240.93711541559142,74
298,5,14,249.74324324324326,243.5272744195675,74
298,5,15,241.53424657534248,243.73255897923386,73
298,5,16,206.97260273972603,229.76635258500946,73
298,5,17,190.40540540540542,227.1991566232807,74
298,5,18,168.17567567567568,178.01680236136724,74
298,5,19,141.86301369863014,143.24373737550283,73
298,5,20,114.94520547945206,113.22769171182854,73
298,5,21,94.08219178082192,94.55882899787753,73
298,5,22,75.47945205479452,76.36314805163158,73
298,5,23,50.178082191780824,48.02590014527597,73
298,6,0,29.28767123287671,29.346059408639483,73
298,6,1,17.82191780821918,17.757799755077535,73
298,6,2,12.527777777777779,12.070484206026284,72
298,6,3,12.41891891891892,13.443594708535592,74
298,6,4,32.24657534246575,33.278725115959205,73
298,6,5,52.49315068493151,51.44492469096117,73
298,6,6,86.86301369863014,86.15104338281132,73
298,6,7,121.5945945945946,123.34509964668185,74
298,6,8,127.04054054054055,124.75611523237465,74
298,6,9,138.29333333333332,138.613729426001,75
298,6,10,153.75675675675674,150.15943098850613,74
298,6,11,156.50666666666666,155.73289499900147,75
298,6,12,168.24,165.05556767910804,75
298,6,13,186.88,189.44394922920796,75
298,6,14,199.61333333333334,199.1087992125788,75
298,6,15,180.52,188.43761390703145,75
298,6,16,155.27397260273972,147.60535152278783,73
298,6,17,139.8108108108108,140.65828153495326,74
298,6,18,119.5945945945946,118.09627283469551,74
298,6,19,103.93150684931507,98.25685616064465,73
298,6,20,81.8082191780822,76.3167099866656,73
298,6,21,78.28767123287672,74.67201328480188,73
298,6,22,58.71621621621622,58.35671216310837,74
298,6,23,38.5945945945946,35.4525586915158,74
299,0,0,23.225352112676056,19.97460475268413,71
299,0,1,13.625,11.542121195006608,72
299,0,2,14.732394366197184,11.910607070420015,71
299,0,3,18.87323943661972,16.094666086857774,71
299,0,4,59.917808219178085,60.037690893348866,73
299,0,5,135.5810810810811,139.30507085971416,74
299,0,6,263.1216216216216,264.7164299531539,74
299,0,7,561.2266666666667,557.0097173870798,75
299,0,8,538.0533333333333,542.069616649564,75
299,0,9,304.3333333333333,315.22070799996726,75
299,0,10,228.09333333333333,223.84710288234817,75
299,0,11,212.77333333333334,205.88205911166543,75
299,0,12,212.64,210.99434709315037,75
299,0,13,253.06666666666666,239.37361660997155,75
299,0,14,315.7733333333333,305.5975684328612,75
299,0,15,346.0,313.7926596542427,75
299,0,16,327.81333333333333,305.7202731076062,75
299,0,17,283.64,261.07766356523734,75
299,0,18,203.70666666666668,198.09135154157872,75
299,0,19,159.41333333333333,159.13398800001335,75
299,0,20,116.21621621621621,115.03314084490447,74
299,0,21,76.21621621621621,77.09527805907855,74
299,0,22,52.87671232876713,53.17720059634464,73
299,0,23,31.041095890410958,32.715267645601784,73
299,1,0,17.071428571428573,18.701592385181318,70
299,1,1,10.0,11.194548172724163,66
299,1,2,12.151515151515152,11.48906489717469,66
299,1,3,17.44776119402985,16.07690554315296,67
299,1,4,60.054054054054056,61.31461443817335,74
299,1,5,147.65333333333334,155.7791514440586,75
299,1,6,291.64,293.42534594782484,75
299,1,7,635.9466666666667,643.9905425556437,75
299,1,8,608.4933333333333,627.8825495916133,75
299,1,9,335.88,353.3137587531755,75
299,1,10,241.06666666666666,245.68636037707563,75
299,1,11,220.33333333333334,235.95767224948247,75
299,1,12,226.48,240.34649413984803,75
299,1,13,273.6666666666667,268.4346764639883,75
299,1,14,339.41333333333336,346.357845686504,75
299,1,15,357.6533333333333,354.3528657404791,75
299,1,16,326.26666666666665,328.6997694495326,75
299,1,17,303.6933333333333,288.84189276540826,75
299,1,18,225.72,219.51366676754506,75
299,1,19,177.84,177.96065762144076,75
299,1,20,122.78666666666666,124.18282566055262,75
299,1,21,85.45333333333333,82.7820942339173,75
299,1,22,55.21333333333333,55.62915465701751,75
299,1,23,33.263888888888886,35.04022230986763,72
299,2,0,19.8,19.501591941134286,70
299,2,1,11.528571428571428,11.641465401409844,70
299,2,2,12.314285714285715,11.809175116504452,70
299,2,3,17.771428571428572,16.29476732749434,70
299,2,4,63.4,61.095368823417196,75
299,2,5,153.60526315789474,154.16803690277567,76
299,2,6,293.36842105263156,290.04561347140896,76
299,2,7,629.2368421052631,644.297915554002,76
299,2,8,610.5,626.0267885891998,76
299,2,9,332.2368421052632,349.6228249596024,76
299,2,10,247.48684210526315,244.5876870471097,76
299,2,11,233.17105263157896,234.9135720376415,76
299,2,12,238.10526315789474,239.89185112215492,76
299,2,13,281.7368421052632,270.17449225602826,76
299,2,14,359.5131578947368,345.27082833804405,76
299,2,15,356.7894736842105,352.06469295494827,76
299,2,16,320.2236842105263,326.4227227225254,76
299,2,17,295.7894736842105,289.22850150095303,76
299,2,18,220.85526315789474,219.4905658326328,76
299,2,19,166.96052631578948,177.02875349696683,76
299,2,20,120.64473684210526,123.79773827261639,76
299,2,21,85.03947368421052,83.43454735840437,76
299,2,22,60.88,59.75992026543391,75
299,2,23,36.36986301369863,37.96341282369133,73
299,3,0,19.114285714285714,19.924937971421343,70
299,3,1,12.26086956521739,11.91744489891977,69
299,3,2,12.014492753623188,11.91467764717382,69
299,3,3,19.66176470588235,16.368303423128577,68
299,3,4,60.67123287671233,59.76237764587039,73
299,3,5,147.89333333333335,151.73856963436617,75
299,3,6,285.2266666666667,286.7725965328583,75
299,3,7,613.08,628.2980471493494,75
299,3,8,592.3333333333334,611.5620351864735,75
299,3,9,332.8933333333333,343.62553633760893,75
299,3,10,246.29333333333332,243.72637136631718,75
299,3,11,226.42666666666668,235.03299994781764,75
299,3,12,230.32,239.17072708038808,75
299,3,13,270.2,267.9841942098321,75
299,3,14,345.88,345.78634100259,75
299,3,15,353.17333333333335,352.7456449411103,75
299,3,16,332.05333333333334,331.09364088277476,75
299,3,17,298.46666666666664,289.64795675649793,75
299,3,18,219.44,220.15111709449425,75
299,3,19,172.05333333333334,179.26906289616875,75
299,3,20,125.93333333333334,125.61625728548529,75
299,3,21,85.6,85.39784141900762,75
299,3,22,62.29333333333334,60.90722240184998,75
299,3,23,38.34722222222222,38.974977473018726,72
299,4,0,20.704225352112676,21.545114353277015,71
299,4,1,13.394366197183098,13.213260628811183,71
299,4,2,13.732394366197184,12.335857903077892,71
299,4,3,19.428571428571427,17.476617106837107,70
299,4,4,58.653333333333336,58.029388193587074,75
299,4,5,146.21333333333334,139.9750697200939,75
299,4,6,278.26666666666665,260.1181804376283,75
299,4,7,571.9733333333334,563.5288290784396,75
299,4,8,541.8266666666667,537.887766619251,75
299,4,9,308.7866666666667,308.8044820626981,75
299,4,10,243.68,248.34011530643295,75
299,4,11,239.56,245.24061800552425,75
299,4,12,238.8,247.02571115352941,75
299,4,13,286.05333333333334,271.38250099362415,75
299,4,14,367.5466666666667,355.87597058411745,75
299,4,15,367.3066666666667,359.3269098440894,75
299,4,16,345.94666666666666,347.10467991748345,75
299,4,17,322.88,297.43900144431694,75
299,4,18,242.01333333333332,242.05825088814964,75
299,4,19,205.69333333333333,199.11711625499927,75
299,4,20,149.28,148.48156175303424,75
299,4,21,111.41333333333333,108.88845090324908,75
299,4,22,80.28,80.80146801873471,75
299,4,23,50.906666666666666,50.33122200827486,75
299,5,0,32.41891891891892,33.27655253634712,74
299,5,1,18.945945945945947,18.687161403926616,74
299,5,2,15.837837837837839,15.555167529083683,74
299,5,3,16.30666666666667,16.70478830736495,75
299,5,4,36.445945945945944,36.85410355571521,74
299,5,5,71.9054054054054,70.80289261198135,74
299,5,6,124.8,119.57924810648865,75
299,5,7,178.49333333333334,182.6016405975046,75
299,5,8,236.42666666666668,241.17193542348681,75
299,5,9,232.64,238.4648506616774,75
299,5,10,239.1095890410959,238.8664346934378,73
299,5,11,237.30666666666667,244.50019968313418,75
299,5,12,257.8933333333333,248.3709567351071,75
299,5,13,278.8378378378378,282.2558602351767,74
299,5,14,291.6933333333333,302.6222474225069,75
299,5,15,290.972602739726,291.77671125478025,73
299,5,16,257.7945205479452,268.2354098583598,73
299,5,17,228.28378378378378,245.8491052253701,74
299,5,18,188.96,198.54873852568244,75
299,5,19,160.3918918918919,162.77575358792586,74
299,5,20,120.78378378378379,122.32416062614548,74
299,5,21,96.26027397260275,97.87899882636205,73
299,5,22,75.77027027027027,78.2986318251225,74
299,5,23,48.863013698630134,48.190734924717,73
299,6,0,32.36986301369863,33.478048539909466,73
299,6,1,19.845070422535212,18.655088118643164,71
299,6,2,13.028169014084508,14.886208574375383,71
299,6,3,15.424657534246576,16.474638110987055,73
299,6,4,29.40277777777778,29.92580073420224,72
299,6,5,50.333333333333336,51.233205227158116,72
299,6,6,89.64285714285714,89.69983176384352,70
299,6,7,126.43835616438356,129.38032618875144,73
299,6,8,158.23611111111111,157.7652062005472,72
299,6,9,181.19718309859155,182.45795194524837,71
299,6,10,195.3918918918919,200.4975497645314,74
299,6,11,197.64864864864865,203.93432482300872,74
299,6,12,208.94594594594594,212.71745808232933,74
299,6,13,222.6081081081081,226.6398531526519,74
299,6,14,233.56164383561645,231.18242851739396,73
299,6,15,222.72972972972974,225.30683856030595,74
299,6,16,199.58333333333334,206.8485064859223,72
299,6,17,171.26027397260273,170.81916260967418,73
299,6,18,137.2112676056338,134.37657843942628,71
299,6,19,116.34246575342466,112.80373742195172,73
299,6,20,89.77777777777777,86.12562285841311,72
299,6,21,72.40277777777777,72.97582168123706,72
299,6,22,60.15277777777778,59.61731542799296,72
299,6,23,37.02777777777778,36.175147467131914,72
300,0,0,16.112676056338028,15.701381499741478,71
300,0,1,9.084507042253522,8.772667065163732,71
300,0,2,10.183098591549296,9.964094259316695,71
300,0,3,16.492957746478872,15.443354327801233,71
300,0,4,48.32432432432432,45.721782268629084,74
300,0,5,179.02702702702703,177.64021888429681,74
300,0,6,328.94594594594594,329.1923224912793,74
300,0,7,639.2702702702703,635.8911691161069,74
300,0,8,589.1891891891892,587.4811940396986,74
300,0,9,329.7837837837838,323.69842182331655,74
300,0,10,230.36486486486487,228.4296125533567,74
300,0,11,206.74324324324326,210.28103790251507,74
300,0,12,208.3108108108108,211.02540558083,74
300,0,13,257.9189189189189,255.8809371789473,74
300,0,14,418.85333333333335,391.6669726254233,75
300,0,15,393.6081081081081,379.294270857681,74
300,0,16,316.53333333333336,309.2881235222727,75
300,0,17,279.9189189189189,262.25962287545934,74
300,0,18,212.25675675675674,209.984925421066,74
300,0,19,150.18666666666667,143.89783856614446,75
300,0,20,113.0945945945946,112.7551741488169,74
300,0,21,69.10666666666667,71.26375487419412,75
300,0,22,46.08450704225352,47.22974310584556,71
300,0,23,45.205882352941174,43.36923772211566,68
300,1,0,15.835820895522389,15.44650191205199,67
300,1,1,9.848484848484848,8.76870457380194,66
300,1,2,10.940298507462687,9.937107530456242,67
300,1,3,18.761194029850746,17.12595650847186,67
300,1,4,48.08,46.70371413951246,75
300,1,5,187.8,187.51152967191635,75
300,1,6,353.16,364.4943343128229,75
300,1,7,712.5866666666667,707.5965860792696,75
300,1,8,666.8648648648649,680.8741113565601,74
300,1,9,368.8933333333333,377.6350458361571,75
300,1,10,249.94666666666666,247.7469335711752,75
300,1,11,217.05333333333334,241.26562060627765,75
300,1,12,234.66666666666666,242.07769479612412,75
300,1,13,280.7162162162162,276.3780223424907,74
300,1,14,443.24,423.98940110082617,75
300,1,15,436.6621621621622,412.46062608554945,74
300,1,16,351.56,337.2396780680908,75
300,1,17,320.48,289.7245142023658,75
300,1,18,248.74666666666667,234.54043907038115,75
300,1,19,167.34666666666666,157.2254229406792,75
300,1,20,123.22666666666667,120.55720555045879,75
300,1,21,82.74666666666667,78.45165240335987,75
300,1,22,52.42253521126761,49.52112665265103,71
300,1,23,48.2463768115942,44.13270016756445,69
300,2,0,16.333333333333332,15.859339541510723,69
300,2,1,11.161764705882353,9.405610045896669,68
300,2,2,10.779411764705882,10.167420505259006,68
300,2,3,20.159420289855074,17.245989616418804,69
300,2,4,49.276315789473685,46.615388619009444,76
300,2,5,184.21052631578948,185.75056989376762,76
300,2,6,357.0657894736842,361.3986180548702,76
300,2,7,712.078947368421,707.0465498206042,76
300,2,8,668.421052631579,674.163556905018,76
300,2,9,370.3157894736842,373.61681965946735,76
300,2,10,254.5,246.90068093124677,76
300,2,11,240.0,240.74082890631635,76
300,2,12,243.31578947368422,242.2599715499931,76
300,2,13,273.42105263157896,278.88151921096176,76
300,2,14,428.7368421052632,423.7326095368576,76
300,2,15,400.35526315789474,408.4807879187385,76
300,2,16,350.39473684210526,334.921065179051,76
300,2,17,308.2105263157895,289.97666872008233,76
300,2,18,231.55263157894737,232.6871784465484,76
300,2,19,151.9078947368421,158.6284760971279,76
300,2,20,112.86842105263158,120.27605320920348,76
300,2,21,80.26315789473684,79.01102587197327,76
300,2,22,50.13513513513514,49.82910042707674,74
300,2,23,48.63380281690141,46.017714875940584,71
300,3,0,16.25,15.980778733533565,68
300,3,1,10.838235294117647,9.551115596294682,68
300,3,2,11.338235294117647,10.215146469977427,68
300,3,3,18.044776119402986,17.327435307339645,67
300,3,4,45.68,45.8435207499478,75
300,3,5,189.34666666666666,183.0476683767964,75
300,3,6,351.41333333333336,353.8612125155018,75
300,3,7,690.1866666666666,691.8662220823803,75
300,3,8,638.1733333333333,658.3660012702895,75
300,3,9,363.38666666666666,366.22952017415906,75
300,3,10,250.56,246.4513251159458,75
300,3,11,231.06666666666666,239.30086463332762,75
300,3,12,235.06666666666666,240.90245374182825,75
300,3,13,278.41333333333336,277.41264659782627,75
300,3,14,431.7733333333333,424.52614652432067,75
300,3,15,404.14666666666665,416.80787979603235,75
300,3,16,359.76,338.54324975401397,75
300,3,17,312.1333333333333,290.5543441662461,75
300,3,18,232.94666666666666,234.25648084872665,75
300,3,19,165.21333333333334,160.746211126051,75
300,3,20,130.2,122.40342276866723,75
300,3,21,95.96,87.25995141886911,75
300,3,22,51.888888888888886,51.97051373438405,72
300,3,23,49.84507042253521,48.84843699295463,71
300,4,0,17.347826086956523,17.32986133151788,69
300,4,1,10.895522388059701,10.51935559381017,67
300,4,2,9.567164179104477,10.154525737470445,67
300,4,3,18.55223880597015,16.75119709706022,67
300,4,4,46.54666666666667,45.770431617246295,75
300,4,5,178.44,176.8343417973533,75
300,4,6,327.62666666666667,320.33655168932296,75
300,4,7,631.7466666666667,630.8517014310481,75
300,4,8,550.2133333333334,541.2009538595714,75
300,4,9,328.6933333333333,336.7865974791174,75
300,4,10,249.52,250.08857591323627,75
300,4,11,240.24,247.29523821780953,75
300,4,12,238.26666666666668,248.2443741132173,75
300,4,13,290.96,282.63568744830457,75
300,4,14,453.26666666666665,432.1703311903832,75
300,4,15,426.93333333333334,423.16002199472297,75
300,4,16,361.37333333333333,351.10413384278365,75
300,4,17,316.7866666666667,298.4430262823076,75
300,4,18,245.96,246.09544468308232,75
300,4,19,176.74666666666667,173.05976839213318,75
300,4,20,127.42666666666666,134.05736404311827,75
300,4,21,96.77333333333333,100.77681201277923,75
300,4,22,65.84,67.31571044521081,75
300,4,23,56.93333333333333,59.14443961112465,75
300,5,0,21.82191780821918,23.52929955971195,73
300,5,1,12.845070422535212,14.903349933120404,71
300,5,2,8.901408450704226,10.753943444938177,71
300,5,3,12.814285714285715,12.553030734591431,70
300,5,4,30.01388888888889,30.403426228628557,72
300,5,5,80.91549295774648,84.68699195000922,71
300,5,6,135.6338028169014,134.57525860641576,71
300,5,7,212.70833333333334,213.13718096393555,72
300,5,8,250.26760563380282,250.43620189451164,71
300,5,9,245.65277777777777,246.46793687077994,72
300,5,10,239.70422535211267,241.64885218049434,71
300,5,11,268.9577464788732,248.83039338904263,71
300,5,12,289.46478873239437,255.50463126990118,71
300,5,13,300.77464788732397,307.42836827308537,71
300,5,14,300.125,302.8554550748831,72
300,5,15,287.84722222222223,287.22120548202406,72
300,5,16,239.65277777777777,259.4445601572155,72
300,5,17,212.61111111111111,242.24394129177958,72
300,5,18,191.94366197183098,230.25775863025035,71
300,5,19,146.58333333333334,148.58009066604254,72
300,5,20,114.41666666666667,115.22965551577141,72
300,5,21,95.49295774647888,94.34116842586971,71
300,5,22,64.36619718309859,63.81820646649373,71
300,5,23,56.375,61.259699512990515,72
300,6,0,22.22222222222222,23.209144587851572,72
300,6,1,14.661971830985916,15.787981200375988,71
300,6,2,8.385714285714286,10.287070110049617,70
300,6,3,11.253521126760564,11.601381468811315,71
300,6,4,19.450704225352112,19.0578194753306,71
300,6,5,67.36619718309859,67.2267208355085,71
300,6,6,98.36619718309859,98.3828532339103,71
300,6,7,138.125,138.69176705272136,72
300,6,8,181.09859154929578,181.75488721718966,71
300,6,9,199.72222222222223,195.57898461993807,72
300,6,10,212.91549295774647,211.24995201509668,71
300,6,11,219.69014084507043,215.65929145064834,71
300,6,12,235.35211267605635,232.69407017987933,71
300,6,13,247.73239436619718,239.02519255041662,71
300,6,14,247.29166666666666,250.657745961921,72
300,6,15,241.6027397260274,246.9262399495744,73
300,6,16,193.14084507042253,205.04437796892304,71
300,6,17,169.1549295774648,167.62931214752197,71
300,6,18,139.30985915492957,136.91311773216003,71
300,6,19,98.98630136986301,98.75491255394402,73
300,6,20,85.05633802816901,83.94326254288974,71
300,6,21,65.08450704225352,64.29899882706735,71
300,6,22,47.53521126760563,43.953604881785786,71
300,6,23,39.375,39.50139291490072,72
301,0,0,24.041666666666668,23.838749216467495,72
301,0,1,15.845070422535212,15.558640563548181,71
301,0,2,15.492957746478874,14.964239171088309,71
301,0,3,24.154929577464788,23.997002404396664,71
301,0,4,69.36486486486487,68.34787220880845,74
301,0,5,215.74324324324326,221.00019468310865,74
301,0,6,383.50666666666666,380.95798041098584,75
301,0,7,741.8513513513514,755.4302662086383,74
301,0,8,742.9333333333333,779.7236078311957,75
301,0,9,447.81081081081084,451.23599286269507,74
301,0,10,360.74666666666667,356.24371225432236,75
301,0,11,362.14666666666665,348.0672590610587,75
301,0,12,359.93333333333334,360.68255003262163,75
301,0,13,427.3783783783784,415.3830954947003,74
301,0,14,485.2133333333333,484.44812804582966,75
301,0,15,507.48,486.99130617311243,75
301,0,16,496.4594594594595,482.3625930216551,74
301,0,17,504.3378378378378,478.2219095280105,74
301,0,18,353.1756756756757,339.9039213957132,74
301,0,19,252.32432432432432,238.54927800879636,74
301,0,20,173.6891891891892,173.24553908969577,74
301,0,21,123.82432432432432,119.16169291681129,74
301,0,22,79.97142857142858,82.93139183020283,70
301,0,23,53.885714285714286,53.97507745775818,70
301,1,0,26.119402985074625,24.540710543707362,67
301,1,1,14.712121212121213,15.571505082121503,66
301,1,2,15.484848484848484,14.889026773552656,66
301,1,3,22.545454545454547,24.00148723011421,66
301,1,4,73.40277777777777,71.12944224632339,72
301,1,5,231.13333333333333,241.26792359895776,75
301,1,6,404.52,410.12712282429925,75
301,1,7,805.48,821.953133530556,75
301,1,8,841.6891891891892,877.0689408855079,74
301,1,9,492.8933333333333,501.6711569867457,75
301,1,10,390.56,398.34794873228896,75
301,1,11,378.37333333333333,377.98572240978353,75
301,1,12,375.2266666666667,398.9768445440079,75
301,1,13,440.74666666666667,442.7637059459315,75
301,1,14,532.8243243243244,536.0509552198982,74
301,1,15,547.4,543.6306831810757,75
301,1,16,532.8243243243244,528.9269146585309,74
301,1,17,544.1466666666666,510.27092996100816,75
301,1,18,392.1066666666667,379.6316381116387,75
301,1,19,275.85333333333335,283.20021644236857,75
301,1,20,186.2,189.39504957728875,75
301,1,21,125.84,125.63600479724352,75
301,1,22,86.28571428571429,89.57356742921756,70
301,1,23,59.391304347826086,58.20311437436023,69
301,2,0,27.91549295774648,26.79154018425701,71
301,2,1,17.5,16.15713711069917,68
301,2,2,15.764705882352942,15.396025081796873,68
301,2,3,24.63768115942029,24.162902117032896,69
301,2,4,69.69736842105263,67.9558967924045,76
301,2,5,236.6578947368421,238.85526486220763,76
301,2,6,413.2236842105263,409.6800994178746,76
301,2,7,819.8552631578947,823.6441031516927,76
301,2,8,835.9605263157895,870.2760651538086,76
301,2,9,501.14473684210526,501.68736178090865,76
301,2,10,395.9078947368421,397.1300361528887,76
301,2,11,387.10526315789474,384.49580772769764,76
301,2,12,397.9868421052632,400.43369513276934,76
301,2,13,442.0657894736842,446.4107381752857,76
301,2,14,527.3421052631579,535.966872529238,76
301,2,15,537.6052631578947,545.9398682782484,76
301,2,16,508.69736842105266,524.4639558974446,76
301,2,17,523.1842105263158,505.9618568752055,76
301,2,18,382.7763157894737,377.4087598179243,76
301,2,19,265.92105263157896,283.2893691564367,76
301,2,20,192.25,190.39891194429342,76
301,2,21,125.21052631578948,131.84800070341097,76
301,2,22,89.53424657534246,94.93642100917715,73
301,2,23,61.72463768115942,59.58670240295544,69
301,3,0,28.223880597014926,28.66072899553147,67
301,3,1,17.253731343283583,16.260972201631475,67
301,3,2,14.705882352941176,15.242830939505525,68
301,3,3,23.28358208955224,24.191251097178604,67
301,3,4,65.76,65.67085112606651,75
301,3,5,226.58666666666667,234.1897368737792,75
301,3,6,398.12,401.7207950724752,75
301,3,7,794.0533333333333,806.0320318209922,75
301,3,8,817.0266666666666,852.3338984280364,75
301,3,9,490.41333333333336,494.26296948638503,75
301,3,10,396.17333333333335,394.041211719735,75
301,3,11,385.05333333333334,381.6103827217161,75
301,3,12,381.8933333333333,396.6620772013703,75
301,3,13,433.06666666666666,443.1386231224184,75
301,3,14,520.72,532.9140233324379,75
301,3,15,558.1733333333333,545.8436266344584,75
301,3,16,524.9733333333334,520.6745816901259,75
301,3,17,536.36,506.03692376363244,75
301,3,18,394.25333333333333,394.402601762433,75
301,3,19,286.74666666666667,282.71719980162555,75
301,3,20,190.84,195.67148194389677,75
301,3,21,131.33333333333334,136.7875988500136,75
301,3,22,94.89855072463769,98.46747868429304,69
301,3,23,62.231884057971016,60.40466089869318,69
301,4,0,30.16417910447761,28.566179649411566,67
301,4,1,19.176470588235293,18.055887435212355,68
301,4,2,13.477611940298507,13.385332979381282,67
301,4,3,24.567164179104477,24.12249771816706,67
301,4,4,65.06849315068493,64.77261104799861,73
301,4,5,219.4,220.25991012434685,75
301,4,6,401.92,392.5841607334589,75
301,4,7,737.08,735.0230569920951,75
301,4,8,736.6666666666666,720.5023684264274,75
301,4,9,451.6533333333333,450.417135081941,75
301,4,10,393.5466666666667,399.7525422072566,75
301,4,11,400.8666666666667,389.65045986959655,75
301,4,12,405.8933333333333,404.34417234852936,75
301,4,13,466.7733333333333,453.69447493120913,75
301,4,14,547.96,540.3295178697346,75
301,4,15,587.7466666666667,554.5385565320053,75
301,4,16,515.84,525.8994970362635,75
301,4,17,495.0133333333333,512.694529348742,75
301,4,18,379.84,408.49779646696595,75
301,4,19,298.24,290.11398079056227,75
301,4,20,210.37333333333333,207.89440489849935,75
301,4,21,157.29333333333332,161.68427356997014,75
301,4,22,118.18666666666667,122.09740342997432,75
301,4,23,76.82666666666667,82.91918681523345,75
301,5,0,38.0,42.867798445085946,74
301,5,1,22.56338028169014,24.232340540224676,71
301,5,2,14.67605633802817,16.08459435221756,71
301,5,3,18.281690140845072,19.158751470808447,71
301,5,4,44.70422535211268,43.34717653938608,71
301,5,5,111.70422535211267,108.68016007540265,71
301,5,6,198.86301369863014,200.98359216051776,73
301,5,7,287.7042253521127,289.20419314954506,71
301,5,8,363.28169014084506,360.38923186911285,71
301,5,9,355.0845070422535,353.64149422256736,71
301,5,10,359.2957746478873,363.04294488032593,71
301,5,11,386.83098591549293,402.3248842492683,71
301,5,12,407.6478873239437,408.90495279584684,71
301,5,13,432.6478873239437,424.30573594703105,71
301,5,14,451.80555555555554,441.7943855087161,72
301,5,15,432.15277777777777,438.26728717857253,72
301,5,16,372.98591549295776,393.48560935342726,71
301,5,17,346.0422535211268,386.3803615527407,71
301,5,18,310.83098591549293,323.36296386124263,71
301,5,19,265.34722222222223,259.1330992261953,72
301,5,20,195.94366197183098,201.8752710203716,71
301,5,21,152.77777777777777,147.98920793064255,72
301,5,22,123.80281690140845,126.00051028735285,71
301,5,23,83.33333333333333,86.68660205467562,72
301,6,0,40.763888888888886,41.763937995628496,72
301,6,1,24.64788732394366,24.770108460223334,71
301,6,2,15.859154929577464,16.12967214737186,71
301,6,3,17.819444444444443,18.465622718859585,72
301,6,4,38.58904109589041,37.80310485266625,73
301,6,5,92.77464788732394,92.4278068236392,71
301,6,6,139.43835616438355,138.17127972695394,73
301,6,7,197.83098591549296,196.47952168098294,71
301,6,8,254.43661971830986,249.83184337650297,71
301,6,9,284.84507042253523,287.2009766794859,71
301,6,10,301.32394366197184,308.89873597623813,71
301,6,11,314.59154929577466,361.14288233552566,71
301,6,12,335.67605633802816,364.24699183611534,71
301,6,13,359.056338028169,361.89874984443645,71
301,6,14,371.5068493150685,364.5135369822395,73
301,6,15,344.47222222222223,351.2205693996465,72
301,6,16,282.14084507042253,294.8357305140051,71
301,6,17,250.58904109589042,273.69353223307536,73
301,6,18,229.81944444444446,220.77769947348412,72
301,6,19,189.6338028169014,171.12232817083446,71
301,6,20,142.98591549295776,135.41891398559034,71
301,6,21,112.04225352112677,108.8300148605221,71
301,6,22,81.125,81.64943628865421,72
301,6,23,53.88732394366197,53.196046201398254,71
303,0,0,23.44927536231884,22.454861590584375,69
303,0,1,12.014285714285714,10.94714214308863,70
303,0,2,13.072463768115941,11.46436208682162,69
303,0,3,27.246575342465754,26.398609935220296,73
303,0,4,68.25675675675676,66.36254719350245,74
303,0,5,202.97260273972603,209.48441053613885,73
303,0,6,374.44594594594594,369.35673066887097,74
303,0,7,720.918918918919,710.6678744620706,74
303,0,8,800.1643835616438,821.5430402157025,73
303,0,9,501.027397260274,507.2285789301615,73
303,0,10,374.1216216216216,369.72740018482506,74
303,0,11,348.8767123287671,353.4454741005918,73
303,0,12,348.8904109589041,362.22851598241124,73
303,0,13,382.6756756756757,399.6319396642897,74
303,0,14,442.43835616438355,441.63925564473317,73
303,0,15,467.9054054054054,480.4190864855588,74
303,0,16,447.6756756756757,440.39645629523835,74
303,0,17,434.972602739726,427.4401705788225,73
303,0,18,317.7260273972603,318.40339529189725,73
303,0,19,205.6986301369863,206.5270594539426,73
303,0,20,151.35616438356163,144.8131088939792,73
303,0,21,95.45205479452055,101.57598927864065,73
303,0,22,74.44285714285714,77.28087764976124,70
303,0,23,43.86486486486486,43.74461110935771,74
303,1,0,19.857142857142858,21.589950617950365,70
303,1,1,10.814285714285715,10.950208854117658,70
303,1,2,12.136363636363637,11.435934889885951,66
303,1,3,26.08823529411765,26.086776084105548,68
303,1,4,66.77333333333333,67.08353647545346,75
303,1,5,213.88,223.02382168975222,75
303,1,6,396.29333333333335,406.18874255324783,75
303,1,7,822.1733333333333,814.3585043983644,75
303,1,8,926.0266666666666,933.1634450273189,75
303,1,9,566.0133333333333,579.6214134430236,75
303,1,10,410.53333333333336,404.65329490086145,75
303,1,11,359.50666666666666,373.07068187705124,75
303,1,12,350.62666666666667,370.9799640440725,75
303,1,13,399.96,427.86219788033503,75
303,1,14,452.86301369863014,487.08898489724606,73
303,1,15,493.94594594594594,525.5514365656016,74
303,1,16,497.6081081081081,493.6874569815785,74
303,1,17,474.25333333333333,480.13499395453147,75
303,1,18,360.2266666666667,359.1964542944402,75
303,1,19,221.52,231.05119700673143,75
303,1,20,149.16,160.8566715174479,75
303,1,21,127.10666666666667,117.34388274576592,75
303,1,22,86.2,82.48139257535168,70
303,1,23,45.013513513513516,44.76688514586188,74
303,2,0,21.583333333333332,22.697781217903707,72
303,2,1,11.094594594594595,11.947505492264433,74
303,2,2,13.140845070422536,12.217901549293869,71
303,2,3,28.014084507042252,26.16011322868379,71
303,2,4,63.69736842105263,64.68556073296304,76
303,2,5,218.10526315789474,221.91685502112153,76
303,2,6,409.5,404.72269851680346,76
303,2,7,812.0263157894736,817.6158471570261,76
303,2,8,927.421052631579,925.3334874887307,76
303,2,9,570.1184210526316,577.3248729359015,76
303,2,10,412.11842105263156,403.4265095712739,76
303,2,11,380.14473684210526,381.23673853591663,76
303,2,12,378.85526315789474,380.67868136607797,76
303,2,13,413.89473684210526,430.2982935108018,76
303,2,14,458.67105263157896,484.5670088278107,76
303,2,15,494.9868421052632,521.6610888477848,76
303,2,16,478.7631578947368,490.6889672394283,76
303,2,17,465.35526315789474,479.48467073002564,76
303,2,18,359.0657894736842,356.8159834903171,76
303,2,19,226.30263157894737,229.94475930162164,76
303,2,20,165.3815789473684,165.14862761960296,76
303,2,21,107.65789473684211,117.19813465689018,76
303,2,22,76.43835616438356,82.93337238103864,73
303,2,23,48.067567567567565,46.79675631662278,74
303,3,0,24.61111111111111,23.958546389272236,72
303,3,1,13.028571428571428,12.802770627076367,70
303,3,2,12.32394366197183,12.532214891815189,71
303,3,3,24.575342465753426,25.77219072578397,73
303,3,4,64.91891891891892,64.22446046390885,74
303,3,5,221.38666666666666,218.3550479477203,75
303,3,6,399.05333333333334,396.6673086410847,75
303,3,7,800.5866666666667,799.3368716535989,75
303,3,8,889.52,905.0556189862847,75
303,3,9,565.2133333333334,567.6618997300221,75
303,3,10,420.3066666666667,400.205598825175,75
303,3,11,370.6,376.88354091503606,75
303,3,12,365.08,376.0638104829776,75
303,3,13,412.5466666666667,427.9141429879351,75
303,3,14,461.9866666666667,482.6070609852169,75
303,3,15,502.02666666666664,518.763151484491,75
303,3,16,497.92,489.3944757940433,75
303,3,17,489.3066666666667,480.4310182965405,75
303,3,18,368.50666666666666,359.6139215614479,75
303,3,19,228.06666666666666,232.60350006415823,75
303,3,20,172.72,173.17005549185558,75
303,3,21,114.66666666666667,117.44522652942857,75
303,3,22,83.13513513513513,84.78062820861807,74
303,3,23,51.310810810810814,50.548222335293374,74
303,4,0,22.62857142857143,22.957700544810887,70
303,4,1,10.565217391304348,11.61999172296887,69
303,4,2,12.774647887323944,12.000632095532865,71
303,4,3,25.098591549295776,25.57754581698386,71
303,4,4,62.093333333333334,62.53541038580537,75
303,4,5,211.53333333333333,207.09195595485798,75
303,4,6,371.52,367.3744260360699,75
303,4,7,734.6533333333333,730.0735661312683,75
303,4,8,758.3066666666666,748.1201861706348,75
303,4,9,500.3333333333333,502.2893824327453,75
303,4,10,411.0,406.69188718120233,75
303,4,11,384.32,387.6159323908317,75
303,4,12,389.6933333333333,387.35730157126505,75
303,4,13,436.17333333333335,436.68428250029297,75
303,4,14,499.50666666666666,489.2671330057717,75
303,4,15,517.8666666666667,524.6316914002933,75
303,4,16,505.17333333333335,497.23907839107335,75
303,4,17,493.46666666666664,488.08697067607454,75
303,4,18,415.12,394.72288711815787,75
303,4,19,270.6533333333333,251.18381168075348,75
303,4,20,205.09333333333333,200.5074929536204,75
303,4,21,157.89333333333335,151.11227434551927,75
303,4,22,128.18666666666667,115.6399530316043,75
303,4,23,72.56,70.76183164806838,75
303,5,0,36.861111111111114,38.469461972358765,72
303,5,1,17.309859154929576,17.398176249578768,71
303,5,2,14.91304347826087,16.001327661239447,69
303,5,3,24.507246376811594,22.977847294958625,69
303,5,4,37.10958904109589,37.49100224560195,73
303,5,5,106.77142857142857,109.42344943553863,70
303,5,6,165.5810810810811,168.27530883847805,74
303,5,7,245.1216216216216,246.65480339407776,74
303,5,8,338.7916666666667,339.1378416599913,72
303,5,9,398.5,396.8741915416761,70
303,5,10,395.16901408450707,393.47782655375545,71
303,5,11,423.8169014084507,412.40916603514154,71
303,5,12,433.75,415.9607257298564,72
303,5,13,456.0833333333333,424.8218939626423,72
303,5,14,429.26027397260276,410.14233557110884,73
303,5,15,413.6111111111111,410.34507239133836,72
303,5,16,368.11267605633805,396.2567413624358,71
303,5,17,346.75714285714287,388.8373969302107,70
303,5,18,302.4166666666667,315.8000357208822,72
303,5,19,237.01388888888889,229.8631567919851,72
303,5,20,177.37142857142857,169.98332060268217,70
303,5,21,126.25352112676056,125.65784727678141,71
303,5,22,100.44285714285714,104.347322241585,70
303,5,23,69.57333333333334,69.2946221192031,75
303,6,0,41.82857142857143,40.483666769474716,70
303,6,1,21.63768115942029,17.68173869801737,69
303,6,2,13.647058823529411,15.72321351993853,68
303,6,3,19.32857142857143,19.5312892351793,70
303,6,4,31.676056338028168,31.91975495752646,71
303,6,5,76.66197183098592,76.03757816672454,71
303,6,6,128.56944444444446,129.27331531348395,72
303,6,7,165.4189189189189,167.19322326096412,74
303,6,8,243.41666666666666,243.70655737707492,72
303,6,9,325.7,320.7989849743227,70
303,6,10,354.67605633802816,344.25891916743444,71
303,6,11,369.0138888888889,366.89371983670776,72
303,6,12,375.05555555555554,371.0749203940409,72
303,6,13,405.15714285714284,373.6401811644853,70
303,6,14,411.5833333333333,368.02469338109546,72
303,6,15,339.1232876712329,346.82109462366225,73
303,6,16,303.69565217391306,326.3428059063089,69
303,6,17,287.27142857142854,301.99707353114127,70
303,6,18,222.63888888888889,217.57389385389166,72
303,6,19,155.90277777777777,154.11824679970033,72
303,6,20,125.52173913043478,121.91274779304244,69
303,6,21,92.31428571428572,95.20986343706355,70
303,6,22,70.15277777777777,71.4061859678274,72
303,6,23,42.2,41.85131923415198,75
304,0,0,26.33783783783784,23.67975530340159,74
304,0,1,15.746478873239436,15.204584279454782,71
304,0,2,10.75,11.140814911443018,72
304,0,3,24.45205479452055,22.663047659504755,73
304,0,4,53.91891891891892,51.548606062550775,74
304,0,5,178.64383561643837,177.59629836458086,73
304,0,6,299.17333333333335,303.1625639666962,75
304,0,7,609.1081081081081,622.0849911907786,74
304,0,8,686.4794520547945,693.2588667705579,73
304,0,9,443.013698630137,445.6041709107932,73
304,0,10,338.35616438356163,336.72116485610684,73
304,0,11,307.5753424657534,314.3248139857759,73
304,0,12,302.17808219178085,311.5000284978935,73
304,0,13,333.5753424657534,331.16829064621936,73
304,0,14,384.52054794520546,378.84414795574145,73
304,0,15,373.013698630137,374.83260770552215,73
304,0,16,376.3972602739726,379.77428800866596,73
304,0,17,379.5890410958904,379.5276572266438,73
304,0,18,306.5342465753425,316.17897386703845,73
304,0,19,211.24657534246575,217.86143259607036,73
304,0,20,150.05479452054794,148.57080231314646,73
304,0,21,98.41095890410959,106.493254475126,73
304,0,22,74.86486486486487,79.52973484644635,74
304,0,23,46.72857142857143,43.84900256457024,70
304,1,0,23.26388888888889,22.996038954854612,72
304,1,1,11.985915492957746,14.991594187316997,71
304,1,2,9.164179104477611,11.151418367063917,67
304,1,3,20.18840579710145,20.80126291392137,69
304,1,4,52.68493150684932,52.77608679324655,73
304,1,5,180.04,186.9519289027363,75
304,1,6,330.4,328.2570235925869,75
304,1,7,688.6,687.4608389287624,75
304,1,8,793.8783783783783,811.1194204894214,74
304,1,9,522.3378378378378,523.4897126556604,74
304,1,10,368.4533333333333,363.84027744938624,75
304,1,11,317.96,339.43212647924264,75
304,1,12,312.7567567567568,340.3454160849323,74
304,1,13,331.70666666666665,346.5091536648078,75
304,1,14,381.18918918918916,398.82408020959133,74
304,1,15,384.9189189189189,410.1120330884449,74
304,1,16,393.9864864864865,412.77609816773173,74
304,1,17,397.76,411.83650065819467,75
304,1,18,335.26666666666665,355.0606910941404,75
304,1,19,225.49333333333334,245.07368999942375,75
304,1,20,161.44,170.6510973837762,75
304,1,21,116.25333333333333,124.08384608482386,75
304,1,22,83.26666666666667,88.29968619587827,75
304,1,23,51.128571428571426,50.66852758361004,70
304,2,0,24.653333333333332,24.404156553229665,75
304,2,1,13.835616438356164,16.005184664674427,73
304,2,2,12.26388888888889,11.653549306460334,72
304,2,3,20.591549295774648,20.864926136289522,71
304,2,4,51.89041095890411,52.04536546490299,73
304,2,5,188.8684210526316,185.31530403006641,76
304,2,6,333.64473684210526,325.6261823222492,76
304,2,7,684.5131578947369,687.0959175149077,76
304,2,8,802.6184210526316,806.9512012802098,76
304,2,9,522.6052631578947,520.8776051846941,76
304,2,10,372.3157894736842,364.2180932266298,76
304,2,11,340.0657894736842,344.1215043209882,76
304,2,12,326.1578947368421,339.499607060795,76
304,2,13,352.0,354.96762113421045,76
304,2,14,391.9078947368421,398.73825942123506,76
304,2,15,390.0921052631579,408.0745234776743,76
304,2,16,387.4605263157895,410.0495791411992,76
304,2,17,389.4868421052632,409.13180947730535,76
304,2,18,343.17105263157896,352.45728799690596,76
304,2,19,233.01315789473685,244.836411304162,76
304,2,20,174.30263157894737,172.38813202909353,76
304,2,21,115.73684210526316,128.22515031638937,76
304,2,22,89.86842105263158,94.88318555069381,76
304,2,23,52.310810810810814,53.87437902389203,74
304,3,0,25.816901408450704,25.114156042674164,71
304,3,1,17.014705882352942,16.19970027673453,68
304,3,2,10.285714285714286,11.737694081430927,70
304,3,3,21.455882352941178,21.258401593529072,68
304,3,4,49.95890410958904,50.82199232893438,73
304,3,5,179.34666666666666,182.40858051698194,75
304,3,6,327.84,320.2788696265711,75
304,3,7,665.8533333333334,671.0952587660369,75
304,3,8,760.64,785.0198951671342,75
304,3,9,501.16,508.8962928503153,75
304,3,10,368.9066666666667,361.95872584315924,75
304,3,11,325.72,341.9481041723883,75
304,3,12,314.04,339.75415750561274,75
304,3,13,347.46666666666664,353.40059677138214,75
304,3,14,390.82666666666665,400.2422378524762,75
304,3,15,398.44,421.7087920563684,75
304,3,16,403.0133333333333,426.19135476579584,75
304,3,17,412.73333333333335,425.5945657597234,75
304,3,18,335.73333333333335,354.24900113477645,75
304,3,19,233.30666666666667,249.7947931219978,75
304,3,20,179.16,180.45414353215222,75
304,3,21,130.85333333333332,132.7987359245684,75
304,3,22,94.44594594594595,98.80755590953187,74
304,3,23,53.47222222222222,55.48647678586393,72
304,4,0,30.130434782608695,30.016456254976458,69
304,4,1,16.214285714285715,17.808656443846107,70
304,4,2,11.257142857142858,11.7198165230126,70
304,4,3,20.63768115942029,19.639755135014067,69
304,4,4,48.86666666666667,48.67642227691737,75
304,4,5,173.14666666666668,170.81802259685932,75
304,4,6,310.85333333333335,303.44814752851636,75
304,4,7,618.8133333333334,629.2747208447652,75
304,4,8,639.1866666666666,640.3457395464511,75
304,4,9,457.04,461.08709898652177,75
304,4,10,365.4533333333333,366.84926578098333,75
304,4,11,347.93333333333334,350.28355122182904,75
304,4,12,337.4266666666667,347.75519806932834,75
304,4,13,373.58666666666664,362.5258251224612,75
304,4,14,420.62666666666667,413.21590641702824,75
304,4,15,429.49333333333334,431.2120471943072,75
304,4,16,429.97333333333336,435.08051119511714,75
304,4,17,428.74666666666667,434.04979667537333,75
304,4,18,384.7866666666667,381.1276887812826,75
304,4,19,287.6933333333333,264.5568346853254,75
304,4,20,206.73333333333332,201.76315065550781,75
304,4,21,163.70666666666668,154.63601800849952,75
304,4,22,145.38666666666666,140.29925301320324,75
304,4,23,90.87837837837837,91.47343516567184,74
304,5,0,55.93055555555556,50.92316550704671,72
304,5,1,31.225352112676056,29.836242970085102,71
304,5,2,18.08450704225352,16.923584470926194,71
304,5,3,21.271428571428572,19.723639951632375,70
304,5,4,32.98571428571429,32.05587391007911,70
304,5,5,86.02777777777777,85.60338208927351,72
304,5,6,154.27397260273972,179.52647411720608,73
304,5,7,232.66666666666666,230.13382928914123,72
304,5,8,339.9130434782609,342.6310726740029,69
304,5,9,367.65714285714284,363.25194442316473,70
304,5,10,394.4492753623188,383.1719998463148,69
304,5,11,417.0281690140845,416.33759158328456,71
304,5,12,432.943661971831,422.9982386409153,71
304,5,13,449.0289855072464,427.1269844107773,69
304,5,14,437.90277777777777,414.2569892055098,72
304,5,15,427.6714285714286,413.66368174188,70
304,5,16,371.40845070422534,376.3143996871468,71
304,5,17,355.231884057971,367.91722464072535,69
304,5,18,316.64864864864865,312.64031868383677,74
304,5,19,259.3333333333333,234.82790142189722,72
304,5,20,205.38888888888889,204.3730193937836,72
304,5,21,158.09722222222223,142.79351994763286,72
304,5,22,133.0810810810811,130.05854174941751,74
304,5,23,95.47142857142858,89.58141628588496,70
304,6,0,50.81428571428572,48.60438738637165,70
304,6,1,33.55714285714286,30.484025567334843,70
304,6,2,18.36111111111111,16.227654542375728,72
304,6,3,18.65714285714286,18.62061372406587,70
304,6,4,30.914285714285715,30.672594879300902,70
304,6,5,67.0,66.66645387449901,73
304,6,6,107.76388888888889,106.61063137968033,72
304,6,7,155.57534246575344,154.23905042979055,73
304,6,8,228.16438356164383,228.2279045847615,73
304,6,9,299.3333333333333,297.0869587736809,72
304,6,10,333.1111111111111,322.2909691960024,72
304,6,11,347.4507042253521,365.3859330961956,71
304,6,12,360.22222222222223,367.9389495026813,72
304,6,13,384.1,370.3346840108128,70
304,6,14,386.7361111111111,358.91035238025455,72
304,6,15,360.4142857142857,345.23768423241654,70
304,6,16,305.3098591549296,309.00864047181835,71
304,6,17,277.2028985507246,296.65412076845064,69
304,6,18,225.16666666666666,219.0118507210299,72
304,6,19,182.13888888888889,170.16631144293004,72
304,6,20,136.231884057971,135.4409099578785,69
304,6,21,109.36619718309859,104.90577585543882,71
304,6,22,86.72,83.61421598855522,75
304,6,23,54.605633802816904,52.65055205829545,71
305,0,0,23.866666666666667,24.66509237183054,75
305,0,1,14.706666666666667,15.604806190575381,75
305,0,2,10.786666666666667,11.383216168214412,75
305,0,3,23.746666666666666,24.57807986246304,75
305,0,4,75.86666666666666,75.401450015907,75
305,0,5,196.8,205.81191855815447,75
305,0,6,354.6,362.4449052922854,75
305,0,7,701.5466666666666,698.199945384287,75
305,0,8,894.2266666666667,898.5425720133754,75
305,0,9,564.52,582.1720270393705,75
305,0,10,411.4266666666667,418.654999819586,75
305,0,11,384.61333333333334,385.852960841996,75
305,0,12,416.08,421.1683139152332,75
305,0,13,465.52,453.44436384232756,75
305,0,14,504.82666666666665,496.9789686316403,75
305,0,15,639.48,630.421269637506,75
305,0,16,574.12,566.1785496899291,75
305,0,17,554.0666666666667,552.3748902366049,75
305,0,18,466.58666666666664,444.018902524197,75
305,0,19,304.62666666666667,300.4943000799323,75
305,0,20,204.29333333333332,200.0762525888036,75
305,0,21,123.50666666666666,134.21677426205267,75
305,0,22,90.30666666666667,87.95895822762343,75
305,0,23,60.50666666666667,57.11652180420558,75
305,1,0,25.866666666666667,25.314596173838563,75
305,1,1,15.893333333333333,15.623545462880632,75
305,1,2,13.18918918918919,11.701934179836515,74
305,1,3,26.213333333333335,25.206405029108865,75
305,1,4,84.64,80.7847399683448,75
305,1,5,215.12,223.82659624288232,75
305,1,6,390.93333333333334,404.8872840010953,75
305,1,7,790.1466666666666,797.4091558955209,75
305,1,8,1044.1733333333334,1058.7609305074716,75
305,1,9,673.5066666666667,698.6448910023705,75
305,1,10,454.84,458.2341175746642,75
305,1,11,404.0133333333333,425.72743770424546,75
305,1,12,443.4533333333333,450.20085559452605,75
305,1,13,466.37333333333333,466.46275157607386,75
305,1,14,537.5733333333334,539.3697771104908,75
305,1,15,671.56,684.4106212636766,75
305,1,16,606.4666666666667,607.446871689111,75
305,1,17,622.8,601.3517742355542,75
305,1,18,512.8133333333334,496.9620031219033,75
305,1,19,348.16,329.78364891612125,75
305,1,20,231.64,220.04475174269072,75
305,1,21,143.77333333333334,148.15320396181764,75
305,1,22,95.50666666666666,94.45698290452769,75
305,1,23,60.513513513513516,59.10364284627999,74
305,2,0,27.613333333333333,26.7612670433948,75
305,2,1,14.893333333333333,16.30240864631626,75
305,2,2,12.013157894736842,12.576568430715755,76
305,2,3,25.733333333333334,25.38351688655385,75
305,2,4,80.59210526315789,79.76791085003936,76
305,2,5,209.03947368421052,221.76093361460812,76
305,2,6,399.35526315789474,402.46911219306276,76
305,2,7,788.2368421052631,792.6335615767345,76
305,2,8,1051.8815789473683,1050.5849205816442,76
305,2,9,677.8026315789474,690.690665184104,76
305,2,10,467.82894736842104,460.13672778465747,76
305,2,11,420.4868421052632,426.2184865686872,76
305,2,12,453.6578947368421,453.20012123344185,76
305,2,13,497.7763157894737,475.9956537416769,76
305,2,14,539.7105263157895,543.0002613130757,76
305,2,15,695.5394736842105,677.0375402866692,76
305,2,16,622.9736842105264,601.345652133525,76
305,2,17,600.6447368421053,595.1526450117548,76
305,2,18,512.8684210526316,495.0561068443505,76
305,2,19,327.3421052631579,328.1855197014555,76
305,2,20,228.57894736842104,220.03928501564985,76
305,2,21,147.35526315789474,151.76541711138705,76
305,2,22,106.60526315789474,103.99694736596041,76
305,2,23,64.77333333333333,65.19687766572461,75
305,3,0,27.613333333333333,27.376584734906046,75
305,3,1,16.893333333333334,16.350735198560187,75
305,3,2,13.466666666666667,12.921063325977297,75
305,3,3,24.946666666666665,25.50798379474711,75
305,3,4,76.26666666666667,78.48187003429712,75
305,3,5,210.37333333333333,217.79272640993935,75
305,3,6,387.29333333333335,394.9357025164008,75
305,3,7,768.9333333333333,775.790211605165,75
305,3,8,995.6666666666666,1010.1326289811528,75
305,3,9,654.2,677.2176023359692,75
305,3,10,478.3333333333333,457.2546604652602,75
305,3,11,427.08,423.97121098885793,75
305,3,12,461.72,450.35856834870174,75
305,3,13,463.6933333333333,471.06594277566415,75
305,3,14,541.36,541.1611744866134,75
305,3,15,676.24,669.9973107448171,75
305,3,16,616.64,596.3714682181457,75
305,3,17,621.1466666666666,589.6070321275083,75
305,3,18,532.92,493.79979470233286,75
305,3,19,349.08,331.2380315610338,75
305,3,20,239.73333333333332,220.63423248203102,75
305,3,21,160.56,157.28770856239532,75
305,3,22,109.25333333333333,105.17776102436466,75
305,3,23,68.76,66.12754567142439,75
305,4,0,31.027027027027028,30.792609434691197,74
305,4,1,18.426666666666666,18.124919878858464,75
305,4,2,12.96,13.16753407930216,75
305,4,3,26.44,25.29528963743927,75
305,4,4,74.09333333333333,74.58445828573923,75
305,4,5,199.6,198.2678286065221,75
305,4,6,362.94666666666666,363.2633642927488,75
305,4,7,705.4,709.769931475211,75
305,4,8,851.6133333333333,856.3333003874455,75
305,4,9,568.0266666666666,570.1565098689108,75
305,4,10,440.6666666666667,461.5768162291237,75
305,4,11,421.7866666666667,429.55536056433925,75
305,4,12,434.6933333333333,454.66274661041376,75
305,4,13,478.7866666666667,483.5905905316408,75
305,4,14,539.1466666666666,548.1168827312256,75
305,4,15,635.0666666666667,671.0831871849244,75
305,4,16,539.3466666666667,578.2432139058437,75
305,4,17,525.8133333333334,557.1544160353914,75
305,4,18,453.72,479.4522405059352,75
305,4,19,317.8666666666667,348.82196637844703,75
305,4,20,226.36,241.6233495553825,75
305,4,21,179.73333333333332,185.27049113252764,75
305,4,22,131.46666666666667,136.578650042869,75
305,4,23,91.0,91.74333119778505,75
305,5,0,44.61333333333334,46.458461076710655,75
305,5,1,23.16,24.47207605813364,75
305,5,2,16.6,16.82449245814551,75
305,5,3,20.30666666666667,19.786752031521253,75
305,5,4,37.82666666666667,39.751207725692495,75
305,5,5,101.58666666666667,104.3856322909405,75
305,5,6,174.06666666666666,171.86297175194633,75
305,5,7,253.48,253.4265225508204,75
305,5,8,338.04,344.0440465453361,75
305,5,9,388.9866666666667,391.6309512497797,75
305,5,10,404.5945945945946,395.5297167691542,74
305,5,11,423.8918918918919,422.7607347159024,74
305,5,12,459.2837837837838,428.93201168473763,74
305,5,13,452.8918918918919,432.47759561968746,74
305,5,14,459.4054054054054,452.4215284538651,74
305,5,15,444.44594594594594,450.0918273843966,74
305,5,16,373.8243243243243,383.784208511843,74
305,5,17,347.94594594594594,360.5226625085368,74
305,5,18,321.7972972972973,376.745881819293,74
305,5,19,256.7567567567568,265.27379366050354,74
305,5,20,186.2,203.6570093428061,75
305,5,21,152.29333333333332,158.55369332709432,75
305,5,22,124.26666666666667,129.80014424600068,75
305,5,23,83.28,89.93278797982327,75
305,6,0,44.026666666666664,44.731834132713736,75
305,6,1,26.786666666666665,24.950735380053693,75
305,6,2,16.14864864864865,16.08896374758165,74
305,6,3,17.533333333333335,18.63955609096914,75
305,6,4,31.426666666666666,33.814826262448136,75
305,6,5,77.94666666666667,80.03524205737602,75
305,6,6,125.94666666666667,127.47530345539235,75
305,6,7,177.41333333333333,176.98457089676182,75
305,6,8,249.58666666666667,252.49179156271114,75
305,6,9,315.12,321.6221667942534,75
305,6,10,373.46666666666664,352.5934770299338,75
305,6,11,376.58666666666664,371.9051185306708,75
305,6,12,363.28,374.2208210828485,75
305,6,13,383.8666666666667,376.6707786657955,75
305,6,14,395.1333333333333,390.3769375711434,75
305,6,15,343.8,347.9750137981674,75
305,6,16,297.38666666666666,307.63216950289063,75
305,6,17,259.8666666666667,268.59687841855146,75
305,6,18,225.05333333333334,255.20770139740853,75
305,6,19,165.58666666666667,172.36950647039245,75
305,6,20,127.89333333333333,131.01847022051285,75
305,6,21,97.37333333333333,101.51645163032737,75
305,6,22,85.12,83.21093526907931,75
305,6,23,55.06666666666667,54.280834157632256,75
306,0,0,33.053333333333335,33.005863369516376,75
306,0,1,15.546666666666667,15.370713126943043,75
306,0,2,7.96,8.91195299934065,75
306,0,3,8.32,8.654838964511447,75
306,0,4,15.6,16.194672255392014,75
306,0,5,51.026666666666664,50.87800071037213,75
306,0,6,133.50666666666666,136.16278378152117,75
306,0,7,323.8933333333333,313.55733694479653,75
306,0,8,474.97333333333336,471.504218348191,75
306,0,9,311.9866666666667,314.48339381242624,75
306,0,10,252.82666666666665,252.37938368473104,75
306,0,11,237.4,240.62256078437062,75
306,0,12,316.2133333333333,311.1741752831011,75
306,0,13,319.58666666666664,323.1731539637725,75
306,0,14,351.48,364.02674390556354,75
306,0,15,430.1333333333333,421.332429446784,75
306,0,16,575.3866666666667,571.6617440579679,75
306,0,17,726.8266666666667,728.4541073459148,75
306,0,18,455.7733333333333,468.24559262439425,75
306,0,19,322.53333333333336,316.1324778610069,75
306,0,20,213.76,214.8481123050112,75
306,0,21,221.88,206.77568802295102,75
306,0,22,111.2,113.7018443825042,75
306,0,23,61.26027397260274,63.21277610166991,73
306,1,0,30.73972602739726,32.06892944052403,73
306,1,1,13.013698630136986,15.290979910517333,73
306,1,2,9.0,8.918203659290201,74
306,1,3,8.602739726027398,8.735774059416057,73
306,1,4,15.972972972972974,16.639680863716546,74
306,1,5,54.6,56.07000288047253,75
306,1,6,146.21333333333334,152.10294504982764,75
306,1,7,368.17333333333335,335.3928274061033,75
306,1,8,577.6933333333334,576.0026853549473,75
306,1,9,365.0133333333333,380.95914136199264,75
306,1,10,277.6933333333333,285.14135523074384,75
306,1,11,270.28,275.03979831304474,75
306,1,12,356.50666666666666,346.80838204769395,75
306,1,13,349.88,353.90311935377855,75
306,1,14,399.72,403.8552358378337,75
306,1,15,472.8933333333333,470.2722960119539,75
306,1,16,643.9466666666667,646.4650598058801,75
306,1,17,861.5866666666667,810.2424163570698,75
306,1,18,511.53333333333336,523.7850671650765,75
306,1,19,343.50666666666666,357.4883878137474,75
306,1,20,242.69333333333333,244.51308435014397,75
306,1,21,295.97333333333336,241.09200396531446,75
306,1,22,118.36486486486487,123.2840172531641,74
306,1,23,66.43835616438356,66.27114574527769,73
306,2,0,33.067567567567565,34.038290673022665,74
306,2,1,13.445945945945946,15.741251102272102,74
306,2,2,9.64864864864865,9.283726066308743,74
306,2,3,9.68918918918919,9.11832977826683,74
306,2,4,16.842105263157894,16.84437367938429,76
306,2,5,57.0,55.611777558136644,76
306,2,6,144.3815789473684,150.60712165595223,76
306,2,7,356.38157894736844,331.85522927280255,76
306,2,8,564.1578947368421,567.030111672157,76
306,2,9,369.7236842105263,377.20286657161904,76
306,2,10,291.4078947368421,284.69717496930616,76
306,2,11,263.2105263157895,277.25760358871077,76
306,2,12,357.5,345.3125159077634,76
306,2,13,368.85526315789474,360.5463106049045,76
306,2,14,398.0131578947368,401.96762851499557,76
306,2,15,479.5131578947368,470.5523385853343,76
306,2,16,644.4078947368421,638.5741881326805,76
306,2,17,838.2894736842105,799.1954303441737,76
306,2,18,544.1578947368421,518.2112626427663,76
306,2,19,369.80263157894734,357.4954622198454,76
306,2,20,258.5131578947368,244.4946152174442,76
306,2,21,253.47368421052633,240.54615900594126,76
306,2,22,132.57894736842104,133.57428988196915,76
306,2,23,70.74324324324324,71.63588642357753,74
306,3,0,36.41891891891892,34.92792913748573,74
306,3,1,14.767123287671232,15.814463713939672,73
306,3,2,9.58904109589041,9.363198923468055,73
306,3,3,10.31081081081081,9.250446174921985,74
306,3,4,16.653333333333332,16.734644560971663,75
306,3,5,53.693333333333335,53.97348586397284,75
306,3,6,144.17333333333335,148.16690017870283,75
306,3,7,347.70666666666665,326.28332727951965,75
306,3,8,536.2533333333333,547.6202306887054,75
306,3,9,356.32,367.74730576863305,75
306,3,10,278.32,282.72876461943594,75
306,3,11,278.05333333333334,274.1832503042527,75
306,3,12,371.28,346.3903138589799,75
306,3,13,369.02666666666664,360.3125911516047,75
306,3,14,409.64,403.7641961781049,75
306,3,15,481.8,467.9068632254432,75
306,3,16,631.6933333333334,631.660602207216,75
306,3,17,817.4533333333334,789.0731229765946,75
306,3,18,547.12,517.2126883745905,75
306,3,19,374.9066666666667,359.16876683607273,75
306,3,20,275.58666666666664,249.74621027198407,75
306,3,21,260.56,246.01537652846116,75
306,3,22,147.57333333333332,140.82431045537794,75
306,3,23,81.35135135135135,80.6208162204601,74
306,4,0,37.82432432432432,37.1232210131629,74
306,4,1,16.356164383561644,17.307521410076546,73
306,4,2,11.0,10.161564819627992,73
306,4,3,10.684931506849315,10.320412084449293,73
306,4,4,16.958904109589042,16.89711108349748,73
306,4,5,49.16,50.76170163992908,75
306,4,6,130.74666666666667,122.57718557219683,75
306,4,7,308.1333333333333,300.14471026733446,75
306,4,8,424.24,408.48195283947507,75
306,4,9,312.41333333333336,312.69926915200205,75
306,4,10,273.17333333333335,287.28101938321214,75
306,4,11,286.06666666666666,277.3635914659385,75
306,4,12,334.14666666666665,349.16512691153565,75
306,4,13,361.6533333333333,362.5459464952623,75
306,4,14,416.49333333333334,409.7498673366286,75
306,4,15,486.44,473.643426070843,75
306,4,16,589.52,590.8479387006402,75
306,4,17,654.44,726.7526560207685,75
306,4,18,531.2266666666667,520.3625965237313,75
306,4,19,376.9866666666667,380.6031403467932,75
306,4,20,271.97333333333336,264.2515897448216,75
306,4,21,233.84,259.9170949901733,75
306,4,22,182.26666666666668,165.94957493648963,75
306,4,23,107.05333333333333,104.79255529948288,75
306,5,0,53.413333333333334,52.592023974166956,75
306,5,1,25.0,23.72798197692097,75
306,5,2,13.6,12.153697673606557,75
306,5,3,8.88,9.520722496241707,75
306,5,4,10.626666666666667,10.541220617430973,75
306,5,5,23.586666666666666,21.68942511163094,75
306,5,6,56.14666666666667,52.54813970235132,75
306,5,7,90.62666666666667,134.98285485103648,75
306,5,8,152.89333333333335,149.87772308733034,75
306,5,9,205.94666666666666,209.74522736299022,75
306,5,10,255.89333333333335,262.662243365861,75
306,5,11,304.32,310.5377508457456,75
306,5,12,336.36,338.22161671549696,75
306,5,13,363.6933333333333,360.9832974133924,75
306,5,14,350.24,343.4971376696092,75
306,5,15,357.56,355.05672396020805,75
306,5,16,368.1066666666667,362.9573409872999,75
306,5,17,356.12,360.7630163189617,75
306,5,18,354.93333333333334,356.7303085063137,75
306,5,19,273.18666666666667,276.75375852540844,75
306,5,20,202.09333333333333,228.49964465203792,75
306,5,21,170.58666666666667,226.0233996196605,75
306,5,22,144.96,148.17387637617313,75
306,5,23,88.82666666666667,92.78598503745863,75
306,6,0,50.17333333333333,52.293234530608515,75
306,6,1,25.373333333333335,23.43868680850717,75
306,6,2,11.85135135135135,11.390900454119683,74
306,6,3,7.466666666666667,9.004956447055404,75
306,6,4,8.472972972972974,9.449092834977476,74
306,6,5,19.573333333333334,18.771515131443703,75
306,6,6,42.29333333333334,40.57191296396345,75
306,6,7,62.68,63.83851300420748,75
306,6,8,115.08,116.15817591693742,75
306,6,9,161.09333333333333,164.47131990440118,75
306,6,10,211.54666666666665,212.89612567851825,75
306,6,11,251.29333333333332,251.95286465320518,75
306,6,12,280.26666666666665,292.2333616471136,75
306,6,13,298.16,296.3313927398829,75
306,6,14,289.41333333333336,288.35438762970455,75
306,6,15,269.49333333333334,278.1725563533366,75
306,6,16,264.56,262.9393711243159,75
306,6,17,259.4266666666667,264.1573947702569,75
306,6,18,233.42666666666668,229.29305777935696,75
306,6,19,167.12,172.15579735324553,75
306,6,20,133.81333333333333,135.16760380629455,75
306,6,21,115.74666666666667,128.06584915432313,75
306,6,22,95.09333333333333,93.24048400475445,75
306,6,23,53.306666666666665,53.939524285934,75
307,0,0,50.17333333333333,55.28566091146895,75
307,0,1,12.8,13.715651841353074,75
307,0,2,7.013698630136986,6.989402246584261,73
307,0,3,4.486111111111111,5.596078514068669,72
307,0,4,6.621621621621622,6.215383751105546,74
307,0,5,19.16,20.063236272084303,75
307,0,6,61.013333333333335,62.828831810733696,75
307,0,7,221.78666666666666,224.9717805114144,75
307,0,8,378.92,384.5056604017132,75
307,0,9,299.3466666666667,313.14987318946953,75
307,0,10,291.92,306.8035966374127,75
307,0,11,390.9866666666667,391.7872226423707,75
307,0,12,454.62666666666667,484.4541419752172,75
307,0,13,513.8266666666667,520.9925810046655,75
307,0,14,653.2,625.540515764297,75
307,0,15,875.8666666666667,864.2814184662919,75
307,0,16,1227.3066666666666,1191.0266232899849,75
307,0,17,1436.48,1426.1840026298912,75
307,0,18,948.5066666666667,922.2503383806717,75
307,0,19,737.4266666666666,704.9803197908195,75
307,0,20,645.32,604.8535760767008,75
307,0,21,399.6533333333333,383.6535226088089,75
307,0,22,217.93243243243242,211.63640155415695,74
307,0,23,121.53424657534246,119.19001697711707,73
307,1,0,64.06756756756756,60.27624685042548,74
307,1,1,15.36986301369863,13.95940106552518,73
307,1,2,7.416666666666667,7.022378818070305,72
307,1,3,5.111111111111111,5.675918791520657,72
307,1,4,6.486486486486487,6.207671010408803,74
307,1,5,21.613333333333333,21.42759226589218,75
307,1,6,67.04,67.6829553551259,75
307,1,7,260.84,263.6892059598113,75
307,1,8,449.41333333333336,450.65524028707017,75
307,1,9,353.9866666666667,374.7500705656503,75
307,1,10,321.92,338.55927420764823,75
307,1,11,397.85333333333335,438.7117140513152,75
307,1,12,509.7866666666667,522.9528842657256,75
307,1,13,583.6266666666667,566.3718107336254,75
307,1,14,725.1066666666667,705.9407895036245,75
307,1,15,994.7066666666667,986.3896895244526,75
307,1,16,1447.3866666666668,1315.0067193929767,75
307,1,17,1776.6266666666668,1778.6672944925388,75
307,1,18,1168.64,1153.6562538414416,75
307,1,19,841.0533333333333,771.3499347525845,75
307,1,20,695.2,679.8372815660894,75
307,1,21,443.28,444.3885617907205,75
307,1,22,240.78666666666666,242.95261856760084,75
307,1,23,129.3013698630137,126.93747885205603,73
307,2,0,71.86486486486487,67.28847854300876,74
307,2,1,15.891891891891891,15.131775363622882,74
307,2,2,7.716216216216216,7.6066487219662005,74
307,2,3,5.291666666666667,5.847671951879994,72
307,2,4,6.052631578947368,6.279011199440885,76
307,2,5,22.592105263157894,21.426680844581547,76
307,2,6,71.51315789473684,71.23581292345911,76
307,2,7,255.02631578947367,261.1640601713953,76
307,2,8,441.75,445.6451134226535,76
307,2,9,350.64473684210526,369.668583380195,76
307,2,10,326.9736842105263,336.96313355374247,76
307,2,11,444.9868421052632,441.9000476893272,76
307,2,12,578.171052631579,552.6407733542368,76
307,2,13,605.3684210526316,584.6387025780484,76
307,2,14,771.5657894736842,705.2380778531598,76
307,2,15,1013.828947368421,981.8085505411456,76
307,2,16,1450.421052631579,1296.9566101713351,76
307,2,17,1767.2368421052631,1756.7822109095807,76
307,2,18,1143.828947368421,1138.1075037199894,76
307,2,19,880.1184210526316,768.1960948887304,76
307,2,20,710.3157894736842,679.9793619294911,76
307,2,21,458.2368421052632,442.70543456787726,76
307,2,22,249.06578947368422,242.8511583432482,76
307,2,23,142.5,137.90664388746734,74
307,3,0,70.56164383561644,68.17675610246286,73
307,3,1,16.506849315068493,15.337816660813658,73
307,3,2,9.178082191780822,8.416964304948122,73
307,3,3,6.3561643835616435,6.164550540093843,73
307,3,4,7.418918918918919,6.771649227571657,74
307,3,5,23.12,21.37564351166719,75
307,3,6,69.89333333333333,69.72198337526605,75
307,3,7,246.2,256.1162985654362,75
307,3,8,424.0933333333333,436.7360898179992,75
307,3,9,346.52,362.8732888709937,75
307,3,10,336.05333333333334,339.9699916626939,75
307,3,11,416.7866666666667,439.371304881843,75
307,3,12,518.28,543.3026515743891,75
307,3,13,592.4266666666666,576.8632966236432,75
307,3,14,748.8533333333334,701.7661101225184,75
307,3,15,1010.4133333333333,969.9525603387949,75
307,3,16,1407.9333333333334,1271.195380665212,75
307,3,17,1718.6266666666668,1720.5720209597962,75
307,3,18,1215.7066666666667,1130.2696076491245,75
307,3,19,870.48,765.5180278741265,75
307,3,20,707.2133333333334,674.6912332909617,75
307,3,21,476.46666666666664,427.99673207852567,75
307,3,22,320.68918918918916,253.36937799216557,74
307,3,23,171.1095890410959,149.97089426393995,73
307,4,0,75.08108108108108,73.07139444605892,74
307,4,1,17.2972972972973,17.30280895869212,74
307,4,2,8.945205479452055,9.13347306303569,73
307,4,3,6.164383561643835,6.166375239896122,73
307,4,4,9.602739726027398,8.053795588560302,73
307,4,5,21.786666666666665,21.15721050227796,75
307,4,6,67.84,66.3002057192557,75
307,4,7,233.21333333333334,216.67754738593388,75
307,4,8,376.84,364.8384755232875,75
307,4,9,367.24,350.4260577222686,75
307,4,10,365.37333333333333,352.4159093285303,75
307,4,11,491.28,446.5815790822821,75
307,4,12,612.6666666666666,599.8375132322658,75
307,4,13,694.44,672.3213613761587,75
307,4,14,790.7866666666666,710.2619195112321,75
307,4,15,1045.2133333333334,983.2295335731856,75
307,4,16,1196.0,1255.736209506327,75
307,4,17,1315.2933333333333,1344.086091434637,75
307,4,18,920.4,1001.2619394567964,75
307,4,19,607.8266666666667,741.2389155216523,75
307,4,20,421.68,496.9332959863848,75
307,4,21,356.50666666666666,421.2527908569035,75
307,4,22,252.90666666666667,269.29177941544526,75
307,4,23,166.66666666666666,168.01670662157844,75
307,5,0,88.69333333333333,87.3545080623031,75
307,5,1,23.635135135135137,23.013014110778073,74
307,5,2,11.864864864864865,11.841767895322874,74
307,5,3,7.319444444444445,6.926631266449101,72
307,5,4,7.287671232876712,7.484587774625906,73
307,5,5,13.493333333333334,13.526783976578118,75
307,5,6,32.76,31.8152741886097,75
307,5,7,93.70666666666666,93.26950293761438,75
307,5,8,139.69333333333333,138.10330975547734,75
307,5,9,212.92,209.23181165670402,75
307,5,10,320.7733333333333,323.1569435403251,75
307,5,11,414.48,419.1913694167843,75
307,5,12,574.2666666666667,555.0091002407576,75
307,5,13,531.6933333333334,529.6021398394611,75
307,5,14,471.2133333333333,519.9199118836829,75
307,5,15,502.4,509.0026076451261,75
307,5,16,528.12,523.9046653852383,75
307,5,17,509.6933333333333,518.813230170291,75
307,5,18,478.2133333333333,486.36383326054096,75
307,5,19,410.3466666666667,414.3649957000433,75
307,5,20,292.3466666666667,294.3748426463471,75
307,5,21,258.81333333333333,308.4885218433445,75
307,5,22,212.33333333333334,238.40999870172692,75
307,5,23,144.8,154.8124954539917,75
307,6,0,78.65333333333334,79.36396909871775,75
307,6,1,22.52,22.620467871527747,75
307,6,2,10.77027027027027,11.402744919440721,74
307,6,3,6.295774647887324,6.519235183214916,71
307,6,4,5.780821917808219,7.347399185290274,73
307,6,5,10.653333333333334,10.217334387144113,75
307,6,6,24.386666666666667,24.823599637093796,75
307,6,7,75.74666666666667,76.84313547714235,75
307,6,8,109.97333333333333,111.8885633858886,75
307,6,9,198.05333333333334,202.42278969884123,75
307,6,10,280.74666666666667,283.9919797583586,75
307,6,11,356.61333333333334,362.98529975749227,75
307,6,12,441.1066666666667,433.02570679400293,75
307,6,13,435.46666666666664,430.59704351404287,75
307,6,14,399.84,413.3227136252572,75
307,6,15,393.68,395.7717295975885,75
307,6,16,409.4,409.6744861081923,75
307,6,17,377.4,393.6011437941539,75
307,6,18,346.46666666666664,347.49730393473027,75
307,6,19,283.08,282.9388474579755,75
307,6,20,200.45333333333335,203.1535880165112,75
307,6,21,134.45333333333335,173.77010779824852,75
307,6,22,107.05333333333333,126.57587275225647,75
307,6,23,75.0,80.95952310075106,75
308,0,0,35.16,35.69811408146207,75
308,0,1,14.56,16.1375018211825,75
308,0,2,8.04,9.591137227924705,75
308,0,3,7.213333333333333,7.952351157581355,75
308,0,4,15.56,15.385195093680197,75
308,0,5,38.733333333333334,40.29649351815564,75
308,0,6,145.13333333333333,137.38840940277922,75
308,0,7,437.6666666666667,438.44185295640887,75
308,0,8,829.9466666666667,811.1607156872359,75
308,0,9,501.2133333333333,501.2161641776198,75
308,0,10,379.93333333333334,384.0579487107228,75
308,0,11,377.6,399.9540239175735,75
308,0,12,405.74666666666667,417.46225643108863,75
308,0,13,433.06666666666666,448.836358253226,75
308,0,14,500.2133333333333,499.20709723760444,75
308,0,15,691.7866666666666,685.4745771172171,75
308,0,16,778.1066666666667,789.5401964902007,75
308,0,17,806.88,813.5217191774914,75
308,0,18,613.0933333333334,625.7966678291467,75
308,0,19,407.37333333333333,443.1804990928895,75
308,0,20,317.73333333333335,327.38239262303165,75
308,0,21,228.73333333333332,231.65954110629028,75
308,0,22,152.8,157.62494729058764,75
308,0,23,111.85135135135135,113.99156678518924,74
308,1,0,37.21621621621622,36.89801326306413,74
308,1,1,16.786666666666665,16.803422748730863,75
308,1,2,9.297297297297296,9.740373803099185,74
308,1,3,7.72,8.16313619324861,75
308,1,4,15.716216216216216,15.283542452005626,74
308,1,5,44.693333333333335,43.06743224210512,75
308,1,6,159.22666666666666,154.96179387904868,75
308,1,7,508.6933333333333,514.1365179188382,75
308,1,8,1026.92,1027.14126822445,75
308,1,9,620.36,612.6725206067445,75
308,1,10,421.02666666666664,428.7062407589894,75
308,1,11,398.3066666666667,434.67765586930994,75
308,1,12,430.6533333333333,452.7819614930416,75
308,1,13,474.0133333333333,491.9280106999975,75
308,1,14,548.2266666666667,540.6323175967576,75
308,1,15,761.2933333333333,755.8888808216008,75
308,1,16,845.0266666666666,866.5824981182066,75
308,1,17,925.5733333333334,951.3566556432296,75
308,1,18,724.1466666666666,746.6479024763366,75
308,1,19,468.70666666666665,526.2156242325268,75
308,1,20,357.2266666666667,388.6926374806536,75
308,1,21,279.88,292.3692498301168,75
308,1,22,180.45945945945945,193.58908334536181,74
308,1,23,126.36486486486487,130.39705119643563,74
308,2,0,40.77333333333333,42.75334567380824,75
308,2,1,20.756756756756758,19.895313388360595,74
308,2,2,12.878378378378379,10.895708599658551,74
308,2,3,8.253333333333334,8.743179570833973,75
308,2,4,14.12,15.079980760589667,75
308,2,5,44.28947368421053,42.65030314798291,76
308,2,6,161.51315789473685,153.4228979577149,76
308,2,7,505.2368421052632,508.99074865909716,76
308,2,8,1030.9605263157894,1017.0772201143479,76
308,2,9,611.8421052631579,605.7628194298974,76
308,2,10,439.8157894736842,427.787249871402,76
308,2,11,422.80263157894734,440.16026762525576,76
308,2,12,479.7894736842105,478.2695724579286,76
308,2,13,503.07894736842104,508.16830140138,76
308,2,14,550.8815789473684,555.4431167257012,76
308,2,15,768.9078947368421,761.7713069907305,76
308,2,16,840.5657894736842,859.1962539013131,76
308,2,17,958.6184210526316,945.2106059205425,76
308,2,18,735.6578947368421,744.0971641894619,76
308,2,19,503.0394736842105,524.9920645679377,76
308,2,20,380.2763157894737,387.5031409883758,76
308,2,21,303.25,300.2388749051715,76
308,2,22,186.8684210526316,197.28605692149367,76
308,2,23,142.8783783783784,143.32938528063045,74
308,3,0,48.28767123287671,48.098844848855585,73
308,3,1,22.864864864864863,22.260323758049015,74
308,3,2,12.527027027027026,11.580226729726334,74
308,3,3,10.95945945945946,8.959771994664811,74
308,3,4,16.175675675675677,15.564293090492928,74
308,3,5,41.346666666666664,41.741156766594166,75
308,3,6,156.24,150.97091595782211,75
308,3,7,483.72,497.37058268896857,75
308,3,8,969.6933333333334,984.4835939692368,75
308,3,9,589.12,592.5546389516384,75
308,3,10,428.2133333333333,424.7842659984428,75
308,3,11,418.8,436.81397298699744,75
308,3,12,454.0,474.8943124441614,75
308,3,13,479.0133333333333,504.765260551044,75
308,3,14,559.3733333333333,552.4446667125553,75
308,3,15,778.1466666666666,768.3779532843748,75
308,3,16,850.3466666666667,852.2502681777434,75
308,3,17,943.5733333333334,933.9999304017999,75
308,3,18,778.1866666666666,743.603955979017,75
308,3,19,521.48,523.4439613525477,75
308,3,20,402.0133333333333,403.26683477232945,75
308,3,21,310.3466666666667,299.9657532982865,75
308,3,22,222.95945945945945,219.02313386021655,74
308,3,23,169.54794520547946,156.10577719903722,73
308,4,0,54.96,55.031943929287095,75
308,4,1,22.386666666666667,22.264652789897234,75
308,4,2,11.45945945945946,11.738653063886652,74
308,4,3,11.36986301369863,10.41149786863873,73
308,4,4,17.864864864864863,16.94412905948127,74
308,4,5,39.06666666666667,39.69108073454167,75
308,4,6,141.56,138.42976132883456,75
308,4,7,422.36,420.87884814108764,75
308,4,8,729.8133333333334,736.1852799939409,75
308,4,9,513.9466666666667,508.6706824888233,75
308,4,10,436.0,431.02474147836836,75
308,4,11,465.88,458.5954169023003,75
308,4,12,516.9466666666667,513.4234393782492,75
308,4,13,572.6533333333333,568.142965284505,75
308,4,14,648.6133333333333,656.9647185253677,75
308,4,15,829.0666666666667,788.2078275310047,75
308,4,16,875.7066666666667,863.0086523926427,75
308,4,17,931.4,944.2894640156737,75
308,4,18,826.0266666666666,755.4706812633859,75
308,4,19,608.7066666666667,530.8165149644694,75
308,4,20,453.9866666666667,414.57344488913304,75
308,4,21,366.81333333333333,340.50190185950333,75
308,4,22,273.16,247.50475116510023,75
308,4,23,211.28,201.90597061424697,75
308,5,0,83.65333333333334,85.36998657297073,75
308,5,1,36.72,35.26819306890827,75
308,5,2,18.093333333333334,19.44910684277325,75
308,5,3,11.337837837837839,11.056630159622495,74
308,5,4,14.432432432432432,14.34559253759494,74
308,5,5,20.8,21.73223970175663,75
308,5,6,54.12,52.587053158362494,75
308,5,7,126.08,127.54010249949272,75
308,5,8,207.16,212.03711899025973,75
308,5,9,300.18666666666667,307.1172024238662,75
308,5,10,407.5733333333333,403.92540253833374,75
308,5,11,507.0,474.0743985974498,75
308,5,12,582.1466666666666,548.4009929844351,75
308,5,13,622.2933333333333,595.8806107619316,75
308,5,14,554.92,565.1581366217135,75
308,5,15,551.8933333333333,562.9424706377642,75
308,5,16,550.6133333333333,557.6998174513658,75
308,5,17,560.76,564.9939034659279,75
308,5,18,563.2,553.4537714521064,75
308,5,19,467.36,444.4813650136373,75
308,5,20,343.50666666666666,330.53751193738753,75
308,5,21,285.9866666666667,280.4797880420634,75
308,5,22,236.13333333333333,228.2088700900419,75
308,5,23,184.18666666666667,174.8910703690683,75
308,6,0,81.44,82.94976834689825,75
308,6,1,34.2,34.32328872543041,75
308,6,2,18.445945945945947,16.882025248218124,74
308,6,3,9.96,10.836804240715015,75
308,6,4,12.666666666666666,13.043318381778324,75
308,6,5,15.84,15.993239120341753,75
308,6,6,34.86666666666667,36.88915128854766,75
308,6,7,85.21333333333334,85.18142280194401,75
308,6,8,152.62666666666667,156.77888153956312,75
308,6,9,252.50666666666666,255.5552295132089,75
308,6,10,361.74666666666667,350.42970039563414,75
308,6,11,444.72,413.8651459049981,75
308,6,12,526.8533333333334,512.3877720024713,75
308,6,13,538.08,530.1676059029479,75
308,6,14,493.93333333333334,487.3159712429595,75
308,6,15,462.1333333333333,465.8875930707012,75
308,6,16,453.44,455.97241736311884,75
308,6,17,446.82666666666665,452.4741320360205,75
308,6,18,394.4266666666667,402.1155610897547,75
308,6,19,300.61333333333334,294.03541755903797,75
308,6,20,229.26666666666668,230.8825180466602,75
308,6,21,169.16,169.10157090302403,75
308,6,22,135.22666666666666,131.85248085141035,75
308,6,23,96.44,98.9237937320896,75
309,0,0,29.906666666666666,31.653886103057623,75
309,0,1,10.8,10.901004601702546,75
309,0,2,10.567567567567568,8.965442392707093,74
309,0,3,7.54054054054054,7.019236861451439,74
309,0,4,20.69333333333333,21.044857637539074,75
309,0,5,56.72,56.13886937049773,75
309,0,6,169.13333333333333,172.84910324171375,75
309,0,7,572.4533333333334,571.5712449700272,75
309,0,8,1034.52,1050.591214853481,75
309,0,9,663.1466666666666,670.1378000796972,75
309,0,10,469.82666666666665,477.9092687321669,75
309,0,11,416.8933333333333,418.2044451782508,75
309,0,12,423.1066666666667,430.89752736741275,75
309,0,13,454.6933333333333,451.98147101399064,75
309,0,14,452.4533333333333,476.0542048816918,75
309,0,15,532.7466666666667,524.5779980904953,75
309,0,16,588.3466666666667,591.4889471065322,75
309,0,17,626.3466666666667,622.4403647896739,75
309,0,18,539.3066666666666,548.9087970032833,75
309,0,19,372.24,378.9394046526093,75
309,0,20,316.74666666666667,317.7821076427916,75
309,0,21,186.7972972972973,193.34363431341276,74
309,0,22,121.44594594594595,125.41176962972848,74
309,0,23,76.87671232876713,80.6235841215396,73
309,1,0,33.932432432432435,33.013615423429464,74
309,1,1,9.493150684931507,10.920304355172567,73
309,1,2,8.767123287671232,8.775169785640621,73
309,1,3,6.47945205479452,6.855657877757728,73
309,1,4,22.10810810810811,21.503839609188056,74
309,1,5,65.36,62.3983665862034,75
309,1,6,199.04,194.35413694085253,75
309,1,7,697.1733333333333,688.7846298618907,75
309,1,8,1272.4533333333334,1301.0118317921153,75
309,1,9,824.84,826.4341984902132,75
309,1,10,528.3066666666666,532.2544076668318,75
309,1,11,440.46666666666664,456.7221306322025,75
309,1,12,444.7733333333333,456.24860487940293,75
309,1,13,484.44,485.3893560145025,75
309,1,14,470.24,527.0041213629432,75
309,1,15,574.8133333333334,574.6408034435266,75
309,1,16,646.8266666666667,684.4354830360295,75
309,1,17,715.2133333333334,735.0566258588997,75
309,1,18,657.8,687.4915360782298,75
309,1,19,400.8666666666667,446.0380936292926,75
309,1,20,346.84,353.19845907209526,75
309,1,21,215.54666666666665,237.85987158081636,75
309,1,22,150.45945945945945,160.9661771056601,74
309,1,23,80.35616438356165,87.69421550343955,73
309,2,0,33.351351351351354,33.86274574955286,74
309,2,1,12.631578947368421,12.831672392945531,76
309,2,2,9.81081081081081,9.340861862109291,74
309,2,3,6.447368421052632,7.061464030297998,76
309,2,4,20.813333333333333,21.313127088860732,75
309,2,5,63.921052631578945,61.67518260700381,76
309,2,6,196.43421052631578,192.3327062606451,76
309,2,7,682.6842105263158,681.2238220837754,76
309,2,8,1287.9868421052631,1290.1022509756983,76
309,2,9,839.2236842105264,837.2512460686237,76
309,2,10,543.0526315789474,534.668935805649,76
309,2,11,457.4868421052632,464.8782070335043,76
309,2,12,472.2894736842105,474.1948404393527,76
309,2,13,511.86842105263156,496.7393083286948,76
309,2,14,489.10526315789474,526.7312051634054,76
309,2,15,581.1842105263158,573.7576507987617,76
309,2,16,639.7631578947369,677.5861602728527,76
309,2,17,724.1447368421053,731.1388296025917,76
309,2,18,663.25,680.3492125522932,76
309,2,19,424.7236842105263,446.40558110103206,76
309,2,20,361.7894736842105,352.48908196403687,76
309,2,21,229.08,237.3716546582597,75
309,2,22,168.74666666666667,165.76733762643443,75
309,2,23,92.43243243243244,100.89655739539198,74
309,3,0,38.61333333333334,38.118679734719834,75
309,3,1,12.767123287671232,13.033334377427034,73
309,3,2,9.77027027027027,9.707763538209868,74
309,3,3,7.534246575342466,7.307471551226287,73
309,3,4,21.364864864864863,21.36991787869446,74
309,3,5,61.46666666666667,60.18080450744971,75
309,3,6,192.77333333333334,189.25114395559393,75
309,3,7,672.8,667.0786180008342,75
309,3,8,1178.9866666666667,1225.6058378700181,75
309,3,9,795.3066666666666,802.38058087598,75
309,3,10,546.1466666666666,532.7317806132016,75
309,3,11,461.38666666666666,462.0717750454319,75
309,3,12,466.02666666666664,469.95724636447665,75
309,3,13,492.05333333333334,493.1892598102005,75
309,3,14,488.74666666666667,524.221303626497,75
309,3,15,569.0266666666666,573.0405110528558,75
309,3,16,649.2933333333333,670.9250699247085,75
309,3,17,740.0533333333333,726.5124005524458,75
309,3,18,677.3466666666667,672.9309297069661,75
309,3,19,444.08,457.5871694115693,75
309,3,20,381.9066666666667,358.41734624659443,75
309,3,21,237.54666666666665,242.95065982671824,75
309,3,22,178.42666666666668,180.14835312673875,75
309,3,23,100.01369863013699,103.96809553831035,73
309,4,0,43.87671232876713,43.82545241274507,73
309,4,1,13.04054054054054,12.981524661611397,74
309,4,2,9.232876712328768,10.118780413977301,73
309,4,3,9.095890410958905,8.763271421840026,73
309,4,4,19.716216216216218,19.102379933092877,74
309,4,5,57.84,57.3417476231544,75
309,4,6,170.09333333333333,168.95062827933063,75
309,4,7,566.4,564.0376908337636,75
309,4,8,887.1066666666667,889.4708229875827,75
309,4,9,650.92,663.845853207262,75
309,4,10,498.0133333333333,539.6013903497701,75
309,4,11,478.62666666666667,468.86568347439896,75
309,4,12,476.53333333333336,482.5839944831664,75
309,4,13,483.8933333333333,501.3466876477635,75
309,4,14,528.4666666666667,532.0733449935047,75
309,4,15,604.76,582.8737398606968,75
309,4,16,666.2666666666667,671.2076088850822,75
309,4,17,745.9333333333333,734.2617404530524,75
309,4,18,734.1866666666666,680.6700083168342,75
309,4,19,540.1066666666667,481.25881616613646,75
309,4,20,403.3466666666667,398.9254571250813,75
309,4,21,285.44,260.6570345145205,75
309,4,22,238.0,226.8525254301624,75
309,4,23,154.01333333333332,139.11175020764108,75
309,5,0,66.52,66.9232261138868,75
309,5,1,23.0,22.794607956087393,74
309,5,2,13.27027027027027,12.420955891775797,74
309,5,3,9.653333333333334,9.90522270195709,75
309,5,4,14.066666666666666,14.539464640630822,75
309,5,5,26.44,27.60139916797588,75
309,5,6,68.25333333333333,71.53814131729655,75
309,5,7,160.46666666666667,162.4795207171467,75
309,5,8,279.74666666666667,285.01012589177697,75
309,5,9,400.53333333333336,401.09492148297454,75
309,5,10,463.61333333333334,468.21179658669894,75
309,5,11,494.61333333333334,475.7167091174843,75
309,5,12,528.4,526.6466857236759,75
309,5,13,536.0,531.6344646414248,75
309,5,14,467.94666666666666,478.833754985226,75
309,5,15,472.58666666666664,485.397700028287,75
309,5,16,463.9866666666667,487.9110475982322,75
309,5,17,486.93333333333334,491.8820873516295,75
309,5,18,514.08,500.48745857448927,75
309,5,19,455.68,425.22381012271194,75
309,5,20,343.3466666666667,330.6075338344202,75
309,5,21,270.50666666666666,234.77573539454494,75
309,5,22,229.2,220.94602368228743,75
309,5,23,150.65333333333334,142.20206368120077,75
309,6,0,67.49333333333334,67.42677736308666,75
309,6,1,22.24,22.31101081693922,75
309,6,2,11.81081081081081,12.185210067168981,74
309,6,3,10.4,10.043464153094076,75
309,6,4,13.106666666666667,13.96360339186355,75
309,6,5,20.92,20.517834213362626,75
309,6,6,45.64,45.599025815819104,75
309,6,7,110.61333333333333,110.71423461237409,75
309,6,8,232.0,238.03183259237144,75
309,6,9,325.84,331.5668483894284,75
309,6,10,393.44,398.36493448163014,75
309,6,11,426.32,412.14984334062467,75
309,6,12,482.28,474.4884410178895,75
309,6,13,487.76,488.72231628167805,75
309,6,14,448.84,452.1064109703095,75
309,6,15,398.3333333333333,404.34823938987705,75
309,6,16,396.16,390.2267491926358,75
309,6,17,373.8666666666667,372.8984082429628,75
309,6,18,340.04,351.72015838899654,75
309,6,19,265.5466666666667,270.5600568729352,75
309,6,20,225.58666666666667,218.82055494365565,75
309,6,21,165.13333333333333,155.16026362298243,75
309,6,22,135.96,133.68771537304602,75
309,6,23,76.65333333333334,79.76990061245672,75
310,0,0,129.26666666666668,124.75429810945357,75
310,0,1,38.76,36.17951646993745,75
310,0,2,27.14666666666667,23.672903868892828,75
310,0,3,24.266666666666666,23.00748909594885,75
310,0,4,60.4,60.90183461693009,75
310,0,5,162.86666666666667,165.90763032735532,75
310,0,6,523.36,528.8292151311007,75
310,0,7,1553.6,1547.3347525165466,75
310,0,8,2952.4666666666667,2945.3133067455,75
310,0,9,1808.5733333333333,1788.6323667684635,75
310,0,10,1143.88,1133.4937453623127,75
310,0,11,1094.48,1079.1780829315107,75
310,0,12,1158.5066666666667,1160.5231425011796,75
310,0,13,1176.3333333333333,1165.7518356222083,75
310,0,14,1387.0,1384.8729754430324,75
310,0,15,1848.7866666666666,1818.640553061784,75
310,0,16,2037.6266666666668,2026.451883383143,75
310,0,17,2062.76,2045.357413231929,75
310,0,18,1692.4133333333334,1674.0138545435852,75
310,0,19,1088.0933333333332,1091.086207068131,75
310,0,20,858.16,837.6991000555441,75
310,0,21,672.36,661.7468154582697,75
310,0,22,430.88,428.581232626677,75
310,0,23,272.93333333333334,266.12488981470767,75
310,1,0,122.18666666666667,122.82343586681232,75
310,1,1,36.42666666666667,36.07405897435553,75
310,1,2,24.226666666666667,23.625190584436012,75
310,1,3,24.36,23.025964849533462,75
310,1,4,63.77333333333333,64.38343337193925,75
310,1,5,178.53333333333333,176.19872220208228,75
310,1,6,606.8133333333334,592.7895242865862,75
310,1,7,1845.4133333333334,1819.7925120402024,75
310,1,8,3796.2,3778.5324839546006,75
310,1,9,2296.0,2263.2628561159163,75
310,1,10,1331.64,1335.2078009634579,75
310,1,11,1168.84,1193.4024353159054,75
310,1,12,1206.1466666666668,1221.8820700293154,75
310,1,13,1234.2666666666667,1227.83996412161,75
310,1,14,1484.2933333333333,1530.0298861882218,75
310,1,15,2021.8133333333333,2030.0897944866194,75
310,1,16,2172.346666666667,2164.4435272479777,75
310,1,17,2293.5333333333333,2261.216576533837,75
310,1,18,1976.0133333333333,1981.000849566595,75
310,1,19,1168.2266666666667,1295.9489907941154,75
310,1,20,868.88,987.7452266635992,75
310,1,21,678.7466666666667,731.60945266398,75
310,1,22,472.3066666666667,480.819057779571,75
310,1,23,276.0933333333333,298.30040543720486,75
310,2,0,136.4078947368421,140.44453951602836,76
310,2,1,43.86842105263158,42.17975515467869,76
310,2,2,31.11842105263158,28.035184334387274,76
310,2,3,25.960526315789473,26.1583401756277,76
310,2,4,66.05263157894737,64.63425431081473,76
310,2,5,173.28947368421052,174.5539023482289,76
310,2,6,587.1447368421053,586.2932108046756,76
310,2,7,1804.5,1799.6264031337867,76
310,2,8,3711.2763157894738,3710.8556781444013,76
310,2,9,2307.6315789473683,2237.0014647201997,76
310,2,10,1369.4473684210527,1335.0688012231442,76
310,2,11,1225.578947368421,1225.6433261623686,76
310,2,12,1277.9868421052631,1291.2527568979629,76
310,2,13,1312.7105263157894,1296.4851868443718,76
310,2,14,1537.8815789473683,1539.7528978469213,76
310,2,15,1975.578947368421,2019.7531948748365,76
310,2,16,2182.565789473684,2150.694826692457,76
310,2,17,2287.9605263157896,2239.978592078221,76
310,2,18,1959.8947368421052,1970.2009410506607,76
310,2,19,1235.3552631578948,1293.3695981400092,76
310,2,20,929.6315789473684,991.721065913177,76
310,2,21,690.8815789473684,734.0755126106387,76
310,2,22,511.35526315789474,519.9150784248974,76
310,2,23,309.0263157894737,305.9440684833109,76
310,3,0,147.4,146.11798385264765,75
310,3,1,47.0,43.83472377057539,75
310,3,2,30.293333333333333,28.313340331397526,75
310,3,3,26.666666666666668,26.30217761708689,75
310,3,4,60.4,61.97230158141578,75
310,3,5,169.93333333333334,171.8729074269547,75
310,3,6,557.04,569.039212061592,75
310,3,7,1732.6133333333332,1741.2909904817411,75
310,3,8,3481.8933333333334,3511.3110329515384,75
310,3,9,2194.7733333333335,2165.1316443458645,75
310,3,10,1339.52,1325.8663576942508,75
310,3,11,1234.6133333333332,1219.7410478416953,75
310,3,12,1245.0933333333332,1277.961899185935,75
310,3,13,1282.3066666666666,1280.7321661589701,75
310,3,14,1509.88,1541.9029524316625,75
310,3,15,1986.2,2037.7644432936795,75
310,3,16,2174.6266666666666,2128.6338665318553,75
310,3,17,2309.6133333333332,2232.4844465930473,75
310,3,18,2013.7333333333333,1975.2450256807358,75
310,3,19,1253.04,1288.949343277371,75
310,3,20,921.4,997.8914541695426,75
310,3,21,719.7733333333333,738.5977083128969,75
310,3,22,548.4666666666667,551.034077504279,75
310,3,23,313.06666666666666,331.7172966201382,75
310,4,0,145.69333333333333,145.3686961747958,75
310,4,1,46.346666666666664,45.920401627748724,75
310,4,2,34.666666666666664,32.26770610005763,75
310,4,3,28.653333333333332,28.10212037633624,75
310,4,4,61.413333333333334,60.99161424515965,75
310,4,5,158.86666666666667,158.5299074850044,75
310,4,6,495.5466666666667,500.63139550568536,75
310,4,7,1421.84,1422.1377301566183,75
310,4,8,2361.4,2361.451517757485,75
310,4,9,1634.9066666666668,1690.030343969187,75
310,4,10,1228.5466666666666,1295.1493688343523,75
310,4,11,1209.6533333333334,1223.8056391879406,75
310,4,12,1316.8533333333332,1323.6069115585249,75
310,4,13,1362.0933333333332,1341.801378029821,75
310,4,14,1669.7066666666667,1619.8314015325598,75
310,4,15,2100.7733333333335,2082.528412306763,75
310,4,16,2148.0,2157.5562114405675,75
310,4,17,2263.4666666666667,2250.8343357051344,75
310,4,18,2028.4133333333334,2006.120391069256,75
310,4,19,1397.5066666666667,1318.9450430718143,75
310,4,20,997.7333333333333,1010.3154821889445,75
310,4,21,776.0,754.5666948097469,75
310,4,22,644.2133333333334,631.0276870817713,75
310,4,23,462.08,456.38979478833045,75
310,5,0,229.09333333333333,224.0603035207848,75
310,5,1,78.54666666666667,81.15464504061013,75
310,5,2,42.96,45.01005602539964,75
310,5,3,31.653333333333332,33.19338692398949,75
310,5,4,41.346666666666664,41.20739701068765,75
310,5,5,83.85333333333334,84.03877759783316,75
310,5,6,206.8,206.38063895474463,75
310,5,7,407.29333333333335,401.4665600649104,75
310,5,8,715.3066666666666,715.591600805888,75
310,5,9,991.52,989.946049438189,75
310,5,10,1221.7466666666667,1240.958619077977,75
310,5,11,1444.36,1376.5916421460329,75
310,5,12,1598.6666666666667,1563.186256912044,75
310,5,13,1673.0666666666666,1641.8919087544173,75
310,5,14,1457.16,1458.7613520402622,75
310,5,15,1471.1066666666666,1481.6261730949118,75
310,5,16,1474.8,1490.494614393162,75
310,5,17,1543.3066666666666,1514.405402227751,75
310,5,18,1609.6933333333334,1573.7324373311878,75
310,5,19,1319.0,1267.2364538388983,75
310,5,20,914.6266666666667,905.4092488817712,75
310,5,21,765.48,750.377938168513,75
310,5,22,640.1333333333333,641.5757210888873,75
310,5,23,442.81333333333333,438.29529852558153,75
310,6,0,219.32,219.47255489842675,75
310,6,1,77.70666666666666,79.98716712839965,75
310,6,2,41.74324324324324,44.245804703326286,74
310,6,3,34.16,34.242912890852224,75
310,6,4,39.32,39.57954494874879,75
310,6,5,75.66666666666667,74.36403500714063,75
310,6,6,167.66666666666666,165.91543565426005,75
310,6,7,328.6533333333333,327.52793409248613,75
310,6,8,573.4133333333333,572.52284986384,75
310,6,9,855.28,851.318029001993,75
310,6,10,1135.4533333333334,1146.3827900861554,75
310,6,11,1292.6133333333332,1277.3217325349208,75
310,6,12,1459.2666666666667,1451.3385066900964,75
310,6,13,1505.56,1463.6954520194472,75
310,6,14,1410.1333333333334,1291.2411675146175,75
310,6,15,1316.5066666666667,1313.9071530267274,75
310,6,16,1295.0,1312.103829050401,75
310,6,17,1237.3466666666666,1263.8359399119886,75
310,6,18,1088.0933333333332,1110.7169391338546,75
310,6,19,850.1866666666666,832.0254546316221,75
310,6,20,700.28,682.1358604886921,75
310,6,21,525.2,501.87286881389764,75
310,6,22,429.4533333333333,425.67097414473903,75
310,6,23,265.49333333333334,256.86690297846627,75
311,0,0,72.73333333333333,70.9498113291268,75
311,0,1,20.466666666666665,16.819337310640268,75
311,0,2,7.891891891891892,8.504617760551449,74
311,0,3,5.346666666666667,5.96657128851008,75
311,0,4,12.32,11.651020379069575,75
311,0,5,46.86666666666667,47.845380407313016,75
311,0,6,196.45333333333335,196.97774358296337,75
311,0,7,655.3066666666666,658.7064010912638,75
311,0,8,1298.1466666666668,1298.4828995796686,75
311,0,9,771.9333333333333,772.2390898133469,75
311,0,10,514.1733333333333,506.23309855831565,75
311,0,11,495.29333333333335,501.2027905673856,75
311,0,12,535.08,530.4117792158241,75
311,0,13,545.2666666666667,568.2684665454941,75
311,0,14,672.48,666.7415967433058,75
311,0,15,1068.5466666666666,1053.471330636266,75
311,0,16,1087.5466666666666,1078.0984190722347,75
311,0,17,1121.76,1105.2085798288235,75
311,0,18,918.8133333333334,921.4004666364435,75
311,0,19,576.7733333333333,596.6294996793931,75
311,0,20,437.4266666666667,450.13363686645783,75
311,0,21,387.56,386.2949739739274,75
311,0,22,289.3333333333333,293.0260694501076,75
311,0,23,160.64,155.36775619049328,75
311,1,0,75.46666666666667,81.91535094510688,75
311,1,1,18.453333333333333,18.237114004908438,75
311,1,2,8.586666666666666,8.953183108922186,75
311,1,3,5.54054054054054,6.045858775691388,74
311,1,4,14.253333333333334,13.041350942038738,75
311,1,5,53.08,50.57063180778439,75
311,1,6,222.02666666666667,222.7201663786834,75
311,1,7,804.64,785.2926658399648,75
311,1,8,1715.28,1683.4449723790453,75
311,1,9,1032.6533333333334,1014.0295415989514,75
311,1,10,622.7066666666667,592.9488957849414,75
311,1,11,563.8133333333334,579.1178853955594,75
311,1,12,587.2266666666667,600.2719405560066,75
311,1,13,594.92,642.6882367998334,75
311,1,14,716.8,731.8305323191998,75
311,1,15,1150.6666666666667,1168.4286475552396,75
311,1,16,1206.1333333333334,1200.1751169461922,75
311,1,17,1259.0533333333333,1249.023198342271,75
311,1,18,1104.1733333333334,1105.9679726604181,75
311,1,19,671.6933333333334,724.5964355065764,75
311,1,20,492.25333333333333,535.5125353797414,75
311,1,21,475.16,487.699298124879,75
311,1,22,324.56,346.08418690706753,75
311,1,23,180.89333333333335,204.8568848243897,75
311,2,0,93.57894736842105,93.28455831418935,76
311,2,1,25.86842105263158,22.894635938532428,76
311,2,2,9.921052631578947,9.979119056985837,76
311,2,3,7.25,6.795963792687915,76
311,2,4,12.81578947368421,13.02738843045566,76
311,2,5,50.51315789473684,50.16321989444693,76
311,2,6,226.6315789473684,220.47816299775732,76
311,2,7,800.3421052631579,778.5112085184594,76
311,2,8,1676.6973684210527,1661.999718241165,76
311,2,9,1034.0263157894738,1000.4898405904565,76
311,2,10,625.078947368421,602.3582201810074,76
311,2,11,579.1447368421053,592.6871806208642,76
311,2,12,627.8421052631579,606.658039343629,76
311,2,13,656.828947368421,655.611446822852,76
311,2,14,750.1447368421053,740.0942611080633,76
311,2,15,1146.078947368421,1160.6203418252564,76
311,2,16,1171.328947368421,1189.7471388909628,76
311,2,17,1243.6052631578948,1238.0788883253942,76
311,2,18,1091.907894736842,1095.3748078541837,76
311,2,19,694.3815789473684,723.2439977097916,76
311,2,20,512.8421052631579,544.0361375068514,76
311,2,21,459.4078947368421,487.0756821732652,76
311,2,22,342.2763157894737,347.6902184928133,76
311,2,23,191.03947368421052,206.1643061728833,76
311,3,0,90.84,93.9772007910487,75
311,3,1,23.546666666666667,23.78787940142338,75
311,3,2,9.773333333333333,9.877479530289083,75
311,3,3,7.546666666666667,7.088517860358502,75
311,3,4,13.893333333333333,13.141257603880554,75
311,3,5,50.2,49.52650945146458,75
311,3,6,209.14666666666668,215.76256616005156,75
311,3,7,761.6533333333333,760.0189702645301,75
311,3,8,1561.84,1588.4177954824004,75
311,3,9,996.8133333333334,980.1144048739698,75
311,3,10,624.8,595.3206061273742,75
311,3,11,584.8266666666667,585.2774021907908,75
311,3,12,601.8533333333334,600.0077553815271,75
311,3,13,612.4266666666666,649.7962591863471,75
311,3,14,730.68,736.2533268324038,75
311,3,15,1142.92,1144.9578586403145,75
311,3,16,1212.4933333333333,1176.2090542557305,75
311,3,17,1267.28,1226.244516804594,75
311,3,18,1122.1866666666667,1089.5863911010465,75
311,3,19,702.92,720.5996948623331,75
311,3,20,534.1866666666666,549.2453568804151,75
311,3,21,483.5733333333333,489.48264012351643,75
311,3,22,365.50666666666666,389.59312014664795,75
311,3,23,211.05333333333334,219.5337800502969,75
311,4,0,100.56,107.40638019792452,75
311,4,1,28.96,29.59924256339275,75
311,4,2,10.826666666666666,11.224635661808067,75
311,4,3,6.96,7.696429806680915,75
311,4,4,14.2,13.152399771859205,75
311,4,5,47.88,46.90760938823428,75
311,4,6,180.17333333333335,184.3261495531743,75
311,4,7,597.4133333333333,602.2946074985919,75
311,4,8,1010.7733333333333,997.9036296349709,75
311,4,9,697.8666666666667,726.3640803500771,75
311,4,10,544.08,559.2721291789549,75
311,4,11,558.6533333333333,578.5768770916299,75
311,4,12,672.44,647.9867064773553,75
311,4,13,690.3466666666667,676.3033857169319,75
311,4,14,778.8,782.7758852147089,75
311,4,15,1157.3866666666668,1148.882695907834,75
311,4,16,1185.24,1185.017923827446,75
311,4,17,1196.2666666666667,1228.582304209728,75
311,4,18,1093.64,1102.5860991324969,75
311,4,19,760.5733333333334,727.7077097020292,75
311,4,20,586.4933333333333,554.6394798531061,75
311,4,21,541.0533333333333,496.4073263008941,75
311,4,22,460.93333333333334,420.09575552427305,75
311,4,23,302.32,284.76606858162285,75
311,5,0,171.04,163.19307925173499,75
311,5,1,59.54666666666667,60.633272389537574,75
311,5,2,21.77027027027027,19.570057030077262,74
311,5,3,9.824324324324325,9.314413694833984,74
311,5,4,11.64864864864865,15.827854795207992,74
311,5,5,21.69333333333333,22.253971475078977,75
311,5,6,78.54666666666667,75.70728463491562,75
311,5,7,153.17333333333335,153.62376585948377,75
311,5,8,275.5466666666667,274.86643188509976,75
311,5,9,378.93333333333334,380.6341182225412,75
311,5,10,493.46666666666664,490.625547132538,75
311,5,11,606.4,611.4657996592929,75
311,5,12,692.3466666666667,715.7296479296693,75
311,5,13,763.2,719.4805701394375,75
311,5,14,713.4533333333334,714.0636793125767,75
311,5,15,798.8533333333334,805.754795875194,75
311,5,16,764.5066666666667,802.0462762864656,75
311,5,17,783.7466666666667,814.7165711776033,75
311,5,18,842.3333333333334,814.3922439488459,75
311,5,19,714.8933333333333,706.2746815294826,75
311,5,20,519.56,505.1872148501934,75
311,5,21,505.3333333333333,485.93195642822235,75
311,5,22,433.4533333333333,400.99109681768283,75
311,5,23,300.46666666666664,284.59521015187005,75
311,6,0,171.76,164.71882147498664,75
311,6,1,66.76,61.50451365554105,75
311,6,2,19.68918918918919,19.13567111121073,74
311,6,3,8.68,9.225540600349099,75
311,6,4,9.76,15.017503861474616,75
311,6,5,21.733333333333334,22.14065689493101,75
311,6,6,61.32,59.03596905444535,75
311,6,7,115.93333333333334,115.456259624594,75
311,6,8,196.70666666666668,194.02738983634822,75
311,6,9,289.73333333333335,288.5680599799058,75
311,6,10,421.4,419.89067509937365,75
311,6,11,528.2,505.34252904574385,75
311,6,12,659.8933333333333,667.1856212210416,75
311,6,13,702.88,671.8005532923939,75
311,6,14,681.68,672.831275205616,75
311,6,15,683.48,678.6877450658626,75
311,6,16,659.8533333333334,674.3057873741374,75
311,6,17,641.2133333333334,651.1247707474674,75
311,6,18,582.0266666666666,592.7067712578577,75
311,6,19,446.2133333333333,445.0783306836296,75
311,6,20,388.82666666666665,371.0882163882115,75
311,6,21,346.06666666666666,335.23795881393124,75
311,6,22,256.1333333333333,241.410535867162,75
311,6,23,145.01333333333332,140.6541643842495,75
312,0,0,46.733333333333334,47.2542176286435,75
312,0,1,14.066666666666666,13.461820314864934,75
312,0,2,6.706666666666667,8.329265992430509,75
312,0,3,5.1466666666666665,6.0476474760039585,75
312,0,4,9.04,9.355085818608792,75
312,0,5,32.64,32.85550442108331,75
312,0,6,128.46666666666667,129.0533532260991,75
312,0,7,472.72,449.45614912498104,75
312,0,8,977.4933333333333,970.9558149709036,75
312,0,9,682.6,678.2312299210022,75
312,0,10,480.1066666666667,477.1713845245608,75
312,0,11,447.81333333333333,453.6520812043698,75
312,0,12,476.28,490.29971514828185,75
312,0,13,509.38666666666666,516.8565419644844,75
312,0,14,617.8,635.2215518756294,75
312,0,15,822.8,815.40935301985,75
312,0,16,986.7733333333333,1019.810960261973,75
312,0,17,1040.7066666666667,1076.5998724369197,75
312,0,18,884.0533333333333,896.7191088176932,75
312,0,19,527.32,542.1683097444646,75
312,0,20,380.49333333333334,388.7300352797238,75
312,0,21,321.37333333333333,317.72010412118954,75
312,0,22,217.84,230.38505984688086,75
312,0,23,120.24,115.91171069728605,75
312,1,0,49.16,49.42566807291957,75
312,1,1,14.613333333333333,13.434659233635339,75
312,1,2,6.173333333333333,8.289319916138894,75
312,1,3,5.684931506849315,6.003785994622581,73
312,1,4,9.573333333333334,10.176303809855686,75
312,1,5,37.96,35.661383176999344,75
312,1,6,152.70666666666668,146.57905671073573,75
312,1,7,576.24,542.2425455654405,75
312,1,8,1290.4133333333334,1285.6196125960105,75
312,1,9,875.7466666666667,856.7878992553008,75
312,1,10,539.8933333333333,531.7415070396557,75
312,1,11,482.6666666666667,496.33927204567726,75
312,1,12,522.8933333333333,538.8908592998532,75
312,1,13,541.5066666666667,565.3386550793683,75
312,1,14,653.7866666666666,710.5380900246976,75
312,1,15,869.2533333333333,927.524057104631,75
312,1,16,1056.6,1121.169036034671,75
312,1,17,1135.32,1232.913365861577,75
312,1,18,1023.28,1037.839088263745,75
312,1,19,610.5066666666667,680.4880638032355,75
312,1,20,422.6933333333333,470.57258928043814,75
312,1,21,352.28,368.4951809262906,75
312,1,22,251.02666666666667,288.6601549155623,75
312,1,23,126.76,131.16209086256848,75
312,2,0,53.01315789473684,55.932865570452336,76
312,2,1,19.039473684210527,16.983387997957767,76
312,2,2,7.881578947368421,9.25584538544426,76
312,2,3,6.855263157894737,6.489464221043546,76
312,2,4,11.868421052631579,10.602984362924452,76
312,2,5,34.14473684210526,34.42218164651616,76
312,2,6,148.71052631578948,144.9312582231798,76
312,2,7,567.0,536.6166816460878,76
312,2,8,1282.1184210526317,1276.2984433132629,76
312,2,9,875.1052631578947,848.3460397744999,76
312,2,10,580.9605263157895,541.4356962903363,76
312,2,11,520.1973684210526,510.66623180235166,76
312,2,12,552.5263157894736,559.8450154910162,76
312,2,13,586.6052631578947,571.9316134490427,76
312,2,14,658.9078947368421,714.2132934413514,76
312,2,15,888.7236842105264,926.1873041540575,76
312,2,16,1067.2105263157894,1114.163929887979,76
312,2,17,1158.5657894736842,1226.7780703925246,76
312,2,18,1031.842105263158,1019.5157497813282,76
312,2,19,629.0263157894736,674.1008957295015,76
312,2,20,460.88157894736844,473.3664022259933,76
312,2,21,359.9342105263158,367.3740574052167,76
312,2,22,268.94736842105266,298.00898070004126,76
312,2,23,140.19736842105263,142.8864168693561,76
312,3,0,59.333333333333336,61.60018465521075,75
312,3,1,19.066666666666666,19.336170240199294,75
312,3,2,9.773333333333333,9.785833449884997,75
312,3,3,6.6,6.9291937971424415,75
312,3,4,9.837837837837839,10.46719091852346,74
312,3,5,34.18666666666667,34.049805267537046,75
312,3,6,139.24,142.600052252183,75
312,3,7,544.3866666666667,524.2527967188882,75
312,3,8,1194.6666666666667,1207.5991838473856,75
312,3,9,828.9333333333333,829.5368912808174,75
312,3,10,561.12,541.0390210909592,75
312,3,11,512.6533333333333,507.845850381371,75
312,3,12,547.84,550.9387134527565,75
312,3,13,563.2533333333333,565.6054005968512,75
312,3,14,665.88,707.1360273198122,75
312,3,15,891.28,919.0131660269121,75
312,3,16,1092.8266666666666,1099.7306622124747,75
312,3,17,1161.1333333333334,1213.035942657802,75
312,3,18,1034.1733333333334,1015.1625318336093,75
312,3,19,634.96,666.3245076689018,75
312,3,20,450.73333333333335,474.8361218424168,75
312,3,21,365.0133333333333,391.7372135290419,75
312,3,22,282.0133333333333,299.44960741307176,75
312,3,23,150.22666666666666,152.74937914280787,75
312,4,0,64.93333333333334,67.7825030502971,75
312,4,1,21.4,21.73422241370654,75
312,4,2,10.653333333333334,11.085539119445093,75
312,4,3,7.594594594594595,7.851185742788765,74
312,4,4,9.093333333333334,10.258833424241013,75
312,4,5,32.42666666666667,32.09351604779342,75
312,4,6,119.13333333333334,118.16817889342596,75
312,4,7,415.50666666666666,419.10985866366394,75
312,4,8,766.0666666666667,755.7286824934895,75
312,4,9,605.7333333333333,611.8640571296995,75
312,4,10,504.0933333333333,542.5083678209563,75
312,4,11,510.6533333333333,516.1596119999829,75
312,4,12,554.16,576.8943782397636,75
312,4,13,608.8,625.7907500561832,75
312,4,14,730.4933333333333,725.1740591250597,75
312,4,15,934.3333333333334,933.891722389142,75
312,4,16,1111.1333333333334,1111.461160969375,75
312,4,17,1155.4,1227.172435118307,75
312,4,18,1057.7466666666667,1018.2344704287356,75
312,4,19,722.7733333333333,671.3203267794592,75
312,4,20,501.73333333333335,482.5075350327594,75
312,4,21,423.0133333333333,413.72510389384234,75
312,4,22,390.0933333333333,349.3930277350699,75
312,4,23,236.26666666666668,209.04945315376835,75
312,5,0,131.0,126.28746282528625,75
312,5,1,52.229729729729726,51.774505845351094,74
312,5,2,23.026666666666667,20.374278948663147,75
312,5,3,10.554054054054054,9.799746652764576,74
312,5,4,10.64864864864865,10.497313333418653,74
312,5,5,14.626666666666667,15.313152115938813,75
312,5,6,48.17333333333333,49.87399741792256,75
312,5,7,104.86666666666666,105.18776893776932,75
312,5,8,215.52,213.60695972255704,75
312,5,9,347.82666666666665,350.71369499677,75
312,5,10,462.17333333333335,465.10932400575433,75
312,5,11,560.04,556.0346287553242,75
312,5,12,663.6266666666667,660.7120831848939,75
312,5,13,751.5066666666667,720.2273288319732,75
312,5,14,726.9866666666667,714.1931149369301,75
312,5,15,802.0266666666666,807.2098637609209,75
312,5,16,882.1466666666666,852.463232843746,75
312,5,17,1012.5733333333334,939.1306747505777,75
312,5,18,875.44,839.606209708819,75
312,5,19,689.0933333333334,685.859906482458,75
312,5,20,456.26666666666665,438.5907954815299,75
312,5,21,390.73333333333335,384.71506009414867,75
312,5,22,379.5466666666667,348.80975089895315,75
312,5,23,230.76,225.90999982918723,75
312,6,0,129.84,128.38428249916097,75
312,6,1,51.026666666666664,51.130093794504546,75
312,6,2,21.04054054054054,20.085381966709484,74
312,6,3,10.68,9.792969546859368,75
312,6,4,11.226666666666667,10.484579671189588,75
312,6,5,17.053333333333335,16.962580401584624,75
312,6,6,40.666666666666664,39.318312465970536,75
312,6,7,75.52,72.5170983535228,75
312,6,8,155.0,156.2189999966712,75
312,6,9,272.6533333333333,273.26050450985576,75
312,6,10,406.02666666666664,404.4372265492635,75
312,6,11,503.48,492.0747258912795,75
312,6,12,660.2266666666667,628.0629846847315,75
312,6,13,717.1333333333333,674.9384120556872,75
312,6,14,749.7333333333333,680.0777466155138,75
312,6,15,718.4133333333333,699.7825511397881,75
312,6,16,801.0133333333333,738.1720199500375,75
312,6,17,824.8266666666667,766.2724030994981,75
312,6,18,621.2666666666667,623.3318805794136,75
312,6,19,398.68,400.63218106219625,75
312,6,20,324.85333333333335,310.39942557791665,75
312,6,21,263.70666666666665,240.9364118664308,75
312,6,22,225.22666666666666,213.5008533897244,75
312,6,23,103.86666666666666,101.2524746876023,75
313,0,0,144.02666666666667,138.36686436535365,75
313,0,1,47.04,46.41442499518865,75
313,0,2,22.04,22.202088131959442,75
313,0,3,15.973333333333333,14.642102994541341,75
313,0,4,24.813333333333333,25.790241073772194,75
313,0,5,85.37333333333333,85.41837537750511,75
313,0,6,353.85333333333335,354.8458287571165,75
313,0,7,1289.1333333333334,1287.8213674434473,75
313,0,8,2688.68,2694.3892187007255,75
313,0,9,1739.5866666666666,1742.5023078896443,75
313,0,10,1078.3866666666668,1088.0466522182285,75
313,0,11,1055.0933333333332,1074.7498909023552,75
313,0,12,1147.4666666666667,1159.6301563503455,75
313,0,13,1282.6933333333334,1291.9075531786443,75
313,0,14,1550.88,1548.769652406631,75
313,0,15,2009.7066666666667,2004.3224352788413,75
313,0,16,2361.1866666666665,2329.6562013495027,75
313,0,17,2457.2266666666665,2436.3659257713152,75
313,0,18,2235.8,2248.6043551896328,75
313,0,19,1497.96,1513.678169240777,75
313,0,20,1203.5066666666667,1189.006176015474,75
313,0,21,966.7466666666667,934.3760731067679,75
313,0,22,799.8933333333333,796.5167319142289,75
313,0,23,416.85333333333335,410.2225516938331,75
313,1,0,144.77333333333334,148.8021241407505,75
313,1,1,46.53333333333333,46.24897504322084,75
313,1,2,21.84,22.227336623425526,75
313,1,3,15.946666666666667,14.763561010727177,75
313,1,4,25.613333333333333,27.052299789064577,75
313,1,5,99.65333333333334,97.22716752966093,75
313,1,6,416.46666666666664,413.40080334749376,75
313,1,7,1613.64,1599.255206646992,75
313,1,8,3527.32,3530.9805837859462,75
313,1,9,2285.653333333333,2290.2072661785264,75
313,1,10,1260.0933333333332,1280.1087863058644,75
313,1,11,1126.0,1186.4963078110168,75
313,1,12,1225.88,1225.1450275494717,75
313,1,13,1338.0933333333332,1351.034931385696,75
313,1,14,1621.0933333333332,1619.2222029642242,75
313,1,15,2122.12,2133.7469928181417,75
313,1,16,2514.6,2543.4393664375266,75
313,1,17,2667.7466666666664,2675.9259620555754,75
313,1,18,2527.16,2545.3392755833715,75
313,1,19,1660.1066666666666,1805.171554819472,75
313,1,20,1318.64,1316.0145517313379,75
313,1,21,1160.2666666666667,1210.7508692955444,75
313,1,22,958.7066666666667,975.9657192556316,75
313,1,23,466.32,455.08691673195045,75
313,2,0,173.71052631578948,171.40381104884992,76
313,2,1,56.44736842105263,58.648896450983855,76
313,2,2,28.644736842105264,27.037830158425944,76
313,2,3,17.039473684210527,15.94401165163976,76
313,2,4,27.157894736842106,27.52690601825977,76
313,2,5,100.94736842105263,96.76779590057338,76
313,2,6,415.67105263157896,409.73706045058896,76
313,2,7,1562.0131578947369,1579.0165600745436,76
313,2,8,3453.7368421052633,3471.5760227173,76
313,2,9,2260.5131578947367,2263.4326097484186,76
313,2,10,1311.828947368421,1283.2802873792295,76
313,2,11,1211.2631578947369,1227.1267094103987,76
313,2,12,1274.9868421052631,1290.5361003077498,76
313,2,13,1424.2236842105262,1416.6145870884013,76
313,2,14,1640.6052631578948,1627.1898989343392,76
313,2,15,2150.9736842105262,2152.160692727044,76
313,2,16,2516.842105263158,2530.5862466646786,76
313,2,17,2694.6315789473683,2659.481305997462,76
313,2,18,2506.7894736842104,2527.855437914917,76
313,2,19,1719.8552631578948,1789.8666982326931,76
313,2,20,1324.4342105263158,1337.0327230433932,76
313,2,21,1207.8947368421052,1218.9896409736891,76
313,2,22,1031.2631578947369,1007.2609091567747,76
313,2,23,521.4605263157895,508.9756884789571,76
313,3,0,189.52,179.49365029179003,75
313,3,1,69.41333333333333,63.15468133414852,75
313,3,2,27.69333333333333,27.399556227218454,75
313,3,3,18.36,16.03207871438919,75
313,3,4,28.84,27.88223803367088,75
313,3,5,95.36,94.1445545084824,75
313,3,6,395.4533333333333,400.68584325533595,75
313,3,7,1463.8933333333334,1506.5051045427158,75
313,3,8,3189.64,3210.703118586594,75
313,3,9,2185.8533333333335,2203.735513060358,75
313,3,10,1329.7466666666667,1301.9503417378373,75
313,3,11,1193.28,1222.4501544149339,75
313,3,12,1267.9466666666667,1281.48004347927,75
313,3,13,1365.32,1388.9440283793172,75
313,3,14,1647.6933333333334,1615.4387659074837,75
313,3,15,2097.173333333333,2112.8658908362227,75
313,3,16,2573.173333333333,2550.2494138261663,75
313,3,17,2687.1866666666665,2628.3774017014944,75
313,3,18,2544.0266666666666,2541.5645834340207,75
313,3,19,1718.5733333333333,1776.227282399227,75
313,3,20,1359.7733333333333,1376.460234150565,75
313,3,21,1178.96,1223.0714699401808,75
313,3,22,1069.3066666666666,1053.102224223516,75
313,3,23,550.4,546.9332616839512,75
313,4,0,226.46666666666667,240.19041861852955,75
313,4,1,63.85333333333333,60.959156754177556,75
313,4,2,30.266666666666666,28.696722090645284,75
313,4,3,18.173333333333332,18.549129139479604,75
313,4,4,29.88,28.15665599357383,75
313,4,5,93.04,91.6158648782417,75
313,4,6,331.92,328.9881298391982,75
313,4,7,1119.9866666666667,1132.381941741021,75
313,4,8,1973.9466666666667,1981.926278388338,75
313,4,9,1481.8666666666666,1490.7849749721267,75
313,4,10,1129.24,1239.6086603639342,75
313,4,11,1202.24,1212.455031710928,75
313,4,12,1336.2133333333334,1335.4503428344553,75
313,4,13,1553.3333333333333,1562.3403081424462,75
313,4,14,1902.8533333333332,1890.6009936085804,75
313,4,15,2248.9466666666667,2240.635342545417,75
313,4,16,2573.733333333333,2594.672951320888,75
313,4,17,2715.2266666666665,2696.470049162195,75
313,4,18,2623.7733333333335,2603.827674556896,75
313,4,19,1915.36,1876.5667102684065,75
313,4,20,1454.36,1499.886709457608,75
313,4,21,1301.6,1255.649410381949,75
313,4,22,1232.8,1235.7436170096764,75
313,4,23,875.3066666666666,863.4243289337635,75
313,5,0,370.02666666666664,332.1606108062331,75
313,5,1,118.97297297297297,118.3503631433658,74
313,5,2,45.554054054054056,45.553415427914274,74
313,5,3,23.7972972972973,25.23606283605247,74
313,5,4,24.32,24.224417682723804,75
313,5,5,51.52,51.104155547211164,75
313,5,6,137.29333333333332,136.70892862996044,75
313,5,7,314.5733333333333,309.54678821505763,75
313,5,8,581.24,588.2680200128575,75
313,5,9,882.2133333333334,884.8941723524009,75
313,5,10,1183.2,1217.6713559657505,75
313,5,11,1475.88,1385.674439454841,75
313,5,12,1693.0266666666666,1661.383002326343,75
313,5,13,1860.8533333333332,1859.7760238603905,75
313,5,14,1822.2533333333333,1835.5159611182137,75
313,5,15,1975.84,1957.8724438163817,75
313,5,16,2077.9466666666667,2131.018150751184,75
313,5,17,2186.96,2169.2047654829585,75
313,5,18,2228.8133333333335,2195.4794133403216,75
313,5,19,1860.9866666666667,1847.0197450252754,75
313,5,20,1316.1333333333334,1310.7697624709458,75
313,5,21,1267.24,1234.352398152199,75
313,5,22,1127.9066666666668,1160.7209492391476,75
313,5,23,802.6533333333333,819.8854899173828,75
313,6,0,323.97333333333336,325.01701030376006,75
313,6,1,115.14666666666666,116.50287577420481,75
313,6,2,46.432432432432435,44.9911842236678,74
313,6,3,25.6,25.55083115040203,75
313,6,4,24.56,24.606709004006063,75
313,6,5,45.973333333333336,45.855177156021746,75
313,6,6,113.50666666666666,114.77594042729734,75
313,6,7,245.18666666666667,240.35083924795708,75
313,6,8,456.6,456.225287752798,75
313,6,9,727.8266666666667,724.4745470737828,75
313,6,10,1030.52,1036.3130792421834,75
313,6,11,1313.8266666666666,1289.3674642614444,75
313,6,12,1600.1066666666666,1581.5667862682583,75
313,6,13,1746.4666666666667,1682.2555365104122,75
313,6,14,1806.2266666666667,1774.3200805955726,75
313,6,15,1836.08,1807.3815912047548,75
313,6,16,1900.72,1922.1778923190227,75
313,6,17,1943.2933333333333,1918.632054939105,75
313,6,18,1752.8,1738.3773919592393,75
313,6,19,1253.84,1265.5856754354343,75
313,6,20,1033.12,1024.0069481711666,75
313,6,21,897.5733333333334,885.5310702261872,75
313,6,22,884.8266666666667,859.7609432537058,75
313,6,23,379.3066666666667,372.66495836967385,75
314,0,0,62.54666666666667,64.35332562336801,75
314,0,1,33.13333333333333,33.87865468194363,75
314,0,2,13.466666666666667,13.117564374876599,75
314,0,3,6.108108108108108,5.945431711118728,74
314,0,4,11.533333333333333,11.390123891462617,75
314,0,5,38.52,37.59142050963559,75
314,0,6,125.90666666666667,126.36674946031098,75
314,0,7,413.5466666666667,414.67023020295755,75
314,0,8,908.5733333333334,896.1664941693965,75
314,0,9,629.1466666666666,624.8096308616452,75
314,0,10,439.05333333333334,467.00096356335746,75
314,0,11,450.4533333333333,466.30199341700995,75
314,0,12,520.7866666666666,528.7538261579333,75
314,0,13,588.4533333333334,625.6116098812607,75
314,0,14,1028.56,1034.2222833063513,75
314,0,15,1567.0933333333332,1537.1184538856394,75
314,0,16,1330.1866666666667,1355.2533460843688,75
314,0,17,1386.7866666666666,1392.5432428408594,75
314,0,18,1094.28,1100.7489259662395,75
314,0,19,758.5066666666667,766.8124743661729,75
314,0,20,626.7466666666667,629.417897619823,75
314,0,21,688.04,691.5690502005948,75
314,0,22,526.5066666666667,523.5212198881269,75
314,0,23,266.04,265.8969654542743,75
314,1,0,82.88,86.45665852869566,75
314,1,1,34.4,35.56147032374942,75
314,1,2,12.266666666666667,13.967287072179646,75
314,1,3,5.041666666666667,5.943031598174837,72
314,1,4,13.693333333333333,11.988486345067288,75
314,1,5,47.82666666666667,43.96673888655937,75
314,1,6,144.90666666666667,144.92626187769247,75
314,1,7,498.92,505.54614655724,75
314,1,8,1173.96,1134.876273826443,75
314,1,9,795.3733333333333,784.4485555377269,75
314,1,10,516.88,531.2219862408717,75
314,1,11,508.18666666666667,534.4431249758603,75
314,1,12,593.92,608.4099138613022,75
314,1,13,669.0133333333333,700.9096416658471,75
314,1,14,1115.5066666666667,1157.6564068733906,75
314,1,15,1720.4,1677.6181240771446,75
314,1,16,1528.9866666666667,1589.7830279954721,75
314,1,17,1643.7733333333333,1680.2430508166506,75
314,1,18,1320.6666666666667,1338.6536401179517,75
314,1,19,840.52,925.9266937137228,75
314,1,20,759.36,736.2701161260126,75
314,1,21,1030.8,1100.4416864694485,75
314,1,22,965.9733333333334,918.0447133462214,75
314,1,23,361.38666666666666,368.0776699402716,75
314,2,0,100.38157894736842,98.4728337196906,76
314,2,1,36.30263157894737,39.21133124622931,76
314,2,2,17.80263157894737,16.214105477422844,76
314,2,3,6.421052631578948,6.338519933381196,76
314,2,4,11.578947368421053,12.06839658340307,76
314,2,5,44.43421052631579,43.05040493348243,76
314,2,6,148.1184210526316,143.16381523165464,76
314,2,7,495.5394736842105,500.6528822665024,76
314,2,8,1146.5526315789473,1119.4805688046802,76
314,2,9,792.2236842105264,773.9845567612538,76
314,2,10,526.6052631578947,529.245512040699,76
314,2,11,538.6315789473684,549.8294585408785,76
314,2,12,624.7763157894736,617.0767403796972,76
314,2,13,722.75,706.8343671437694,76
314,2,14,1132.421052631579,1152.732092930973,76
314,2,15,1681.8026315789473,1673.8235759974982,76
314,2,16,1607.578947368421,1584.8709894984618,76
314,2,17,1757.092105263158,1681.233870472433,76
314,2,18,1336.75,1325.455016469761,76
314,2,19,883.6578947368421,919.4896326624022,76
314,2,20,745.078947368421,732.0165964200372,76
314,2,21,1062.157894736842,1099.949527209446,76
314,2,22,884.7894736842105,918.369969895327,76
314,2,23,467.6842105263158,411.3971288091919,76
314,3,0,102.88,100.64193817767939,75
314,3,1,44.54666666666667,42.57202356656453,75
314,3,2,13.733333333333333,15.95382143539396,75
314,3,3,6.8933333333333335,6.872065163410751,75
314,3,4,12.28,12.133629311203975,75
314,3,5,43.413333333333334,42.71156858959467,75
314,3,6,138.12,140.50136907984725,75
314,3,7,467.08,488.43646541837484,75
314,3,8,1061.56,1065.3141883217093,75
314,3,9,771.1466666666666,757.3769995291419,75
314,3,10,560.1733333333333,536.1680583274872,75
314,3,11,550.5466666666666,545.8580875038623,75
314,3,12,619.2666666666667,614.6544161743702,75
314,3,13,672.12,697.2052756026444,75
314,3,14,1117.0133333333333,1136.0072018058966,75
314,3,15,1661.8933333333334,1652.321125796479,75
314,3,16,1540.4666666666667,1552.7585688793938,75
314,3,17,1605.8666666666666,1637.3068418816204,75
314,3,18,1314.7733333333333,1312.2609160728425,75
314,3,19,887.2266666666667,910.2993313814269,75
314,3,20,801.0533333333333,730.4654510834647,75
314,3,21,1236.4533333333334,1140.3416115440336,75
314,3,22,926.5066666666667,917.3460657932496,75
314,3,23,340.44,410.6752207950936,75
314,4,0,116.72,110.91691678768431,75
314,4,1,45.12,44.70545822545126,75
314,4,2,21.10810810810811,19.840361905326436,74
314,4,3,8.933333333333334,7.843263819011205,75
314,4,4,13.253333333333334,12.125205339095462,75
314,4,5,38.266666666666666,38.08312545678178,75
314,4,6,116.17333333333333,117.89691451501766,75
314,4,7,365.41333333333336,370.33783457672126,75
314,4,8,670.0666666666667,684.4642129814412,75
314,4,9,529.8666666666667,534.1606856377015,75
314,4,10,477.37333333333333,532.3728272955224,75
314,4,11,537.7466666666667,539.7931208374407,75
314,4,12,674.4266666666666,641.242468652034,75
314,4,13,804.2666666666667,756.2431528054886,75
314,4,14,1190.4666666666667,1151.8428409947662,75
314,4,15,1666.52,1643.9651716957483,75
314,4,16,1434.5066666666667,1446.5262365424264,75
314,4,17,1435.9066666666668,1455.2264998938717,75
314,4,18,1242.2666666666667,1229.510767172528,75
314,4,19,884.08,922.6395747507983,75
314,4,20,743.3866666666667,747.6131694878355,75
314,4,21,1160.7466666666667,1127.4799153322538,75
314,4,22,1175.7066666666667,954.2036177421592,75
314,4,23,524.7066666666667,478.294975172517,75
314,5,0,175.42666666666668,172.82048115012677,75
314,5,1,73.14666666666666,74.0537802540469,75
314,5,2,20.333333333333332,21.250189525840565,75
314,5,3,7.243243243243243,7.27236750944148,74
314,5,4,8.716216216216216,9.310787031123027,74
314,5,5,22.386666666666667,21.862405873097625,75
314,5,6,50.21333333333333,50.16605650802847,75
314,5,7,101.05333333333333,100.02801961833711,75
314,5,8,198.37333333333333,196.08770442286067,75
314,5,9,296.24,297.55746316237816,75
314,5,10,413.96,416.3309079379332,75
314,5,11,538.5333333333333,534.582128436508,75
314,5,12,682.9866666666667,677.8405996375964,75
314,5,13,772.64,747.8821093582255,75
314,5,14,773.6533333333333,867.4677450241196,75
314,5,15,972.12,1005.4464764534486,75
314,5,16,1347.2533333333333,1312.9337469733082,75
314,5,17,1104.1066666666666,1060.7814904280187,75
314,5,18,932.3466666666667,937.7248013529683,75
314,5,19,756.4,762.62988740837,75
314,5,20,623.5066666666667,616.7950952519896,75
314,5,21,1119.3066666666666,1041.4693489907156,75
314,5,22,881.16,871.4550638526649,75
314,5,23,753.68,712.7109574598815,75
314,6,0,166.6,165.87098515603702,75
314,6,1,68.73333333333333,72.94636827016727,75
314,6,2,21.04054054054054,21.02942963338237,74
314,6,3,6.905405405405405,7.243122433685281,74
314,6,4,8.773333333333333,9.20062105176339,75
314,6,5,18.413333333333334,19.252609537421975,75
314,6,6,40.84,39.58186620473278,75
314,6,7,72.58666666666667,73.8389092431203,75
314,6,8,143.42666666666668,143.09646030027878,75
314,6,9,226.4,225.75277471134402,75
314,6,10,345.1066666666667,336.363583607039,75
314,6,11,467.16,452.6451997833931,75
314,6,12,601.7466666666667,597.3088460548603,75
314,6,13,610.9466666666667,609.0622492665519,75
314,6,14,647.8,661.5859962497443,75
314,6,15,777.08,779.3386891607392,75
314,6,16,835.1733333333333,832.7564155488923,75
314,6,17,952.5733333333334,887.0603844033708,75
314,6,18,933.4533333333334,882.4833879472826,75
314,6,19,578.84,559.3923673800723,75
314,6,20,406.24,404.02736477207196,75
314,6,21,406.02666666666664,394.4709120095251,75
314,6,22,301.7733333333333,301.00785287349487,75
314,6,23,141.92,151.73950882218733,75
316,0,0,199.34666666666666,200.82656052721194,75
316,0,1,75.65333333333334,78.12602613579833,75
316,0,2,38.84,39.860973323604185,75
316,0,3,25.466666666666665,25.09122927860545,75
316,0,4,25.866666666666667,26.735285070161844,75
316,0,5,37.24,37.75359939601853,75
316,0,6,90.85333333333334,92.3018658087418,75
316,0,7,293.36,296.89745752391025,75
316,0,8,667.8666666666667,688.1155035814686,75
316,0,9,656.3733333333333,662.7878142459682,75
316,0,10,592.28,605.450253566955,75
316,0,11,565.1466666666666,559.7376403704515,75
316,0,12,597.0666666666667,612.7166310497087,75
316,0,13,644.5866666666667,657.1766528169773,75
316,0,14,870.1466666666666,866.8195229798266,75
316,0,15,1156.1733333333334,1183.9671290395245,75
316,0,16,1655.7866666666666,1671.56073477715,75
316,0,17,2688.9733333333334,2683.8490155987206,75
316,0,18,1973.4266666666667,1953.9412204030334,75
316,0,19,1120.9466666666667,1101.8595875339977,75
316,0,20,817.2133333333334,825.7202380789602,75
316,0,21,844.0666666666667,843.1818154956098,75
316,0,22,617.9866666666667,630.2719656664605,75
316,0,23,383.41333333333336,376.3242504443573,75
316,1,0,283.7733333333333,281.4527745355398,75
316,1,1,89.42666666666666,88.65824714337384,75
316,1,2,42.333333333333336,39.7214731735451,75
316,1,3,24.04,24.812059091177108,75
316,1,4,24.893333333333334,26.51540130756013,75
316,1,5,44.50666666666667,45.022009268183254,75
316,1,6,94.89333333333333,98.23488992603619,75
316,1,7,330.52,323.4531961727892,75
316,1,8,690.4533333333334,739.1170635621753,75
316,1,9,696.8,716.0696034930428,75
316,1,10,621.9866666666667,641.9630268308875,75
316,1,11,579.2,609.4354354100567,75
316,1,12,642.04,681.1849886188152,75
316,1,13,715.5333333333333,745.9800749617104,75
316,1,14,973.3733333333333,987.2094915865817,75
316,1,15,1320.9866666666667,1374.9962895322626,75
316,1,16,2014.9466666666667,2047.1715954491415,75
316,1,17,3509.866666666667,3529.9636215095657,75
316,1,18,2485.9333333333334,2463.1037138175598,75
316,1,19,1396.5066666666667,1286.6398796248452,75
316,1,20,1042.3466666666666,1011.8298615537461,75
316,1,21,1504.3733333333332,1370.274534556279,75
316,1,22,1023.84,1183.9880103680164,75
316,1,23,465.8666666666667,469.403342975214,75
316,2,0,321.9868421052632,322.44135296581453,76
316,2,1,110.69736842105263,110.70442508057648,76
316,2,2,48.9078947368421,47.38562250489081,76
316,2,3,28.19736842105263,29.01839880710216,76
316,2,4,29.18421052631579,29.029909598130764,76
316,2,5,45.93421052631579,45.319932470441735,76
316,2,6,93.0,97.26982325364251,76
316,2,7,320.7894736842105,320.27724956840746,76
316,2,8,724.078947368421,735.6036847290468,76
316,2,9,724.2236842105264,720.4937523466313,76
316,2,10,625.7763157894736,643.4853552535088,76
316,2,11,591.4473684210526,616.5123302070862,76
316,2,12,670.1842105263158,687.4707478913006,76
316,2,13,786.2368421052631,764.6957321853876,76
316,2,14,987.5394736842105,989.3363717248,76
316,2,15,1384.421052631579,1372.4218318907706,76
316,2,16,2206.1052631578946,2094.8914273399337,76
316,2,17,3501.5394736842104,3473.1365718129496,76
316,2,18,2448.3289473684213,2417.755068661471,76
316,2,19,1427.092105263158,1277.441225992148,76
316,2,20,1031.592105263158,1008.7172896073215,76
316,2,21,1254.157894736842,1352.2523928476107,76
316,2,22,1200.921052631579,1210.5903599261612,76
316,2,23,549.2236842105264,562.2983126050876,76
316,3,0,344.62666666666667,348.1096875306405,75
316,3,1,119.76,117.36985006469558,75
316,3,2,57.48,52.095320156003005,75
316,3,3,32.45333333333333,33.757715241160874,75
316,3,4,30.56,31.509186328111124,75
316,3,5,46.026666666666664,46.258525178296345,75
316,3,6,95.73333333333333,96.8314564046098,75
316,3,7,313.74666666666667,315.14382909800406,75
316,3,8,664.6133333333333,710.6058533421989,75
316,3,9,694.7027027027027,700.8699529532544,74
316,3,10,633.24,639.7262205996121,75
316,3,11,620.2133333333334,619.6877375245118,75
316,3,12,667.8266666666667,687.075806445511,75
316,3,13,751.0133333333333,757.3349429776737,75
316,3,14,1017.6266666666667,981.2858750054999,75
316,3,15,1367.76,1371.227872832756,75
316,3,16,2003.0133333333333,2015.546443506077,75
316,3,17,3134.346666666667,3139.540109153221,75
316,3,18,2326.9466666666667,2370.699044465132,75
316,3,19,1398.7066666666667,1274.9519799970915,75
316,3,20,1062.24,1021.9464887838739,75
316,3,21,1536.08,1370.0306488972478,75
316,3,22,1218.68,1220.218930489191,75
316,3,23,581.3866666666667,568.8299265715007,75
316,4,0,376.3066666666667,384.4592040952181,75
316,4,1,144.10666666666665,142.11511123909509,75
316,4,2,69.89333333333333,64.47728782867972,75
316,4,3,40.44,41.998369522921145,75
316,4,4,36.10666666666667,36.09150243498734,75
316,4,5,48.266666666666666,48.617865191408924,75
316,4,6,90.62666666666667,94.42743003568235,75
316,4,7,290.93333333333334,293.2701031719375,75
316,4,8,580.08,562.6191528781343,75
316,4,9,668.1333333333333,666.8409952591784,75
316,4,10,658.64,643.4004832882608,75
316,4,11,628.4933333333333,632.9225353609714,75
316,4,12,679.1466666666666,698.1497366437826,75
316,4,13,766.52,768.0944195799494,75
316,4,14,1007.32,995.0371502734024,75
316,4,15,1313.48,1365.414284706762,75
316,4,16,1647.72,1655.0802662447013,75
316,4,17,1905.7466666666667,1907.9109032438143,75
316,4,18,1436.7733333333333,1429.68187966381,75
316,4,19,1054.2133333333334,1240.126243501607,75
316,4,20,918.6133333333333,1016.3910334707608,75
316,4,21,1385.6933333333334,1365.7201107298536,75
316,4,22,1379.7866666666666,1238.96238508993,75
316,4,23,755.0,760.5260135607475,75
316,5,0,519.7466666666667,504.8024198517348,75
316,5,1,228.49333333333334,227.64238863055357,75
316,5,2,120.41891891891892,123.77414358002866,74
316,5,3,68.08,67.42046880267608,75
316,5,4,52.373333333333335,52.24228488163279,75
316,5,5,38.626666666666665,39.47833756335767,75
316,5,6,71.34666666666666,70.57461888964298,75
316,5,7,162.56,183.40286454557182,75
316,5,8,417.41333333333336,417.46023821586675,75
316,5,9,569.44,572.3261389602026,75
316,5,10,671.28,670.3154344264402,75
316,5,11,666.16,661.7905288187416,75
316,5,12,691.12,693.0755018852705,75
316,5,13,716.72,724.233383121174,75
316,5,14,819.0933333333334,867.0924697480559,75
316,5,15,947.7466666666667,951.2451184917934,75
316,5,16,1467.6533333333334,1428.9901379371613,75
316,5,17,1263.4,1272.590721173709,75
316,5,18,1032.1066666666666,1049.7207199209522,75
316,5,19,933.5466666666666,945.7012208461579,75
316,5,20,815.12,848.8595466776142,75
316,5,21,962.96,937.6833108767498,75
316,5,22,1598.4133333333334,1587.5783586345374,75
316,5,23,934.5466666666666,917.5210530919875,75
316,6,0,471.92,479.8972869809204,75
316,6,1,233.06666666666666,231.0128504874573,75
316,6,2,121.37837837837837,120.86066378358232,74
316,6,3,76.48,72.3010061819921,75
316,6,4,62.13333333333333,60.11144127690626,75
316,6,5,40.48,39.463717825558355,75
316,6,6,81.98666666666666,80.76329389223088,75
316,6,7,147.49333333333334,147.90696979024182,75
316,6,8,361.6933333333333,367.05109687146665,75
316,6,9,521.6,535.035287249435,75
316,6,10,565.88,572.5441211286601,75
316,6,11,599.44,586.589328477868,75
316,6,12,698.8933333333333,676.3740238507381,75
316,6,13,626.2266666666667,659.3580796286892,75
316,6,14,685.1066666666667,718.74806939353,75
316,6,15,908.3333333333334,887.4291498770526,75
316,6,16,1116.6933333333334,1084.2809312668455,75
316,6,17,1207.6533333333334,1209.5980459196437,75
316,6,18,954.52,941.7343240169735,75
316,6,19,698.9733333333334,736.2819655753109,75
316,6,20,609.4533333333334,621.8111757752903,75
316,6,21,750.5866666666667,722.759980629986,75
316,6,22,591.8266666666667,606.4193378045798,75
316,6,23,342.7866666666667,337.8573860080386,75
318,0,0,479.50666666666666,493.72372895529816,75
318,0,1,185.06666666666666,184.77544878617346,75
318,0,2,96.12,94.22882972527842,75
318,0,3,49.24,48.16902136569345,75
318,0,4,103.69333333333333,105.2711528303131,75
318,0,5,806.16,807.9425724236806,75
318,0,6,2166.5866666666666,2179.153440232548,75
318,0,7,4676.013333333333,4732.064394944914,75
318,0,8,5764.013333333333,5826.973350380481,75
318,0,9,3878.2266666666665,3904.553228024847,75
318,0,10,2143.72,2157.50163639777,75
318,0,11,1878.44,1882.1283715447578,75
318,0,12,1829.4,1856.9066811725754,75
318,0,13,2045.56,2058.5329388368787,75
318,0,14,2172.4266666666667,2234.1654902462847,75
318,0,15,2506.4933333333333,2490.689296234268,75
318,0,16,3032.733333333333,3048.686664387434,75
318,0,17,4197.12,4204.104855878465,75
318,0,18,3330.9333333333334,3315.126875001227,75
318,0,19,2370.8933333333334,2402.7346173320434,75
318,0,20,1802.1466666666668,1844.5029792617886,75
318,0,21,1794.96,1807.5875372525084,75
318,0,22,1707.1866666666667,1625.8149890859538,75
318,0,23,950.88,877.9877245458118,75
318,1,0,473.49333333333334,463.29264562656726,75
318,1,1,175.50666666666666,174.32907617468715,75
318,1,2,88.82666666666667,90.5813305204693,75
318,1,3,49.77333333333333,50.2017253135265,75
318,1,4,111.70666666666666,111.27769202271983,75
318,1,5,929.3866666666667,955.5182202685304,75
318,1,6,2530.5333333333333,2552.769785549457,75
318,1,7,5818.746666666667,5846.983426233426,75
318,1,8,7987.24,8039.745009638999,75
318,1,9,5206.48,5224.6172974610045,75
318,1,10,2470.32,2418.0260885947923,75
318,1,11,2001.6933333333334,2001.2734675074191,75
318,1,12,1925.3333333333333,1990.8435886538261,75
318,1,13,2105.4533333333334,2139.785083165501,75
318,1,14,2275.653333333333,2287.0616108963286,75
318,1,15,2618.6,2669.588081529614,75
318,1,16,3443.48,3434.381684788527,75
318,1,17,5167.92,5089.978311200205,75
318,1,18,4101.746666666667,4022.3035689981175,75
318,1,19,2612.3866666666668,2691.9276352065317,75
318,1,20,1973.52,2025.4750225243213,75
318,1,21,1996.1866666666667,1995.1674250132028,75
318,1,22,1717.8666666666666,1797.6770428935877,75
318,1,23,1016.7333333333333,1074.479034842632,75
318,2,0,497.07894736842104,494.70899579473496,76
318,2,1,206.94736842105263,204.11421669735984,76
318,2,2,101.09210526315789,107.73980905469357,76
318,2,3,57.0921052631579,56.670183815088926,76
318,2,4,113.25,113.12631018060677,76
318,2,5,921.3026315789474,944.0555897485716,76
318,2,6,2536.7368421052633,2526.779044738389,76
318,2,7,5641.960526315789,5658.513826092722,76
318,2,8,7889.6973684210525,7902.080399198534,76
318,2,9,5181.934210526316,5171.183520522594,76
318,2,10,2439.9473684210525,2393.7834075056685,76
318,2,11,2088.934210526316,2040.614383022209,76
318,2,12,2004.6447368421052,2033.4905862803414,76
318,2,13,2203.2105263157896,2215.685906295164,76
318,2,14,2282.0,2292.181412686491,76
318,2,15,2688.315789473684,2694.7822605300526,76
318,2,16,3456.3289473684213,3425.4857229206123,76
318,2,17,5129.355263157895,5036.697096920878,76
318,2,18,4064.75,3984.019677463641,76
318,2,19,2688.092105263158,2693.5020985846472,76
318,2,20,2027.921052631579,2043.9713511281034,76
318,2,21,2029.2105263157894,2014.562894835522,76
318,2,22,1878.171052631579,1909.2168762152646,76
318,2,23,1119.75,1119.4238693425905,76
318,3,0,574.8266666666667,575.9969465696115,75
318,3,1,232.57333333333332,220.60528068192284,75
318,3,2,111.22666666666667,112.97610233267886,75
318,3,3,61.53333333333333,60.71925234320689,75
318,3,4,114.37333333333333,113.22921993826829,75
318,3,5,902.52,925.3078671674552,75
318,3,6,2387.8,2396.793174885104,75
318,3,7,5281.213333333333,5292.661303370579,75
318,3,8,7010.413333333333,6998.542073854419,75
318,3,9,4820.2,4848.359646579403,75
318,3,10,2374.6,2354.836121583441,75
318,3,11,2052.306666666667,2020.9083276394363,75
318,3,12,1972.2266666666667,2018.3447330877632,75
318,3,13,2212.5466666666666,2208.6930203063007,75
318,3,14,2374.5466666666666,2377.5687222079987,75
318,3,15,2730.0266666666666,2730.0255602946386,75
318,3,16,3451.866666666667,3400.1554300794514,75
318,3,17,4925.546666666667,4941.085692517171,75
318,3,18,3982.12,3937.958617717659,75
318,3,19,2735.9733333333334,2687.4068051569316,75
318,3,20,2064.56,2043.8534231948438,75
318,3,21,2085.346666666667,2043.9305638798483,75
318,3,22,1922.0,1989.0454855901403,75
318,3,23,1202.1733333333334,1229.2757149607332,75
318,4,0,706.4666666666667,737.0626647740739,75
318,4,1,256.3066666666667,255.2215354491664,75
318,4,2,117.88,123.26931213446689,75
318,4,3,63.973333333333336,63.49486179124901,75
318,4,4,110.76,110.9266628653495,75
318,4,5,803.9866666666667,796.2046020204975,75
318,4,6,1929.0666666666666,1938.2380193273743,75
318,4,7,3563.9733333333334,3645.832598226751,75
318,4,8,3903.2266666666665,3927.658039889394,75
318,4,9,2899.3733333333334,2919.739901727703,75
318,4,10,2014.9066666666668,2142.8118751770876,75
318,4,11,1961.84,2017.0937428701386,75
318,4,12,1998.7733333333333,2019.872486784639,75
318,4,13,2322.36,2263.77706653969,75
318,4,14,2530.0133333333333,2521.675830740236,75
318,4,15,2905.3333333333335,2835.154078897336,75
318,4,16,3344.4666666666667,3423.280950827107,75
318,4,17,3915.9866666666667,3861.6434674443326,75
318,4,18,3429.08,3427.784457975894,75
318,4,19,2671.4533333333334,2689.8114610714983,75
318,4,20,1998.7333333333333,2052.255311571549,75
318,4,21,2001.08,2050.9850784884975,75
318,4,22,2246.786666666667,2218.886753644256,75
318,4,23,1532.5333333333333,1341.8077204575945,75
318,5,0,929.0,911.412261349201,75
318,5,1,406.84,389.5394583725456,75
318,5,2,196.78666666666666,193.22511754987684,75
318,5,3,114.05333333333333,111.43702799715408,75
318,5,4,111.52,108.87859317570543,75
318,5,5,204.86666666666667,207.09818198074376,75
318,5,6,586.7866666666666,582.346718071715,75
318,5,7,724.8,721.7116081583052,75
318,5,8,1081.52,1081.3629649338302,75
318,5,9,1423.7866666666666,1431.6787145790838,75
318,5,10,1723.0,1728.2675683994962,75
318,5,11,2174.5333333333333,2190.894967816999,75
318,5,12,2435.9066666666668,2410.8367472585196,75
318,5,13,2673.5333333333333,2607.815549040466,75
318,5,14,2648.9733333333334,2608.981306434544,75
318,5,15,2799.52,2842.086190253124,75
318,5,16,2904.3333333333335,2854.0809381648396,75
318,5,17,2881.8933333333334,2914.441753055024,75
318,5,18,2849.4133333333334,2840.761993283551,75
318,5,19,2449.88,2508.4217372224175,75
318,5,20,2015.8533333333332,2013.6841250532746,75
318,5,21,1997.8666666666666,2010.9015281176353,75
318,5,22,2137.72,2087.4874476933614,75
318,5,23,1587.5466666666666,1584.124043817152,75
318,6,0,855.8933333333333,867.2417120928066,75
318,6,1,421.0933333333333,423.45902025737627,75
318,6,2,206.82432432432432,207.66270000741616,74
318,6,3,107.36,109.59688461124588,75
318,6,4,108.6,105.20777544178596,75
318,6,5,141.38666666666666,141.24502597977886,75
318,6,6,413.26666666666665,409.07327249762443,75
318,6,7,525.3466666666667,526.3245063929897,75
318,6,8,793.4133333333333,793.1001302337162,75
318,6,9,1182.8666666666666,1187.7060239704906,75
318,6,10,1421.4666666666667,1437.0850315893279,75
318,6,11,1757.88,1778.2738815563014,75
318,6,12,2009.6933333333334,2003.5410874374547,75
318,6,13,2227.6,2214.2730820365246,75
318,6,14,2407.16,2368.2022872524935,75
318,6,15,2319.2266666666665,2316.119503453334,75
318,6,16,2461.4666666666667,2460.4977522846752,75
318,6,17,2652.92,2692.6619546793327,75
318,6,18,2449.44,2430.75757004824,75
318,6,19,2186.9466666666667,2194.4122980895904,75
318,6,20,1985.44,1976.3130882176893,75
318,6,21,1931.3466666666666,1928.3077444977255,75
318,6,22,1421.72,1422.127235464644,75
318,6,23,881.7733333333333,876.3134840485002,75
319,0,0,55.36,53.4387596945824,75
319,0,1,28.626666666666665,27.62116330171079,75
319,0,2,17.426666666666666,14.704378849102426,75
319,0,3,11.808219178082192,10.550352842427847,73
319,0,4,17.0,14.349756667348911,75
319,0,5,24.946666666666665,24.95611988680917,75
319,0,6,63.49333333333333,63.85952715498599,75
319,0,7,223.66666666666666,222.97065366299518,75
319,0,8,533.48,535.7815685456077,75
319,0,9,565.6266666666667,571.0604629146219,75
319,0,10,475.6533333333333,474.5670309814963,75
319,0,11,432.92,429.32124232616496,75
319,0,12,450.06666666666666,442.7631457387663,75
319,0,13,426.5466666666667,439.04126703046427,75
319,0,14,502.1333333333333,491.03167175930247,75
319,0,15,627.8133333333334,614.9343128046438,75
319,0,16,825.6266666666667,790.3845212014418,75
319,0,17,1155.5333333333333,1114.8244788478653,75
319,0,18,938.2,913.3330908290633,75
319,0,19,573.6133333333333,568.560785172621,75
319,0,20,485.92,462.6026954145949,75
319,0,21,409.72,381.60528256372913,75
319,0,22,227.48,229.27283124266717,75
319,0,23,159.69333333333333,145.42256287496335,75
319,1,0,73.54666666666667,72.2313792941088,75
319,1,1,25.706666666666667,27.17174895660759,75
319,1,2,12.333333333333334,13.43383704200377,75
319,1,3,7.72,8.500007224380784,75
319,1,4,9.6,11.104430357726171,75
319,1,5,22.893333333333334,24.855931935195535,75
319,1,6,72.06666666666666,72.85052071364552,75
319,1,7,255.84,258.51345550325806,75
319,1,8,626.8133333333334,639.9847779439076,75
319,1,9,617.7066666666667,622.4826020843655,75
319,1,10,490.14666666666665,525.243008054485,75
319,1,11,468.61333333333334,467.5090067126501,75
319,1,12,505.04,490.02634021153597,75
319,1,13,489.0133333333333,482.79507125551754,75
319,1,14,542.5466666666666,535.1055000349913,75
319,1,15,687.9333333333333,692.4512729937705,75
319,1,16,981.4666666666667,943.357476606584,75
319,1,17,1470.68,1430.2283522610016,75
319,1,18,1199.24,1175.425886052664,75
319,1,19,703.6533333333333,682.579117388648,75
319,1,20,554.9733333333334,528.3449555058535,75
319,1,21,468.18666666666667,429.6582084514791,75
319,1,22,269.41333333333336,288.02583819180336,75
319,1,23,176.37333333333333,187.3735329684587,75
319,2,0,89.96052631578948,92.18768530114836,76
319,2,1,37.85526315789474,38.470811163694364,76
319,2,2,17.88157894736842,16.23540853748345,76
319,2,3,9.236842105263158,9.607827679797806,76
319,2,4,9.473684210526315,11.35146261459253,76
319,2,5,27.013157894736842,26.465504990009972,76
319,2,6,74.52631578947368,72.80275262871797,76
319,2,7,245.3421052631579,256.1016886546824,76
319,2,8,623.0526315789474,633.6718457621881,76
319,2,9,608.0,617.3367325332896,76
319,2,10,487.35526315789474,525.106567431251,76
319,2,11,471.42105263157896,469.3548548867431,76
319,2,12,515.7894736842105,497.44189606661615,76
319,2,13,505.1578947368421,489.63025243170995,76
319,2,14,562.2894736842105,544.3730143270245,76
319,2,15,726.7236842105264,686.1749207822564,76
319,2,16,952.578947368421,929.4833749807107,76
319,2,17,1450.1447368421052,1404.7395945303747,76
319,2,18,1224.078947368421,1168.453557210809,76
319,2,19,741.1842105263158,674.6197595590247,76
319,2,20,574.9736842105264,523.9768634972203,76
319,2,21,484.14473684210526,426.3673281518269,76
319,2,22,308.89473684210526,289.5307313534,76
319,2,23,215.5,193.5041201321615,76
319,3,0,101.02666666666667,94.58183274159221,75
319,3,1,48.053333333333335,43.72786984891495,75
319,3,2,25.666666666666668,24.120896802629378,75
319,3,3,13.106666666666667,11.767695936479077,75
319,3,4,13.24,12.38800302511706,75
319,3,5,27.893333333333334,26.61796166295859,75
319,3,6,72.93333333333334,71.93716247736427,75
319,3,7,239.06666666666666,251.59973629093142,75
319,3,8,584.3066666666666,617.2822837506915,75
319,3,9,600.24,606.9888187595564,75
319,3,10,501.73333333333335,522.7946715592337,75
319,3,11,468.5733333333333,465.8249120678613,75
319,3,12,507.6533333333333,493.9610349297513,75
319,3,13,487.26666666666665,483.976731064732,75
319,3,14,555.0933333333334,541.9972513009698,75
319,3,15,692.48,682.3072138476458,75
319,3,16,945.52,918.4451298294474,75
319,3,17,1373.5333333333333,1374.0381318626783,75
319,3,18,1170.16,1145.1812004667017,75
319,3,19,693.84,665.6273917227983,75
319,3,20,578.84,521.1211342581835,75
319,3,21,486.4,435.2776167167752,75
319,3,22,328.64,293.0558749317727,75
319,3,23,212.45333333333335,217.90023747729845,75
319,4,0,115.54666666666667,111.12949346871834,75
319,4,1,50.413333333333334,51.09908169167663,75
319,4,2,27.68,28.392383339436485,75
319,4,3,13.426666666666666,13.75812435888058,75
319,4,4,12.013333333333334,14.635242852505513,75
319,4,5,26.013333333333332,26.31385377015517,75
319,4,6,67.77333333333333,65.9123035208818,75
319,4,7,217.28,210.6174344014763,75
319,4,8,471.18666666666667,463.4412650871324,75
319,4,9,544.7866666666666,550.4075788504321,75
319,4,10,509.12,529.2938815249717,75
319,4,11,473.2266666666667,469.89394941532055,75
319,4,12,499.37333333333333,501.2515508340546,75
319,4,13,505.7733333333333,490.2509639596005,75
319,4,14,563.3466666666667,566.425033667304,75
319,4,15,702.1866666666666,686.0981400106849,75
319,4,16,829.5866666666667,910.2364209234846,75
319,4,17,1031.68,1027.4711196311816,75
319,4,18,929.0533333333333,939.8553934789722,75
319,4,19,592.6933333333334,660.0303950688086,75
319,4,20,450.04,523.489801311027,75
319,4,21,363.9866666666667,439.84771223323673,75
319,4,22,325.0933333333333,304.65874636096703,75
319,4,23,261.38666666666666,240.54310431643376,75
319,5,0,163.34666666666666,157.08983805327884,75
319,5,1,100.36,104.01616174261758,75
319,5,2,70.05333333333333,73.45598242059502,75
319,5,3,47.77333333333333,46.76796994416669,75
319,5,4,26.4,26.503878420704055,75
319,5,5,19.053333333333335,19.495128755851347,75
319,5,6,39.88,39.26269496705313,75
319,5,7,91.45333333333333,90.67780857896706,75
319,5,8,234.02666666666667,235.1657118134592,75
319,5,9,394.14666666666665,387.55399009461775,75
319,5,10,457.7733333333333,460.46101785343075,75
319,5,11,470.1333333333333,466.4472647453481,75
319,5,12,485.08,495.2723149586545,75
319,5,13,505.4266666666667,498.257146642653,75
319,5,14,481.52,509.0219561036305,75
319,5,15,533.44,545.4215474092234,75
319,5,16,574.36,578.1880048766902,75
319,5,17,568.0,583.2718943147595,75
319,5,18,565.2533333333333,571.1995416675529,75
319,5,19,495.73333333333335,508.8986225019427,75
319,5,20,341.56,377.95992819007097,75
319,5,21,300.74666666666667,321.85886264882157,75
319,5,22,283.74666666666667,274.86521356243696,75
319,5,23,241.78666666666666,247.75715000893658,75
319,6,0,160.6,157.5642076554063,75
319,6,1,109.81333333333333,104.77261620819215,75
319,6,2,75.67567567567568,72.61920109020168,74
319,6,3,50.81333333333333,48.87837595052299,75
319,6,4,37.38666666666666,36.02173964968723,75
319,6,5,19.453333333333333,18.906449829726554,75
319,6,6,38.85333333333333,39.263826643244016,75
319,6,7,74.78666666666666,74.45152490059934,75
319,6,8,193.84,195.04444194821568,75
319,6,9,335.1066666666667,335.0002980368476,75
319,6,10,383.70666666666665,384.77387260408426,75
319,6,11,375.0,392.90615077918045,75
319,6,12,380.37333333333333,383.21015443584236,75
319,6,13,377.92,385.0716126054737,75
319,6,14,387.04,390.02775270658674,75
319,6,15,384.38666666666666,388.61524132209036,75
319,6,16,385.61333333333334,390.61180416411764,75
319,6,17,414.93333333333334,411.9067631294976,75
319,6,18,394.06666666666666,395.9526393084358,75
319,6,19,293.97333333333336,293.68520766695775,75
319,6,20,243.90666666666667,279.34726492533196,75
319,6,21,196.45333333333335,206.3465710050528,75
319,6,22,157.42666666666668,161.99727206628037,75
319,6,23,110.72,120.94053106275008,75
320,0,0,68.81333333333333,69.33103157270862,75
320,0,1,26.893333333333334,27.242583850652462,75
320,0,2,15.933333333333334,13.694811086107883,75
320,0,3,10.48,8.933300043178585,75
320,0,4,14.6,11.887853822113515,75
320,0,5,30.173333333333332,30.2294556192604,75
320,0,6,72.26666666666667,76.844611356067,75
320,0,7,250.33333333333334,252.0305309966564,75
320,0,8,556.2133333333334,565.4622947864723,75
320,0,9,487.61333333333334,489.93818483256047,75
320,0,10,365.92,360.4350191759553,75
320,0,11,353.17333333333335,359.9429442217821,75
320,0,12,389.64,398.6464592554836,75
320,0,13,426.49333333333334,432.25475199564664,75
320,0,14,509.3333333333333,536.9754207974005,75
320,0,15,764.4933333333333,763.00495272282,75
320,0,16,785.0,793.3001244452556,75
320,0,17,960.04,941.4817236380878,75
320,0,18,892.5066666666667,906.0887346354268,75
320,0,19,614.0533333333333,605.4103966887143,75
320,0,20,472.32,455.07409191401365,75
320,0,21,359.52,367.3659130427576,75
320,0,22,273.70666666666665,271.1459532905055,75
320,0,23,179.34666666666666,172.2946605570098,75
320,1,0,83.74666666666667,85.32548749085734,75
320,1,1,29.72,28.393334718645328,75
320,1,2,13.533333333333333,12.825915223638546,75
320,1,3,7.226666666666667,8.407160236267844,75
320,1,4,11.733333333333333,10.889939334663042,75
320,1,5,30.013333333333332,30.39628435261439,75
320,1,6,83.50666666666666,86.53556011356673,75
320,1,7,290.14666666666665,277.01629059890894,75
320,1,8,720.48,706.0835694474475,75
320,1,9,614.0133333333333,601.656069645414,75
320,1,10,396.44,400.80841029363614,75
320,1,11,375.05333333333334,397.29126811340706,75
320,1,12,420.6666666666667,454.1736364832187,75
320,1,13,455.44,488.9574475894047,75
320,1,14,564.5466666666666,580.5948978168245,75
320,1,15,796.0,835.1336478516606,75
320,1,16,884.6933333333334,918.5207958442929,75
320,1,17,1170.08,1145.5750380987433,75
320,1,18,1118.68,1098.4450730631065,75
320,1,19,728.2933333333333,728.322332918342,75
320,1,20,560.88,541.9721979346099,75
320,1,21,452.5733333333333,446.0366938098688,75
320,1,22,329.37333333333333,334.74687729144665,75
320,1,23,197.70666666666668,224.84654497371304,75
320,2,0,91.27631578947368,97.5581846387332,76
320,2,1,34.89473684210526,36.07583212710739,76
320,2,2,16.56578947368421,15.788897411392758,76
320,2,3,8.894736842105264,10.459596249313487,76
320,2,4,11.276315789473685,11.240411809776912,76
320,2,5,29.86842105263158,30.472923344019303,76
320,2,6,84.27631578947368,84.10731345276275,76
320,2,7,287.64473684210526,273.4446857057862,76
320,2,8,703.4605263157895,697.8370580788563,76
320,2,9,595.5,592.9352558321349,76
320,2,10,405.4736842105263,400.51104564697914,76
320,2,11,389.11842105263156,398.5258765822022,76
320,2,12,438.7894736842105,456.52273074017774,76
320,2,13,487.86842105263156,503.4264125965019,76
320,2,14,597.4473684210526,588.689110825528,76
320,2,15,817.6447368421053,832.0186077694885,76
320,2,16,891.0131578947369,909.9515415172274,76
320,2,17,1167.092105263158,1135.1089546896,76
320,2,18,1091.671052631579,1078.733102378836,76
320,2,19,748.9342105263158,724.0919063929933,76
320,2,20,580.1052631578947,546.6760441916438,76
320,2,21,456.55263157894734,445.8652232382192,76
320,2,22,360.2236842105263,335.44090653328834,76
320,2,23,228.75,227.9382196685968,76
320,3,0,102.70666666666666,103.72415405206081,75
320,3,1,36.10666666666667,37.634959147397936,75
320,3,2,21.293333333333333,20.797312548664475,75
320,3,3,9.56,10.80934479033376,75
320,3,4,12.013333333333334,11.487000504531126,75
320,3,5,30.56,30.448385319036902,75
320,3,6,82.29333333333334,83.12536833125532,75
320,3,7,276.16,269.88208844599313,75
320,3,8,663.9333333333333,678.9630543909321,75
320,3,9,576.2666666666667,582.8784551135788,75
320,3,10,406.18666666666667,397.4255818442228,75
320,3,11,391.94666666666666,395.8145254005749,75
320,3,12,447.26666666666665,454.39170139612196,75
320,3,13,474.3333333333333,499.3985265598754,75
320,3,14,577.88,581.0703005416254,75
320,3,15,802.44,823.823624686487,75
320,3,16,880.32,897.4471298146851,75
320,3,17,1134.88,1117.6335692303253,75
320,3,18,1108.9466666666667,1071.878199661572,75
320,3,19,743.6533333333333,719.559661199381,75
320,3,20,584.1733333333333,548.6880960612934,75
320,3,21,487.96,453.0903876831663,75
320,3,22,376.8666666666667,349.7040621278058,75
320,3,23,244.2,246.17509437589902,75
320,4,0,120.81333333333333,121.29958563086043,75
320,4,1,51.06666666666667,51.22110420102784,75
320,4,2,27.973333333333333,27.891951210470992,75
320,4,3,15.813333333333333,16.110031497940906,75
320,4,4,16.933333333333334,16.381530920714532,75
320,4,5,29.626666666666665,30.17508785602439,75
320,4,6,70.90666666666667,73.34813954219412,75
320,4,7,220.48,235.74668185305953,75
320,4,8,450.7733333333333,448.22021928893497,75
320,4,9,438.92,447.3488601170702,75
320,4,10,385.4266666666667,403.3675827062995,75
320,4,11,396.3066666666667,402.45741569676716,75
320,4,12,444.49333333333334,461.8939986354092,75
320,4,13,499.24,508.1045204157717,75
320,4,14,625.5733333333334,646.0256904869913,75
320,4,15,849.0933333333334,840.3833499512227,75
320,4,16,869.3066666666666,904.6312849902708,75
320,4,17,953.9333333333333,962.1704859260169,75
320,4,18,924.6533333333333,949.3331433228466,75
320,4,19,694.8266666666667,729.2704768682626,75
320,4,20,531.2533333333333,555.2761232625653,75
320,4,21,435.24,460.6406792592655,75
320,4,22,409.06666666666666,399.00139556111645,75
320,4,23,329.38666666666666,299.8008618966789,75
320,5,0,212.33333333333334,202.0585501247403,75
320,5,1,103.93333333333334,103.96033749754233,75
320,5,2,60.25675675675676,60.083314197098275,74
320,5,3,35.891891891891895,37.362497269295844,74
320,5,4,26.053333333333335,27.561493559589124,75
320,5,5,27.746666666666666,26.42921076288572,75
320,5,6,44.08,43.46529081958916,75
320,5,7,95.16,139.8627646762983,75
320,5,8,180.14666666666668,180.2061676361567,75
320,5,9,303.32,305.4737083989566,75
320,5,10,418.05333333333334,427.18920341231905,75
320,5,11,488.05333333333334,468.66507338000946,75
320,5,12,580.56,561.3848024637629,75
320,5,13,650.2,643.4943513013692,75
320,5,14,686.36,684.6243523308774,75
320,5,15,747.8133333333334,762.8329748993128,75
320,5,16,772.8133333333334,769.444681676402,75
320,5,17,754.6533333333333,774.1980547472085,75
320,5,18,765.16,771.3741004764057,75
320,5,19,673.28,676.9703375346636,75
320,5,20,471.94666666666666,480.6566983180716,75
320,5,21,435.9866666666667,441.3905693242978,75
320,5,22,373.04,379.2855261982831,75
320,5,23,287.8666666666667,289.5370652669953,75
320,6,0,211.90666666666667,215.9548364543405,75
320,6,1,105.57333333333334,104.1169043799609,75
320,6,2,58.986486486486484,58.860074403596556,74
320,6,3,38.2,38.19101581341198,75
320,6,4,29.28,29.55850994668359,75
320,6,5,26.4,26.689562409680345,75
320,6,6,42.61333333333334,42.24929652447589,75
320,6,7,77.68,78.25376242128456,75
320,6,8,143.76,143.60683759368433,75
320,6,9,237.08,243.18010087867142,75
320,6,10,327.28,332.6808645067737,75
320,6,11,394.49333333333334,394.68396683696665,75
320,6,12,473.70666666666665,427.6748243849888,75
320,6,13,518.6933333333334,512.3357867560326,75
320,6,14,557.64,558.7558394147645,75
320,6,15,534.36,547.8864438950462,75
320,6,16,567.1733333333333,554.4337908160883,75
320,6,17,552.8266666666667,550.5271032102028,75
320,6,18,520.3733333333333,535.0353947819941,75
320,6,19,396.18666666666667,392.29676880002233,75
320,6,20,320.64,315.04453306428496,75
320,6,21,261.94666666666666,271.48589739417645,75
320,6,22,208.94666666666666,222.96076423849038,75
320,6,23,140.38666666666666,140.3241794515554,75
321,0,0,30.76,32.96318737575149,75
321,0,1,12.706666666666667,13.663746933245639,75
321,0,2,6.891891891891892,7.437858914007992,74
321,0,3,4.847222222222222,5.758763896077725,72
321,0,4,6.773333333333333,8.166344941656053,75
321,0,5,11.813333333333333,12.176641920555065,75
321,0,6,44.46666666666667,47.060370447839254,75
321,0,7,138.26666666666668,136.7538955324698,75
321,0,8,333.48,328.2125293607888,75
321,0,9,243.37333333333333,238.04732441524038,75
321,0,10,161.46666666666667,162.2927715012427,75
321,0,11,175.70666666666668,179.67370356889782,75
321,0,12,207.21333333333334,209.3767658443982,75
321,0,13,245.72,255.51117183662063,75
321,0,14,330.64,321.6462870359941,75
321,0,15,446.9066666666667,432.9159971038074,75
321,0,16,488.02666666666664,478.21056915267883,75
321,0,17,641.0,632.1710666528078,75
321,0,18,524.0666666666667,544.8027379551796,75
321,0,19,321.4266666666667,319.0689585644984,75
321,0,20,220.92,230.74437957637826,75
321,0,21,167.72,187.17697629029476,75
321,0,22,127.01333333333334,129.75424016504252,75
321,0,23,70.28,75.65775521975827,75
321,1,0,37.026666666666664,35.94086892766631,75
321,1,1,14.68,13.008954678330781,75
321,1,2,6.693333333333333,7.206294382618621,75
321,1,3,5.24,5.76250640937759,75
321,1,4,7.72,8.723056944804213,75
321,1,5,13.986666666666666,13.968929512961525,75
321,1,6,51.2,50.4638240600376,75
321,1,7,173.38666666666666,160.44189178728655,75
321,1,8,458.88,427.31329230240345,75
321,1,9,332.4266666666667,293.35682338326194,75
321,1,10,198.29333333333332,192.75779064999622,75
321,1,11,200.97333333333333,199.25403771177344,75
321,1,12,230.73333333333332,241.57326181755798,75
321,1,13,278.18666666666667,283.1474309543755,75
321,1,14,374.24,365.41102887463836,75
321,1,15,503.4266666666667,490.73992303756455,75
321,1,16,590.5733333333334,552.0185724719097,75
321,1,17,826.04,730.1077768230564,75
321,1,18,695.92,675.3946559548453,75
321,1,19,409.12,390.4900645443168,75
321,1,20,313.56,287.58286557897327,75
321,1,21,246.04,240.75538341449428,75
321,1,22,165.30666666666667,165.0583991007019,75
321,1,23,84.57333333333334,88.15033853298492,75
321,2,0,41.63157894736842,42.811289302360855,76
321,2,1,16.0,14.966937512547196,76
321,2,2,8.710526315789474,8.46603527544539,76
321,2,3,5.219178082191781,6.25741391540544,73
321,2,4,7.9868421052631575,8.962258545878006,76
321,2,5,14.736842105263158,14.774359220482612,76
321,2,6,50.26315789473684,49.97694117648086,76
321,2,7,166.3684210526316,158.4492647322035,76
321,2,8,455.35526315789474,422.83555190347346,76
321,2,9,335.7236842105263,289.85147923545037,76
321,2,10,201.5,191.30824752790568,76
321,2,11,213.96052631578948,199.65923767838623,76
321,2,12,260.07894736842104,241.8011989702977,76
321,2,13,334.8157894736842,298.87673165381347,76
321,2,14,375.13157894736844,366.6255950268046,76
321,2,15,460.3157894736842,486.09598827544676,76
321,2,16,581.4605263157895,546.5180674229781,76
321,2,17,802.25,716.3100799542084,76
321,2,18,665.8157894736842,659.491340322085,76
321,2,19,419.10526315789474,387.78636858379576,76
321,2,20,307.6578947368421,287.83810863364863,76
321,2,21,252.55263157894737,240.01278554283712,76
321,2,22,178.93421052631578,169.76648231799305,76
321,2,23,95.80263157894737,96.39416023210019,76
321,3,0,46.0,46.72589784832247,75
321,3,1,20.32,18.617445453804056,75
321,3,2,11.173333333333334,11.197741645523887,75
321,3,3,7.135135135135135,7.165347457508156,74
321,3,4,8.733333333333333,9.159876038943931,75
321,3,5,14.693333333333333,14.25271441642018,75
321,3,6,48.17333333333333,49.1125970146898,75
321,3,7,156.33333333333334,155.6505743740158,75
321,3,8,414.2133333333333,410.28095585149657,75
321,3,9,316.56,284.4117368953155,75
321,3,10,198.01333333333332,186.80349633272468,75
321,3,11,206.01333333333332,203.89695303351985,75
321,3,12,242.28,242.41450560983785,75
321,3,13,281.4533333333333,285.74929404257966,75
321,3,14,377.1066666666667,365.3325010472546,75
321,3,15,508.81333333333333,484.12565350458533,75
321,3,16,582.0666666666667,541.7508669661505,75
321,3,17,783.4666666666667,705.4026048134476,75
321,3,18,671.2666666666667,653.5916793026404,75
321,3,19,423.37333333333333,396.83081831335335,75
321,3,20,330.8933333333333,288.15533868178204,75
321,3,21,281.8933333333333,246.39122969837254,75
321,3,22,187.33333333333334,174.3222089173668,75
321,3,23,109.54666666666667,101.934970471737,75
321,4,0,57.08,56.70697615026478,75
321,4,1,25.893333333333334,26.356642161729106,75
321,4,2,14.16,13.496156902401037,75
321,4,3,9.432432432432432,10.272782770368973,74
321,4,4,10.173333333333334,10.267760348208052,75
321,4,5,13.48,13.469576505919598,75
321,4,6,40.053333333333335,43.454183177481184,75
321,4,7,116.89333333333333,120.68835572571734,75
321,4,8,236.81333333333333,245.69043019566166,75
321,4,9,204.26666666666668,242.15180173811862,75
321,4,10,170.85333333333332,178.85604931782802,75
321,4,11,206.42666666666668,204.92463609386576,75
321,4,12,251.36,247.4383064264458,75
321,4,13,289.0,284.9338849905314,75
321,4,14,381.8666666666667,369.51763085114277,75
321,4,15,513.04,492.6217051844553,75
321,4,16,503.85333333333335,540.303933523732,75
321,4,17,560.0,654.3200477631788,75
321,4,18,520.6266666666667,535.6322952937584,75
321,4,19,369.0133333333333,398.75837323548404,75
321,4,20,290.94666666666666,296.52818364939867,75
321,4,21,274.37333333333333,259.0404357589367,75
321,4,22,213.22666666666666,203.10897459493887,75
321,4,23,159.4,146.11000880256415,75
321,5,0,92.93333333333334,89.2613568397919,75
321,5,1,55.83783783783784,55.9356701514124,74
321,5,2,28.54054054054054,27.531209282031785,74
321,5,3,17.33783783783784,14.88627121343984,74
321,5,4,14.972972972972974,14.760399419491305,74
321,5,5,10.893333333333333,10.777708870087267,75
321,5,6,19.826666666666668,19.148641590702237,75
321,5,7,26.533333333333335,27.982005944238146,75
321,5,8,48.81333333333333,50.00675784955412,75
321,5,9,93.48,122.02600008638059,75
321,5,10,136.72,140.37949396416323,75
321,5,11,196.24,194.04319388496043,75
321,5,12,264.2133333333333,249.3900190654983,75
321,5,13,321.76,321.70298346093153,75
321,5,14,331.61333333333334,329.70472790902653,75
321,5,15,379.38666666666666,358.80015881757936,75
321,5,16,393.4,373.135079731828,75
321,5,17,377.70666666666665,365.2823306236529,75
321,5,18,352.26666666666665,356.0347133712664,75
321,5,19,308.06666666666666,303.1342636280829,75
321,5,20,230.06666666666666,251.6336393893948,75
321,5,21,234.45333333333335,233.1416815506585,75
321,5,22,178.48,170.57124419262098,75
321,5,23,140.61333333333334,134.0544537657368,75
321,6,0,89.62666666666667,87.63650267126094,75
321,6,1,61.24,58.40599253828976,75
321,6,2,28.39189189189189,26.94829202982342,74
321,6,3,18.706666666666667,16.627871663729195,75
321,6,4,18.613333333333333,18.43591879311838,75
321,6,5,11.04,10.963911474753322,75
321,6,6,16.88,17.15170661683532,75
321,6,7,18.16,19.35666749978499,75
321,6,8,35.2,36.3849287637956,75
321,6,9,60.72,61.76529154664455,75
321,6,10,101.61333333333333,106.94542615051888,75
321,6,11,146.88,150.06060275607246,75
321,6,12,201.97333333333333,209.77491058253324,75
321,6,13,237.66666666666666,234.61107223745145,75
321,6,14,264.48,265.86687656903865,75
321,6,15,285.8933333333333,280.55377562821155,75
321,6,16,295.37333333333333,282.10347903331075,75
321,6,17,273.9066666666667,273.1917364711649,75
321,6,18,238.76,239.4401317862399,75
321,6,19,182.76,180.8609933419492,75
321,6,20,151.34666666666666,146.485078011898,75
321,6,21,130.69333333333333,130.03265662001007,75
321,6,22,96.32,99.07986218453212,75
321,6,23,48.54666666666667,51.86169327446159,75
323,0,0,149.41333333333333,144.36880841922934,75
323,0,1,79.69333333333333,71.43937241388446,75
323,0,2,45.61333333333334,45.50628164679533,75
323,0,3,24.666666666666668,23.80011033026607,75
323,0,4,18.066666666666666,17.295010421149946,75
323,0,5,18.76,20.09635037279725,75
323,0,6,74.84,76.55634704644959,75
323,0,7,228.4,216.91729438309346,75
323,0,8,569.4933333333333,560.9819782913827,75
323,0,9,387.5466666666667,389.74958973703156,75
323,0,10,231.76,248.19053426424526,75
323,0,11,233.82666666666665,258.97083181310563,75
323,0,12,311.6533333333333,330.8083521543409,75
323,0,13,379.38666666666666,398.0205387251353,75
323,0,14,446.46666666666664,452.3915023622467,75
323,0,15,607.64,615.8228608090787,75
323,0,16,639.0666666666667,644.5198376939491,75
323,0,17,644.5466666666666,652.060313405116,75
323,0,18,579.9466666666667,617.1009887873878,75
323,0,19,493.94666666666666,492.9937500931189,75
323,0,20,493.6933333333333,488.69691599530563,75
323,0,21,477.70666666666665,481.8091566545245,75
323,0,22,358.68,356.696715544071,75
323,0,23,234.84,228.6497061990998,75
323,1,0,121.50666666666666,152.76700967628662,75
323,1,1,61.44,65.39932249762688,75
323,1,2,34.986666666666665,35.838340953095894,75
323,1,3,20.626666666666665,22.59622446956545,75
323,1,4,15.24,16.259407739227083,75
323,1,5,22.533333333333335,21.2205577546601,75
323,1,6,89.97333333333333,87.80325563365454,75
323,1,7,276.18666666666667,257.0182900831236,75
323,1,8,768.96,727.0313278756635,75
323,1,9,522.8266666666667,505.8294651374804,75
323,1,10,284.32,279.51870714657775,75
323,1,11,260.4533333333333,296.7863522901746,75
323,1,12,317.8666666666667,346.58345887377476,75
323,1,13,389.70666666666665,412.5743521180577,75
323,1,14,457.74666666666667,472.44037480430967,75
323,1,15,634.44,694.2741085812022,75
323,1,16,668.92,709.4017867748912,75
323,1,17,707.3066666666666,715.3351325625753,75
323,1,18,694.9466666666667,710.7653798902899,75
323,1,19,558.8,653.9624002035433,75
323,1,20,561.5333333333333,657.7718349819129,75
323,1,21,602.6666666666666,657.4137131694523,75
323,1,22,438.6,467.05977948941444,75
323,1,23,269.5466666666667,288.35012725779967,75
323,2,0,146.02631578947367,167.83188367903756,76
323,2,1,74.38157894736842,77.1335421689447,76
323,2,2,43.26315789473684,43.87252365046768,76
323,2,3,24.486842105263158,25.173356144074166,76
323,2,4,18.276315789473685,17.444534116297678,76
323,2,5,21.5,21.073698725235232,76
323,2,6,82.1842105263158,83.81266254040125,76
323,2,7,272.6578947368421,254.34814109453882,76
323,2,8,746.2894736842105,717.7158631296653,76
323,2,9,520.1578947368421,499.7495982473023,76
323,2,10,282.14473684210526,278.8272413002037,76
323,2,11,273.9736842105263,301.9591726183412,76
323,2,12,341.4078947368421,356.5391999308982,76
323,2,13,422.75,444.57688834644796,76
323,2,14,498.2894736842105,494.238125023501,76
323,2,15,617.8947368421053,694.0263560337675,76
323,2,16,681.7105263157895,716.3738721585348,76
323,2,17,721.1973684210526,718.9984237416378,76
323,2,18,722.9605263157895,716.4783440822218,76
323,2,19,604.5263157894736,656.0629796896948,76
323,2,20,600.5921052631579,655.9747188885298,76
323,2,21,615.5131578947369,656.1442552332257,76
323,2,22,500.32894736842104,512.1933815213916,76
323,2,23,302.07894736842104,303.3769301471895,76
323,3,0,163.81333333333333,179.0636576812748,75
323,3,1,88.81333333333333,91.71045125225663,75
323,3,2,49.89333333333333,48.515694929754304,75
323,3,3,27.266666666666666,27.271331443697086,75
323,3,4,18.88,17.694230509494417,75
323,3,5,22.173333333333332,21.136858647994163,75
323,3,6,78.48,81.21935749904742,75
323,3,7,249.56,247.50450453801923,75
323,3,8,687.72,689.9628539188607,75
323,3,9,488.2266666666667,488.32446705810366,75
323,3,10,286.38666666666666,275.9474907720747,75
323,3,11,278.76,299.3690295346376,75
323,3,12,340.0,358.67180082719165,75
323,3,13,414.12,442.1735447183742,75
323,3,14,481.64,500.6292203022202,75
323,3,15,647.84,699.2715524346327,75
323,3,16,706.0533333333333,734.1409744192051,75
323,3,17,733.0933333333334,737.6970943669771,75
323,3,18,742.6,736.131034433842,75
323,3,19,632.4933333333333,660.3053306708534,75
323,3,20,623.7066666666667,654.3755080524534,75
323,3,21,666.6,656.0297100200555,75
323,3,22,581.8,544.0138518212843,75
323,3,23,401.52,421.98375396061437,75
323,4,0,231.4,234.26123841813518,75
323,4,1,137.90666666666667,140.58294635202753,75
323,4,2,70.97333333333333,72.21875796657767,75
323,4,3,42.18666666666667,44.579647300136074,75
323,4,4,29.946666666666665,30.880594593282463,75
323,4,5,20.666666666666668,20.933262564351136,75
323,4,6,60.06666666666667,63.765817037202495,75
323,4,7,182.09333333333333,190.80910668419384,75
323,4,8,397.16,406.1878574072742,75
323,4,9,310.3333333333333,310.05798112856013,75
323,4,10,257.68,279.65028453628776,75
323,4,11,298.38666666666666,308.459780448355,75
323,4,12,387.3466666666667,381.2793618934844,75
323,4,13,479.62666666666667,490.22159484893297,75
323,4,14,607.24,590.1913520524901,75
323,4,15,748.4533333333334,726.889235473873,75
323,4,16,773.9866666666667,761.73158373311,75
323,4,17,764.9733333333334,761.2501444591379,75
323,4,18,783.72,761.9228085375312,75
323,4,19,711.9066666666666,679.1293892154855,75
323,4,20,672.5866666666667,666.9195995131254,75
323,4,21,706.36,673.2411829101916,75
323,4,22,699.8133333333334,654.868837213223,75
323,4,23,608.9066666666666,485.8235383299571,75
323,5,0,479.85333333333335,429.9327600071,75
323,5,1,343.88,341.2653130335029,75
323,5,2,200.92,198.3690472979984,75
323,5,3,118.8108108108108,119.38500870788344,74
323,5,4,56.57333333333333,56.58924650481333,75
323,5,5,18.973333333333333,18.61477750798755,75
323,5,6,22.746666666666666,22.22186968064059,75
323,5,7,41.76,41.55639664736201,75
323,5,8,89.6,89.46613868517696,75
323,5,9,151.48,150.31255389639975,75
323,5,10,240.14666666666668,254.06336647514036,75
323,5,11,348.9066666666667,343.5980188186629,75
323,5,12,503.7733333333333,493.94044566723113,75
323,5,13,666.2266666666667,654.9103220105684,75
323,5,14,718.9066666666666,699.4396170263157,75
323,5,15,810.4,847.6064023636209,75
323,5,16,873.3466666666667,855.2273310504992,75
323,5,17,845.76,853.8208512855781,75
323,5,18,878.44,855.613577159726,75
323,5,19,854.88,826.0604138782523,75
323,5,20,674.8933333333333,683.551268719189,75
323,5,21,697.8666666666667,694.238149514886,75
323,5,22,683.88,676.9295552271292,75
323,5,23,622.5066666666667,616.5707541162857,75
323,6,0,507.88,511.112394608573,75
323,6,1,362.96,361.93333839779496,75
323,6,2,216.5,201.5320535130237,74
323,6,3,132.16,124.4596001123331,75
323,6,4,67.05333333333333,66.25438213694676,75
323,6,5,19.586666666666666,19.652695621264588,75
323,6,6,21.68,21.515439494347614,75
323,6,7,31.2,32.62879383865924,75
323,6,8,60.18666666666667,61.22984429548941,75
323,6,9,110.82666666666667,115.31390796633437,75
323,6,10,193.50666666666666,190.69011206533784,75
323,6,11,279.28,279.1407922817859,75
323,6,12,424.16,407.46235629339327,75
323,6,13,549.32,538.9561075467761,75
323,6,14,606.44,596.643329062074,75
323,6,15,645.8533333333334,660.4975681658758,75
323,6,16,680.12,663.7672139292049,75
323,6,17,644.3733333333333,659.4457116682146,75
323,6,18,596.16,597.7570872813161,75
323,6,19,535.8133333333334,517.3595150492014,75
323,6,20,501.49333333333334,489.94848297168033,75
323,6,21,484.28,481.28900572888233,75
323,6,22,391.53333333333336,388.34133994267955,75
323,6,23,234.57333333333332,235.2647531690153,75
324,0,0,52.82666666666667,54.96925517037994,75
324,0,1,27.04,26.735304272199688,75
324,0,2,13.413333333333334,13.819636544191301,75
324,0,3,8.64,8.917983954899098,75
324,0,4,6.546666666666667,7.375383660111538,75
324,0,5,16.96,17.07428727346677,75
324,0,6,50.49333333333333,49.668124702542826,75
324,0,7,174.10666666666665,171.47997491303718,75
324,0,8,368.05333333333334,362.6963962936437,75
324,0,9,309.52,310.87705099581524,75
324,0,10,267.5733333333333,252.29021762878202,75
324,0,11,289.05333333333334,279.3459076319007,75
324,0,12,383.32,366.9686364725139,75
324,0,13,436.84,434.906719396546,75
324,0,14,723.5066666666667,681.6016535775015,75
324,0,15,1011.12,934.4387364222649,75
324,0,16,1382.5333333333333,1359.4453126487738,75
324,0,17,1942.72,1956.235133905486,75
324,0,18,1021.8133333333334,1009.2262158840368,75
324,0,19,564.8933333333333,558.2234998132066,75
324,0,20,405.44,415.58910332362325,75
324,0,21,301.6,318.09229075760413,75
324,0,22,270.48,279.1624915996956,75
324,0,23,171.14666666666668,166.61305082493513,75
324,1,0,80.76,84.40158830731121,75
324,1,1,28.133333333333333,26.631820096201995,75
324,1,2,11.826666666666666,12.884081525319386,75
324,1,3,6.226666666666667,10.469205921153904,75
324,1,4,5.1466666666666665,6.97557251748583,75
324,1,5,19.133333333333333,18.07975066460466,75
324,1,6,56.14666666666667,54.554868332249214,75
324,1,7,203.12,195.69775110448415,75
324,1,8,465.9066666666667,443.8365422413419,75
324,1,9,417.8666666666667,407.5553460385651,75
324,1,10,327.0133333333333,288.4935943475432,75
324,1,11,335.02666666666664,321.18286606504734,75
324,1,12,443.4533333333333,421.17405402979756,75
324,1,13,513.16,503.9161977214011,75
324,1,14,853.88,759.3380815853659,75
324,1,15,1245.52,1187.7893217336712,75
324,1,16,1809.6933333333334,1801.2695232970352,75
324,1,17,2600.52,2610.464165300516,75
324,1,18,1417.6933333333334,1414.579823937352,75
324,1,19,740.28,694.0085041653389,75
324,1,20,496.12,488.78925847189106,75
324,1,21,393.8666666666667,405.65129900926445,75
324,1,22,352.81333333333333,355.2460251121372,75
324,1,23,193.6,210.92913996859087,75
324,2,0,90.25,93.16270424795992,76
324,2,1,42.36842105263158,42.46736729365241,76
324,2,2,17.38157894736842,15.68181192211955,76
324,2,3,8.355263157894736,11.748053762262346,76
324,2,4,6.216216216216216,7.408956789570808,74
324,2,5,16.855263157894736,17.868095421330803,76
324,2,6,53.21052631578947,54.04226338900491,76
324,2,7,194.05263157894737,193.53374051210847,76
324,2,8,456.2368421052632,438.6939757106952,76
324,2,9,414.14473684210526,402.6471287847005,76
324,2,10,329.9868421052632,288.41301155527185,76
324,2,11,351.6578947368421,323.14354757918096,76
324,2,12,444.2236842105263,419.6309319365868,76
324,2,13,556.421052631579,520.4841908086183,76
324,2,14,834.1052631578947,757.0183472938426,76
324,2,15,1216.2368421052631,1174.6784191041734,76
324,2,16,1785.671052631579,1774.5552611881017,76
324,2,17,2640.0394736842104,2609.86252391725,76
324,2,18,1447.6842105263158,1401.539036976453,76
324,2,19,751.2368421052631,685.5944252840466,76
324,2,20,525.7894736842105,486.550674397652,76
324,2,21,412.75,407.53652672961096,76
324,2,22,366.4868421052632,355.92313840548996,76
324,2,23,203.19736842105263,211.09322199603722,76
324,3,0,99.37333333333333,94.62077657134952,75
324,3,1,51.653333333333336,47.99262805605121,75
324,3,2,22.893333333333334,22.701757940928296,75
324,3,3,11.64,12.463663162506045,75
324,3,4,9.44,9.072270918021571,75
324,3,5,18.533333333333335,18.107711911112688,75
324,3,6,52.84,52.8452282370395,75
324,3,7,189.17333333333335,189.554163588812,75
324,3,8,425.6933333333333,427.4928400366243,75
324,3,9,401.18666666666667,391.2009880709572,75
324,3,10,311.52,286.93410282469955,75
324,3,11,340.4,321.92218364149,75
324,3,12,436.3466666666667,415.0246466422546,75
324,3,13,541.0133333333333,514.9795687144059,75
324,3,14,873.52,752.3846758931901,75
324,3,15,1211.3333333333333,1162.5494079369248,75
324,3,16,1688.5733333333333,1718.5374084523796,75
324,3,17,2407.7733333333335,2453.806761550135,75
324,3,18,1424.8666666666666,1381.284327459344,75
324,3,19,761.6666666666666,677.5032028345853,75
324,3,20,530.9333333333333,487.67214627141703,75
324,3,21,423.05333333333334,418.0347283957907,75
324,3,22,405.02666666666664,395.14929654186744,75
324,3,23,254.17333333333335,235.67168139048763,75
324,4,0,127.53333333333333,115.06649037310834,75
324,4,1,63.88,61.77751610100948,75
324,4,2,26.053333333333335,28.45267730557565,75
324,4,3,13.133333333333333,14.011619533598317,75
324,4,4,11.186666666666667,11.282204783205898,75
324,4,5,16.826666666666668,17.51069379168688,75
324,4,6,46.21333333333333,47.25905423385366,75
324,4,7,154.12,151.62136250286403,75
324,4,8,293.84,302.7384465454572,75
324,4,9,309.93333333333334,308.95952750502454,75
324,4,10,282.64,291.0763014083056,75
324,4,11,300.58666666666664,314.19523082998586,75
324,4,12,393.3333333333333,406.5430227432734,75
324,4,13,521.8266666666667,494.4469937827888,75
324,4,14,787.0933333333334,762.5548960264442,75
324,4,15,1009.76,1014.0761263812565,75
324,4,16,1010.6266666666667,999.9055004649883,75
324,4,17,1016.28,1001.3043009324203,75
324,4,18,734.64,740.2859033752834,75
324,4,19,540.08,649.2616902802172,75
324,4,20,475.8933333333333,494.7106063739381,75
324,4,21,422.52,423.1694395374666,75
324,4,22,441.37333333333333,416.98495239776855,75
324,4,23,342.97333333333336,300.5341474791495,75
324,5,0,211.82666666666665,213.19730151396453,75
324,5,1,120.66666666666667,123.16556951598601,75
324,5,2,77.81333333333333,73.49929959641109,75
324,5,3,47.74324324324324,44.767831881906986,74
324,5,4,20.746666666666666,21.176025202213534,75
324,5,5,13.96,13.539347319362973,75
324,5,6,19.85333333333333,20.102889028917787,75
324,5,7,51.586666666666666,50.94911832760161,75
324,5,8,75.68,74.88286002899463,75
324,5,9,133.29333333333332,131.75924760846075,75
324,5,10,191.77333333333334,244.06599691576946,75
324,5,11,235.90666666666667,246.16105321329738,75
324,5,12,311.5733333333333,321.79419341647275,75
324,5,13,374.82666666666665,396.2527144715485,75
324,5,14,435.64,440.5055474190044,75
324,5,15,506.26666666666665,509.1719434862151,75
324,5,16,525.7066666666667,523.1713139691542,75
324,5,17,518.4533333333334,530.5985472074242,75
324,5,18,514.2933333333333,508.2207754778765,75
324,5,19,502.0,494.71677175949503,75
324,5,20,399.9866666666667,392.95360415072173,75
324,5,21,360.4266666666667,329.1489264937901,75
324,5,22,378.24,361.0923356179556,75
324,5,23,306.62666666666667,291.51115849226466,75
324,6,0,196.78666666666666,208.3567078333074,75
324,6,1,112.85333333333334,120.39965470583137,75
324,6,2,69.16216216216216,70.58404348847286,74
324,6,3,44.586666666666666,43.781241171101875,75
324,6,4,31.56,27.39527471773398,75
324,6,5,12.906666666666666,12.53450310598201,75
324,6,6,19.493333333333332,18.99397862508075,75
324,6,7,45.29333333333334,43.63440719409761,75
324,6,8,55.986666666666665,55.806801666895964,75
324,6,9,93.78666666666666,94.03959407597821,75
324,6,10,149.10666666666665,150.27849088795983,75
324,6,11,195.98666666666668,197.0833548031197,75
324,6,12,265.26666666666665,292.7466586780736,75
324,6,13,305.81333333333333,322.2274919350335,75
324,6,14,352.72,354.27301464115067,75
324,6,15,373.37333333333333,379.18384494427943,75
324,6,16,397.74666666666667,382.6197470003508,75
324,6,17,389.73333333333335,388.77804701936424,75
324,6,18,374.73333333333335,370.152648591522,75
324,6,19,307.61333333333334,306.2400511550359,75
324,6,20,275.6533333333333,278.02327367382003,75
324,6,21,239.26666666666668,208.43323559847695,75
324,6,22,211.10666666666665,209.32569198422505,75
324,6,23,117.49333333333334,128.07340567568616,75
325,0,0,22.16,21.86896512493032,75
325,0,1,11.266666666666667,11.571497295824587,75
325,0,2,5.756756756756757,9.131426193390327,74
325,0,3,4.073529411764706,4.221242294739921,68
325,0,4,4.626666666666667,5.7432373251954365,75
325,0,5,6.693333333333333,6.349812109753114,75
325,0,6,24.226666666666667,24.247107248884863,75
325,0,7,71.66666666666667,72.94536878223323,75
325,0,8,143.41333333333333,138.07708225143853,75
325,0,9,119.34666666666666,122.70414107268454,75
325,0,10,100.77333333333333,103.46451148848618,75
325,0,11,113.82666666666667,114.26495125318043,75
325,0,12,139.29333333333332,143.9072400831621,75
325,0,13,156.82666666666665,165.52940634748845,75
325,0,14,200.34666666666666,208.90359113184184,75
325,0,15,252.70666666666668,260.99964792805775,75
325,0,16,351.4,363.2462383019514,75
325,0,17,511.4,518.6494384894397,75
325,0,18,386.6533333333333,408.06706345206015,75
325,0,19,226.10666666666665,233.1440183423266,75
325,0,20,147.02666666666667,141.11757922806328,75
325,0,21,112.74666666666667,113.158262078879,75
325,0,22,82.30666666666667,82.48251526241427,75
325,0,23,58.12,60.72781475038874,75
325,1,0,36.53333333333333,35.36153845503006,75
325,1,1,10.866666666666667,11.658972963901448,75
325,1,2,4.878378378378378,9.456657712095904,74
325,1,3,3.4794520547945207,3.7879998947226756,73
325,1,4,4.837837837837838,5.730063343194413,74
325,1,5,6.194444444444445,6.4262571084315985,72
325,1,6,26.213333333333335,26.035182657471452,75
325,1,7,88.04,85.35394530745737,75
325,1,8,176.18666666666667,164.90438506657912,75
325,1,9,144.28,145.13791275981288,75
325,1,10,123.12,117.12378733825746,75
325,1,11,132.58666666666667,134.83292626294931,75
325,1,12,168.57333333333332,166.80901183462328,75
325,1,13,186.76,190.12250505183667,75
325,1,14,233.4,238.81125392798407,75
325,1,15,316.9066666666667,310.46224696395717,75
325,1,16,532.2666666666667,515.8207063397183,75
325,1,17,981.2133333333334,970.9688457340995,75
325,1,18,647.4133333333333,623.0835218093038,75
325,1,19,308.26666666666665,289.39892034819195,75
325,1,20,192.04,182.13071620639985,75
325,1,21,142.46666666666667,135.63206022920542,75
325,1,22,99.54666666666667,96.18015966280207,75
325,1,23,68.89333333333333,72.82283327085511,75
325,2,0,47.21052631578947,44.81768544067518,76
325,2,1,16.81578947368421,16.736797616867044,76
325,2,2,9.56578947368421,10.920103087758191,76
325,2,3,4.402777777777778,4.250324327970585,72
325,2,4,4.295774647887324,5.876922719013815,71
325,2,5,7.171052631578948,6.579869899809913,76
325,2,6,26.38157894736842,25.873053918245088,76
325,2,7,83.53947368421052,83.63075415033192,76
325,2,8,180.46052631578948,163.03394433035382,76
325,2,9,140.32894736842104,143.5923174916509,76
325,2,10,121.8157894736842,117.09110060321022,76
325,2,11,137.77631578947367,137.48145307854588,76
325,2,12,166.5921052631579,169.40633374676398,76
325,2,13,188.32894736842104,189.85816128417264,76
325,2,14,237.77631578947367,237.87563618270207,76
325,2,15,320.36842105263156,312.8951919665238,76
325,2,16,523.6315789473684,509.64647128774163,76
325,2,17,967.0394736842105,954.645858266572,76
325,2,18,642.7368421052631,615.6943099581,76
325,2,19,316.42105263157896,288.64891109877794,76
325,2,20,201.44736842105263,183.86489367389612,76
325,2,21,158.82894736842104,143.7825743147857,76
325,2,22,117.30263157894737,113.91392862081052,76
325,2,23,79.82894736842105,75.36693769641121,76
325,3,0,54.68,52.99947943626488,75
325,3,1,20.14666666666667,18.747659036896092,75
325,3,2,10.706666666666667,11.403048893869629,75
325,3,3,5.648648648648648,5.6447974692408565,74
325,3,4,5.575342465753424,6.177184455030125,73
325,3,5,6.92,6.64258419666861,75
325,3,6,26.44,25.914631054359653,75
325,3,7,82.92,82.1547185827764,75
325,3,8,163.08,160.59552530239344,75
325,3,9,143.25333333333333,141.80228735562955,75
325,3,10,122.06666666666666,117.27879869577046,75
325,3,11,140.26666666666668,137.09924562708048,75
325,3,12,173.44,170.99523681650084,75
325,3,13,196.97333333333333,191.74320901023518,75
325,3,14,246.66666666666666,238.3728676107108,75
325,3,15,326.0,310.5066490932834,75
325,3,16,517.64,454.3851761710584,75
325,3,17,877.52,889.7626324623419,75
325,3,18,601.0133333333333,604.6517518178972,75
325,3,19,318.97333333333336,286.7254908091291,75
325,3,20,212.06666666666666,189.2459954381378,75
325,3,21,153.22666666666666,143.27956124277733,75
325,3,22,125.68,117.94907472813642,75
325,3,23,92.66666666666667,88.30085485453475,75
325,4,0,64.78666666666666,62.45168424321414,75
325,4,1,25.28,24.709508675090515,75
325,4,2,14.666666666666666,14.127043012262503,75
325,4,3,9.16,8.605030575325745,75
325,4,4,6.026666666666666,6.650996080940803,75
325,4,5,6.68,6.590490274326328,75
325,4,6,20.16,20.777270410166164,75
325,4,7,69.32,68.83036836773313,75
325,4,8,111.28,119.44249271192307,75
325,4,9,106.62666666666667,115.02957227033752,75
325,4,10,110.68,113.25558663699894,75
325,4,11,132.49333333333334,136.96795796366845,75
325,4,12,163.17333333333335,169.46384103326406,75
325,4,13,188.06666666666666,192.20301516010773,75
325,4,14,240.69333333333333,245.3185073563997,75
325,4,15,299.36,298.8512093002276,75
325,4,16,359.3066666666667,396.1416082558439,75
325,4,17,410.61333333333334,409.8640999200358,75
325,4,18,355.18666666666667,358.9994396868558,75
325,4,19,256.7866666666667,271.2348228582562,75
325,4,20,186.77333333333334,194.00394855006607,75
325,4,21,150.06666666666666,152.10361230305426,75
325,4,22,130.32,127.31397829656254,75
325,4,23,118.21333333333334,106.76867745407246,75
325,5,0,94.50666666666666,87.70628564733812,75
325,5,1,48.85333333333333,49.235693774564616,75
325,5,2,27.60810810810811,25.864100348099143,74
325,5,3,15.594594594594595,15.626013695431379,74
325,5,4,11.27027027027027,10.555966811168897,74
325,5,5,6.082191780821918,6.223863831463512,73
325,5,6,10.746666666666666,10.833621292943741,75
325,5,7,22.88,20.99535181991778,75
325,5,8,38.53333333333333,37.055564874770866,75
325,5,9,67.69333333333333,63.38157942460378,75
325,5,10,98.36,101.36220051878514,75
325,5,11,130.02666666666667,132.30866125883648,75
325,5,12,173.50666666666666,178.10316038348387,75
325,5,13,200.65333333333334,191.64226175346727,75
325,5,14,236.37333333333333,235.65471972237103,75
325,5,15,262.88,255.6839305474018,75
325,5,16,291.6,277.749295678814,75
325,5,17,285.46666666666664,282.6119027218642,75
325,5,18,282.88,277.6193127944063,75
325,5,19,244.44,236.49435876545192,75
325,5,20,158.62666666666667,162.95618404496824,75
325,5,21,121.72,128.99890376796714,75
325,5,22,115.12,113.04861141654517,75
325,5,23,109.44,103.4652903213901,75
325,6,0,83.45333333333333,84.16018780433221,75
325,6,1,52.013333333333335,50.38719310056951,75
325,6,2,26.93243243243243,25.435747132319797,74
325,6,3,15.866666666666667,15.584292484265049,75
325,6,4,11.04,10.546997946572413,75
325,6,5,5.561643835616438,6.1263505485696435,73
325,6,6,11.333333333333334,10.927392673888516,75
325,6,7,18.69333333333333,18.947810882047563,75
325,6,8,30.12,30.287534985637407,75
325,6,9,55.333333333333336,54.67633455447222,75
325,6,10,80.12,77.62564419949794,75
325,6,11,112.18666666666667,111.21002734259186,75
325,6,12,136.77333333333334,138.18655619112565,75
325,6,13,160.96,159.20835619280936,75
325,6,14,185.14666666666668,179.67520386496298,75
325,6,15,196.04,190.49176421836563,75
325,6,16,212.12,203.5254149095682,75
325,6,17,208.17333333333335,203.40638015169844,75
325,6,18,197.49333333333334,191.54211306324095,75
325,6,19,145.90666666666667,141.81170164047117,75
325,6,20,103.21333333333334,102.39122796861128,75
325,6,21,81.09333333333333,82.4785804071606,75
325,6,22,67.4,66.3742133047323,75
325,6,23,48.373333333333335,47.89590426117367,75
326,0,0,16.64,16.837433356066562,75
326,0,1,8.213333333333333,10.241480233261203,75
326,0,2,3.7183098591549295,4.059146792641653,71
326,0,3,3.09375,3.4538199554030204,64
326,0,4,5.055555555555555,4.756384833686652,72
326,0,5,9.0,9.388836347610154,75
326,0,6,39.13333333333333,38.029830071061475,75
326,0,7,112.29333333333334,110.91587851386011,75
326,0,8,218.28,218.888408320957,75
326,0,9,178.96,191.5999925005287,75
326,0,10,164.65333333333334,162.71602669506416,75
326,0,11,187.2,181.4182143468563,75
326,0,12,213.42666666666668,210.02752603745563,75
326,0,13,217.56,216.63160151435943,75
326,0,14,247.28,255.46882594732028,75
326,0,15,330.8,323.530341074368,75
326,0,16,466.49333333333334,441.22088601650796,75
326,0,17,650.7866666666666,625.9052969169496,75
326,0,18,437.85333333333335,431.90802762865684,75
326,0,19,249.77333333333334,237.5158171979064,75
326,0,20,167.22666666666666,174.70841405730332,75
326,0,21,136.57333333333332,139.56397779552086,75
326,0,22,76.58666666666667,84.55373309828333,75
326,0,23,45.586666666666666,49.74991329683363,75
326,1,0,18.32,17.81725063218702,75
326,1,1,6.54054054054054,12.038639513094793,74
326,1,2,3.283333333333333,3.808327373138708,60
326,1,3,2.467741935483871,3.392229324746606,62
326,1,4,4.027027027027027,4.57166009486076,74
326,1,5,11.28,10.862170737432656,75
326,1,6,45.46666666666667,43.52399654257844,75
326,1,7,137.08,128.8246459805575,75
326,1,8,290.6666666666667,269.4187288097421,75
326,1,9,218.76,221.82700970479695,75
326,1,10,190.05333333333334,188.87326676988368,75
326,1,11,205.01333333333332,199.78634418531857,75
326,1,12,231.33333333333334,236.1979948922001,75
326,1,13,246.01333333333332,242.2200434561181,75
326,1,14,284.68,289.0381280850461,75
326,1,15,383.82666666666665,367.6995354315368,75
326,1,16,544.6,526.090345208651,75
326,1,17,836.88,814.2272390795123,75
326,1,18,569.52,547.8465092330536,75
326,1,19,326.26666666666665,291.3861652175856,75
326,1,20,218.24,200.22434888283988,75
326,1,21,172.92,159.27592826955458,75
326,1,22,106.93333333333334,110.6095795373445,75
326,1,23,60.17333333333333,61.02541098133772,75
326,2,0,26.44736842105263,27.912719479920977,76
326,2,1,11.276315789473685,13.866633557460752,76
326,2,2,4.514285714285714,4.5248534929767725,70
326,2,3,3.1384615384615384,3.511528808526257,65
326,2,4,4.54054054054054,4.737407724385001,74
326,2,5,11.210526315789474,10.804197379963549,76
326,2,6,42.81578947368421,42.796740935786666,76
326,2,7,132.23684210526315,126.597860902727,76
326,2,8,291.4736842105263,266.56936017235574,76
326,2,9,225.10526315789474,219.99845001279894,76
326,2,10,188.9078947368421,187.16427636168615,76
326,2,11,208.1184210526316,199.87519750996708,76
326,2,12,240.69736842105263,235.497246608407,76
326,2,13,257.4868421052632,242.72012747390343,76
326,2,14,286.94736842105266,288.90319467124925,76
326,2,15,380.6578947368421,364.8069329422119,76
326,2,16,538.0526315789474,522.863220547194,76
326,2,17,806.9473684210526,794.5441783492984,76
326,2,18,583.3684210526316,545.7039610940504,76
326,2,19,333.9078947368421,290.76652395667753,76
326,2,20,223.32894736842104,201.82649046980418,76
326,2,21,185.1184210526316,162.10282016090028,76
326,2,22,117.53947368421052,113.61185508887358,76
326,2,23,67.59210526315789,68.34371220525111,76
326,3,0,27.64,28.554672031610444,75
326,3,1,13.04,14.376213166274544,75
326,3,2,5.929577464788732,5.831186297340765,71
326,3,3,3.590909090909091,3.6178053050477383,66
326,3,4,4.621621621621622,4.795600513418529,74
326,3,5,10.56,10.798913373595324,75
326,3,6,43.46666666666667,42.54541078472912,75
326,3,7,120.78666666666666,123.11052496532942,75
326,3,8,269.24,259.1688150057699,75
326,3,9,216.68,214.67211422343132,75
326,3,10,180.82666666666665,182.61963027554265,75
326,3,11,205.96,204.06244862539629,75
326,3,12,237.93333333333334,235.83388817962546,75
326,3,13,252.17333333333335,242.10518129545935,75
326,3,14,292.0,288.68302527207214,75
326,3,15,384.04,364.99608324771805,75
326,3,16,518.9733333333334,512.7157525626601,75
326,3,17,745.1866666666666,763.8018049306968,75
326,3,18,542.9333333333333,535.0464925807391,75
326,3,19,328.41333333333336,290.3901418834035,75
326,3,20,235.44,214.64049566724904,75
326,3,21,177.08,163.7044136735523,75
326,3,22,129.62666666666667,115.37175054938021,75
326,3,23,83.50666666666666,78.13611376141316,75
326,4,0,33.10666666666667,32.307554250118294,75
326,4,1,16.866666666666667,16.636348862906843,75
326,4,2,7.671232876712328,7.650573888355903,73
326,4,3,3.732394366197183,3.5871595619035723,71
326,4,4,4.821917808219178,4.850500989944426,73
326,4,5,8.866666666666667,9.922173326367572,75
326,4,6,37.10666666666667,37.21947755346896,75
326,4,7,94.68,95.70041171979592,75
326,4,8,170.6,187.86143079213522,75
326,4,9,163.33333333333334,164.35523178282804,75
326,4,10,173.82666666666665,177.83527581066915,75
326,4,11,208.93333333333334,206.7016653681256,75
326,4,12,237.58666666666667,245.36460257395564,75
326,4,13,255.42666666666668,249.1323333143797,75
326,4,14,305.46666666666664,293.1122385556895,75
326,4,15,363.32,362.72426059960134,75
326,4,16,441.96,478.78705439042875,75
326,4,17,495.96,504.401337936696,75
326,4,18,392.37333333333333,429.1538864119162,75
326,4,19,273.3066666666667,294.99436326789584,75
326,4,20,201.38666666666666,215.10707979987856,75
326,4,21,157.77333333333334,164.429032250722,75
326,4,22,147.54666666666665,138.39202492052453,75
326,4,23,117.33333333333333,112.56117318826082,75
326,5,0,65.56,63.502238188747846,75
326,5,1,30.756756756756758,28.64442653399984,74
326,5,2,15.213333333333333,15.220743583231167,75
326,5,3,6.534246575342466,6.345748385150017,73
326,5,4,4.931506849315069,5.2065311595374615,73
326,5,5,6.373333333333333,6.177571833530651,75
326,5,6,10.626666666666667,11.025943504191602,75
326,5,7,15.76,18.48159994213347,75
326,5,8,39.89333333333333,42.05064573729868,75
326,5,9,89.42666666666666,91.43024314244559,75
326,5,10,142.25333333333333,142.63850402695832,75
326,5,11,182.28,188.9765751743425,75
326,5,12,227.86666666666667,240.5652206111656,75
326,5,13,256.28,245.29447821371383,75
326,5,14,262.08,243.93149393683416,75
326,5,15,267.32,256.80412000041605,75
326,5,16,267.72,269.8951054154598,75
326,5,17,246.90666666666667,252.20984644482692,75
326,5,18,242.70666666666668,240.23715244412955,75
326,5,19,213.73333333333332,235.61790657822527,75
326,5,20,157.25333333333333,166.14698193367184,75
326,5,21,135.81333333333333,145.44388762122583,75
326,5,22,126.16,123.7605070502824,75
326,5,23,111.13333333333334,109.38791867153445,75
326,6,0,72.10666666666667,67.00083164532148,75
326,6,1,31.533333333333335,28.76580776059726,75
326,6,2,16.013513513513512,15.376666617345668,74
326,6,3,7.621621621621622,6.62235330358062,74
326,6,4,7.306666666666667,6.743574591389089,75
326,6,5,6.413333333333333,6.063506559838471,75
326,6,6,12.893333333333333,12.412850841015032,75
326,6,7,11.36,11.370103159584275,75
326,6,8,30.266666666666666,31.722941599102384,75
326,6,9,69.26666666666667,69.18920765003125,75
326,6,10,111.94666666666667,110.75283747233911,75
326,6,11,150.90666666666667,151.314510269274,75
326,6,12,188.94666666666666,190.2516687060003,75
326,6,13,194.42666666666668,194.78794945990666,75
326,6,14,202.30666666666667,199.50085940917253,75
326,6,15,201.28,196.38038419966674,75
326,6,16,200.14666666666668,196.67947646452157,75
326,6,17,196.04,193.20608737347692,75
326,6,18,147.81333333333333,154.26875044164836,75
326,6,19,121.49333333333334,133.29444701735358,75
326,6,20,97.92,102.98293565766139,75
326,6,21,81.32,88.28257459626926,75
326,6,22,64.89333333333333,67.68715207362857,75
326,6,23,42.2027027027027,43.196731185299754,74
327,0,0,43.25333333333333,45.42639462513382,75
327,0,1,13.08,14.241037007587723,75
327,0,2,7.373333333333333,8.883152158492864,75
327,0,3,6.386666666666667,6.801913385395115,75
327,0,4,9.386666666666667,9.35483230464139,75
327,0,5,20.506666666666668,22.97153512717397,75
327,0,6,103.09333333333333,98.5778128101725,75
327,0,7,361.8933333333333,359.74844573579844,75
327,0,8,631.4266666666666,618.1312295000465,75
327,0,9,433.3466666666667,423.5219678274321,75
327,0,10,350.05333333333334,347.26022554924714,75
327,0,11,397.06666666666666,397.63136879218166,75
327,0,12,467.97333333333336,453.7020898039903,75
327,0,13,567.6,563.1193901739734,75
327,0,14,783.52,769.2594474087609,75
327,0,15,1356.1333333333334,1329.138617144715,75
327,0,16,1505.2666666666667,1519.7855074218096,75
327,0,17,2110.9466666666667,2107.7800135589064,75
327,0,18,1528.1066666666666,1525.634951736472,75
327,0,19,843.1866666666666,782.9677704688735,75
327,0,20,525.5733333333334,509.28653856516,75
327,0,21,347.06666666666666,337.78490764951044,75
327,0,22,260.94666666666666,258.42603579349685,75
327,0,23,144.46666666666667,146.66830094523797,75
327,1,0,74.28,75.4611379766469,75
327,1,1,18.48,17.240999087546378,75
327,1,2,7.973333333333334,8.959604491401377,75
327,1,3,7.178082191780822,7.143974103568045,73
327,1,4,9.333333333333334,10.355520181719962,75
327,1,5,26.16,25.62604159557395,75
327,1,6,119.44,111.78040018498201,75
327,1,7,435.18666666666667,423.8200067351891,75
327,1,8,807.76,787.9216201642752,75
327,1,9,534.92,536.0709328325884,75
327,1,10,422.44,415.6785597493608,75
327,1,11,463.14666666666665,448.58388710587934,75
327,1,12,539.2,527.1078264887648,75
327,1,13,661.2133333333334,663.8068688691262,75
327,1,14,926.96,909.5793704169552,75
327,1,15,1587.52,1552.7221320152025,75
327,1,16,1784.12,1745.0283522057262,75
327,1,17,2530.64,2471.638527463751,75
327,1,18,1839.5466666666666,1832.8282342205068,75
327,1,19,1044.76,958.9206606979808,75
327,1,20,651.2666666666667,624.7677036774102,75
327,1,21,412.58666666666664,413.39780452366495,75
327,1,22,322.9866666666667,307.65104369551744,75
327,1,23,178.08,185.27998233347608,75
327,2,0,91.9342105263158,91.80845082180198,76
327,2,1,28.539473684210527,26.725563488015954,76
327,2,2,12.697368421052632,10.951317817227894,76
327,2,3,8.907894736842104,7.728629643668708,76
327,2,4,10.802631578947368,10.732372957741088,76
327,2,5,27.80263157894737,26.399243578170296,76
327,2,6,114.48684210526316,110.59034286517873,76
327,2,7,430.4605263157895,419.3162072716864,76
327,2,8,765.7894736842105,771.1050255976376,76
327,2,9,537.6973684210526,530.8413205902284,76
327,2,10,415.5131578947368,411.73901127500284,76
327,2,11,474.4868421052632,449.9261728312694,76
327,2,12,560.7236842105264,532.8493342197445,76
327,2,13,715.0526315789474,666.6397773191375,76
327,2,14,975.8684210526316,910.0112970361002,76
327,2,15,1439.6315789473683,1523.4154165127577,76
327,2,16,1702.4342105263158,1718.2083817653936,76
327,2,17,2442.5,2430.70480982308,76
327,2,18,1825.9605263157894,1796.2545473340158,76
327,2,19,1063.2368421052631,949.1435555944215,76
327,2,20,663.9605263157895,619.0886627538316,76
327,2,21,427.82894736842104,410.6422428502163,76
327,2,22,333.9736842105263,308.76040411049496,76
327,2,23,198.6315789473684,193.51911683221672,76
327,3,0,98.74666666666667,93.68740590883921,75
327,3,1,31.453333333333333,29.06172795916101,75
327,3,2,13.16,11.57013764585033,75
327,3,3,8.706666666666667,7.8387511261500595,75
327,3,4,12.28,10.746865918695805,75
327,3,5,28.573333333333334,26.79067420090191,75
327,3,6,109.53333333333333,108.96581628519915,75
327,3,7,393.25333333333333,405.85956923744624,75
327,3,8,722.64,736.2417501950883,75
327,3,9,508.8,519.6913654732473,75
327,3,10,405.8666666666667,409.0316647476556,75
327,3,11,453.2266666666667,447.0515649864411,75
327,3,12,547.16,527.9318006218432,75
327,3,13,648.7333333333333,655.2161966449346,75
327,3,14,926.9333333333333,879.0938749935847,75
327,3,15,1584.0133333333333,1512.3434536913126,75
327,3,16,1690.4266666666667,1678.2443425313577,75
327,3,17,2240.0266666666666,2260.6823248302144,75
327,3,18,1701.3066666666666,1706.8936499756417,75
327,3,19,1029.88,936.1423084051164,75
327,3,20,665.9466666666667,613.4491540513492,75
327,3,21,449.76,413.9633131264543,75
327,3,22,372.14666666666665,330.05020515481465,75
327,3,23,211.92,218.490785598511,75
327,4,0,109.81333333333333,107.9008022325684,75
327,4,1,30.906666666666666,28.005650937000954,75
327,4,2,13.093333333333334,12.011103379479213,75
327,4,3,8.733333333333333,8.515225773305751,75
327,4,4,11.226666666666667,10.64947403027142,75
327,4,5,24.64,23.941765730954803,75
327,4,6,92.72,96.24111847862127,75
327,4,7,303.1066666666667,309.73830337462243,75
327,4,8,457.85333333333335,470.6375216008905,75
327,4,9,367.36,375.12509745913746,75
327,4,10,339.04,365.7703815889096,75
327,4,11,424.14666666666665,447.13977627004226,75
327,4,12,520.0666666666667,521.3647201172431,75
327,4,13,583.8666666666667,619.7515265970535,75
327,4,14,877.9733333333334,868.6148110794968,75
327,4,15,1410.1866666666667,1425.4083674163855,75
327,4,16,1459.56,1453.9858819375725,75
327,4,17,1681.8266666666666,1699.6696341928637,75
327,4,18,1210.4133333333334,1227.3006835253395,75
327,4,19,759.4266666666666,896.3482544250542,75
327,4,20,487.04,542.5396454625104,75
327,4,21,372.96,417.17377931994037,75
327,4,22,374.97333333333336,388.82872623420724,75
327,4,23,273.97333333333336,249.7023527640653,75
327,5,0,158.52,151.86845623867154,75
327,5,1,48.32,50.4225250321822,75
327,5,2,21.64864864864865,19.76962630533675,74
327,5,3,9.756756756756756,9.56885575301903,74
327,5,4,9.432432432432432,9.700572356266973,74
327,5,5,19.613333333333333,19.496347270137885,75
327,5,6,37.48,36.3882308307447,75
327,5,7,75.6,75.75794448913128,75
327,5,8,129.04,128.875763795375,75
327,5,9,195.05333333333334,192.27597287200064,75
327,5,10,287.96,292.53179577345173,75
327,5,11,401.05333333333334,403.5327311292848,75
327,5,12,478.3333333333333,485.66116263463704,75
327,5,13,519.08,511.34979806671396,75
327,5,14,548.5333333333333,550.7087760453492,75
327,5,15,592.4933333333333,584.781936211944,75
327,5,16,604.4133333333333,593.4079270112928,75
327,5,17,581.8,582.9553656706446,75
327,5,18,533.9466666666667,537.7821948277847,75
327,5,19,473.3466666666667,472.483598644438,75
327,5,20,344.96,346.0605638900206,75
327,5,21,294.58666666666664,293.65405617604955,75
327,5,22,312.1333333333333,308.6593237473515,75
327,5,23,251.84,250.82121283909132,75
327,6,0,125.09333333333333,124.44439482593596,75
327,6,1,38.77333333333333,45.0695247564493,75
327,6,2,16.58108108108108,16.289803900856704,74
327,6,3,8.653333333333334,8.927874505984244,75
327,6,4,7.986666666666666,8.60236796083931,75
327,6,5,11.746666666666666,12.16419047203769,75
327,6,6,28.506666666666668,28.325680474649253,75
327,6,7,57.693333333333335,56.06513573505446,75
327,6,8,93.97333333333333,93.66580480216531,75
327,6,9,168.49333333333334,172.87618994920524,75
327,6,10,239.49333333333334,243.08362286576948,75
327,6,11,313.16,331.53148049132653,75
327,6,12,351.53333333333336,354.3352804524294,75
327,6,13,359.96,368.2932320937886,75
327,6,14,389.88,384.25219029134394,75
327,6,15,419.2,422.67369906353815,75
327,6,16,442.68,434.14624426714727,75
327,6,17,429.72,433.440945263939,75
327,6,18,356.6933333333333,358.75621103467165,75
327,6,19,290.2,290.30412230618316,75
327,6,20,263.62666666666667,266.2673622626408,75
327,6,21,211.57333333333332,197.04435902719052,75
327,6,22,192.01333333333332,196.963864921507,75
327,6,23,125.16,123.99904199272395,75
328,0,0,26.133333333333333,27.83671394989468,75
328,0,1,10.933333333333334,13.06530177664396,75
328,0,2,7.706666666666667,8.882819923726158,75
328,0,3,9.013333333333334,8.588147205826829,75
328,0,4,17.546666666666667,19.09823234817642,75
328,0,5,80.06666666666666,79.9867317114676,75
328,0,6,268.7866666666667,262.87699991187134,75
328,0,7,601.3466666666667,573.4429350620463,75
328,0,8,1011.9066666666666,1019.8373369694389,75
328,0,9,721.6666666666666,716.6493860529405,75
328,0,10,430.24,466.25520787043547,75
328,0,11,466.24,487.8265600074757,75
328,0,12,540.9466666666667,560.6037711857939,75
328,0,13,590.64,607.7432990066725,75
328,0,14,701.2533333333333,748.019133293773,75
328,0,15,888.8,900.9842430235226,75
328,0,16,1248.5866666666666,1297.5746578538965,75
328,0,17,1727.5866666666666,1760.6614053495637,75
328,0,18,1160.96,1166.4250755122055,75
328,0,19,647.36,612.1784331655247,75
328,0,20,330.02666666666664,332.9164986535657,75
328,0,21,190.64,197.96600147099554,75
328,0,22,122.74666666666667,128.97412288095157,75
328,0,23,74.36,77.44791660334504,75
328,1,0,58.42666666666667,58.69591243834895,75
328,1,1,22.773333333333333,22.878739600839687,75
328,1,2,10.135135135135135,9.489109307453726,74
328,1,3,9.716216216216216,8.67810859278381,74
328,1,4,21.76,20.32035902499065,75
328,1,5,87.96,85.44716388670393,75
328,1,6,306.7866666666667,276.63851966276644,75
328,1,7,738.1866666666666,696.2678674583193,75
328,1,8,1427.36,1348.4160608482432,75
328,1,9,1047.76,1010.1218448642483,75
328,1,10,496.76,520.6136627924841,75
328,1,11,487.0933333333333,527.1182800368916,75
328,1,12,525.6,581.8663048747562,75
328,1,13,567.24,641.468020849496,75
328,1,14,708.0,801.3727261673763,75
328,1,15,913.6666666666666,1013.6791494608143,75
328,1,16,1519.1333333333334,1535.6699448902245,75
328,1,17,2433.266666666667,2448.844210799334,75
328,1,18,1488.9066666666668,1458.9226630140574,75
328,1,19,667.7333333333333,726.3842382813096,75
328,1,20,350.7733333333333,395.4160936990321,75
328,1,21,222.29333333333332,244.8230475246511,75
328,1,22,145.90666666666667,162.27264755662864,75
328,1,23,78.61333333333333,83.00558048542025,75
328,2,0,68.28947368421052,64.77744239637838,76
328,2,1,25.605263157894736,23.934313351924008,76
328,2,2,11.013157894736842,10.232390183193717,76
328,2,3,10.157894736842104,9.220373521295455,76
328,2,4,19.605263157894736,19.622088234786144,76
328,2,5,85.23684210526316,84.4507317129995,76
328,2,6,294.2105263157895,273.40626707554037,76
328,2,7,705.75,688.3862847080894,76
328,2,8,1359.5,1326.2077002551323,76
328,2,9,1009.8684210526316,990.6097660346932,76
328,2,10,507.7763157894737,518.2375548183714,76
328,2,11,531.8157894736842,549.7231030066725,76
328,2,12,605.2933333333333,605.6065325667956,75
328,2,13,638.1052631578947,660.5728482226236,76
328,2,14,773.0921052631579,818.1235396141012,76
328,2,15,995.6447368421053,1027.8583576226606,76
328,2,16,1599.3815789473683,1552.104335581001,76
328,2,17,2495.4868421052633,2429.752670062783,76
328,2,18,1554.3815789473683,1455.900837606792,76
328,2,19,730.0921052631579,727.1011972959143,76
328,2,20,382.0263157894737,397.37599510051575,76
328,2,21,235.93421052631578,245.50982051841274,76
328,2,22,163.44736842105263,166.43014750620213,76
328,2,23,85.48684210526316,92.02488411174708,76
328,3,0,66.48,64.1742777002843,75
328,3,1,26.0,24.61763595475692,75
328,3,2,12.44,10.466160076493592,75
328,3,3,9.226666666666667,9.149708335140195,75
328,3,4,22.266666666666666,20.37776948901922,75
328,3,5,80.10666666666667,82.05312424817359,75
328,3,6,283.8933333333333,268.992789820566,75
328,3,7,672.52,670.8278025258342,75
328,3,8,1245.7466666666667,1242.05294938283,75
328,3,9,945.081081081081,963.5050247728593,74
328,3,10,481.62666666666667,513.276370616113,75
328,3,11,494.44,535.9334638890158,75
328,3,12,574.2266666666667,598.7172175345349,75
328,3,13,634.4133333333333,659.3172788933894,75
328,3,14,774.8933333333333,814.0403446922287,75
328,3,15,1003.9333333333333,1012.0489476419783,75
328,3,16,1505.8933333333334,1503.6248111314178,75
328,3,17,2250.5733333333333,2273.4246157755665,75
328,3,18,1466.36,1426.6952544519443,75
328,3,19,728.12,724.5009318643737,75
328,3,20,414.0933333333333,409.08214406767314,75
328,3,21,252.49333333333334,250.41699058524023,75
328,3,22,182.66666666666666,180.30013023033172,75
328,3,23,97.86666666666666,97.62705458598117,75
328,4,0,70.86666666666666,69.89531172013699,75
328,4,1,28.706666666666667,26.135357632810287,75
328,4,2,13.146666666666667,11.82520243518075,75
328,4,3,9.933333333333334,10.264193380504022,75
328,4,4,21.2,18.959974565248846,75
328,4,5,80.32,77.70131778036342,75
328,4,6,252.42666666666668,246.82112086456104,75
328,4,7,521.7066666666667,511.95689976872626,75
328,4,8,747.1733333333333,738.8367040826952,75
328,4,9,592.92,583.6786157514464,75
328,4,10,428.3066666666667,511.1849522711999,75
328,4,11,513.7866666666666,535.7793344544617,75
328,4,12,616.4,634.172895833235,75
328,4,13,685.5466666666666,685.5372388273946,75
328,4,14,825.88,821.4540350063322,75
328,4,15,1010.8533333333334,1001.2026213741785,75
328,4,16,1214.4933333333333,1211.3210177805902,75
328,4,17,1377.92,1380.1463213350019,75
328,4,18,1072.5866666666666,1091.0156607210106,75
328,4,19,672.9733333333334,727.7769261513358,75
328,4,20,405.17333333333335,414.18929063911486,75
328,4,21,264.26666666666665,264.3042343514239,75
328,4,22,225.37333333333333,219.42197152073524,75
328,4,23,132.84,124.79693844526601,75
328,5,0,81.66666666666667,79.50821835813672,75
328,5,1,37.24324324324324,33.226060843233874,74
328,5,2,14.256756756756756,13.166775835707876,74
328,5,3,9.391891891891891,9.951234755142972,74
328,5,4,11.56,11.722130259133914,75
328,5,5,22.106666666666666,21.201654985563625,75
328,5,6,80.37333333333333,141.32348456406862,75
328,5,7,142.32,137.14803123001366,75
328,5,8,216.98666666666668,209.48294398327596,75
328,5,9,336.49333333333334,331.146390109081,75
328,5,10,504.58666666666664,488.08934936637235,75
328,5,11,715.3866666666667,697.3223913615624,75
328,5,12,885.8266666666667,870.3436973495762,75
328,5,13,936.9466666666667,890.7705282285158,75
328,5,14,928.2933333333333,918.5734887041403,75
328,5,15,987.3066666666666,935.9722418602836,75
328,5,16,1023.56,990.7416311074551,75
328,5,17,1007.8533333333334,979.9761340076104,75
328,5,18,889.64,897.0402269454283,75
328,5,19,674.64,687.2249997874843,75
328,5,20,425.4266666666667,398.1018922650872,75
328,5,21,285.8,246.92485831714637,75
328,5,22,229.48,227.4142201738032,75
328,5,23,124.92,126.44664252597187,75
328,6,0,63.17333333333333,63.46400975636205,75
328,6,1,22.586666666666666,29.201149204627807,75
328,6,2,11.743243243243244,12.503807048361418,74
328,6,3,8.333333333333334,9.765595263023398,75
328,6,4,10.8,11.883556551818204,75
328,6,5,16.013333333333332,18.49004906939114,75
328,6,6,52.56,53.32960442070446,75
328,6,7,63.733333333333334,62.93979532704461,75
328,6,8,146.86666666666667,147.01901994031516,75
328,6,9,238.21333333333334,238.83627016457393,75
328,6,10,389.26666666666665,374.06618221949054,75
328,6,11,588.12,589.6792793469184,75
328,6,12,694.4,677.3945438650351,75
328,6,13,714.9066666666666,687.278448563148,75
328,6,14,727.76,709.031936412491,75
328,6,15,732.8266666666667,708.1063359212179,75
328,6,16,761.0133333333333,733.4405922779521,75
328,6,17,704.5733333333334,696.0753479638461,75
328,6,18,599.24,619.3705293754884,75
328,6,19,424.56,425.65147706890167,75
328,6,20,253.92,240.44475772084857,75
328,6,21,178.97333333333333,169.44258873218985,75
328,6,22,118.42666666666666,122.5673765639531,75
328,6,23,65.2,66.66471691322215,75
329,0,0,13.506666666666666,13.021531935628019,75
329,0,1,5.571428571428571,7.531035447580013,70
329,0,2,3.6153846153846154,4.955658908926615,65
329,0,3,3.887323943661972,3.548145887579405,71
329,0,4,5.918918918918919,6.086839323598312,74
329,0,5,22.186666666666667,22.0185096408502,75
329,0,6,77.01333333333334,78.40532824065225,75
329,0,7,223.85333333333332,221.4537025666079,75
329,0,8,500.76,495.4171409368321,75
329,0,9,350.4,365.0067268778464,75
329,0,10,234.12,249.45067807783437,75
329,0,11,233.41333333333333,239.1403923055451,75
329,0,12,225.12,239.95724506784643,75
329,0,13,238.93333333333334,255.77576451547867,75
329,0,14,331.50666666666666,322.8762896280484,75
329,0,15,429.48,418.0856311190635,75
329,0,16,495.0933333333333,483.55455807361705,75
329,0,17,591.9066666666666,618.2869813378746,75
329,0,18,442.6933333333333,438.15762177363223,75
329,0,19,222.21333333333334,233.5096528240717,75
329,0,20,131.56,138.83312608954202,75
329,0,21,80.22666666666667,80.88418378644313,75
329,0,22,56.84,59.23257925099367,75
329,0,23,44.85333333333333,43.641525640572844,75
329,1,0,34.973333333333336,35.33358434924777,75
329,1,1,6.933333333333334,7.528806191128985,75
329,1,2,3.8970588235294117,5.069077458929255,68
329,1,3,3.3714285714285714,3.462653199452788,70
329,1,4,7.133333333333334,6.140466101231278,75
329,1,5,23.626666666666665,22.931926335687248,75
329,1,6,97.38666666666667,90.01519931845951,75
329,1,7,276.04,268.6775193287403,75
329,1,8,658.7733333333333,637.996553776958,75
329,1,9,468.06666666666666,469.7154803146506,75
329,1,10,261.53333333333336,278.37424631082365,75
329,1,11,231.68,266.38995656472105,75
329,1,12,235.53333333333333,266.57939751751223,75
329,1,13,249.93333333333334,277.0257952524858,75
329,1,14,360.53333333333336,364.16249245125954,75
329,1,15,461.7866666666667,464.43719800650746,75
329,1,16,575.8666666666667,550.8753646880687,75
329,1,17,753.3333333333334,720.1195968817882,75
329,1,18,535.5066666666667,522.1855422583706,75
329,1,19,256.25333333333333,281.67198472487087,75
329,1,20,154.24,162.29587336299,75
329,1,21,92.34666666666666,91.25536199292894,75
329,1,22,58.86666666666667,61.45839409908794,75
329,1,23,48.76,49.22195603183943,75
329,2,0,40.6578947368421,39.082497307476864,76
329,2,1,8.802631578947368,8.353602281520027,76
329,2,2,4.708333333333333,5.720185054946496,72
329,2,3,3.0140845070422535,3.588223142465395,71
329,2,4,6.657534246575342,6.228150297308986,73
329,2,5,23.736842105263158,22.717685465280013,76
329,2,6,89.4342105263158,88.8793957547248,76
329,2,7,266.57894736842104,265.83753772775145,76
329,2,8,634.578947368421,628.5010714748375,76
329,2,9,455.25,465.16358051758033,76
329,2,10,268.9342105263158,277.492007821781,76
329,2,11,251.28947368421052,268.4560907350314,76
329,2,12,255.94736842105263,269.3132771691463,76
329,2,13,272.2236842105263,280.5908755243895,76
329,2,14,366.35526315789474,367.1939014543204,76
329,2,15,474.64473684210526,465.92319683875536,76
329,2,16,579.8947368421053,546.702063626585,76
329,2,17,767.328947368421,710.6843612331687,76
329,2,18,549.0921052631579,518.4895069634138,76
329,2,19,275.0131578947368,281.7159792098808,76
329,2,20,167.82894736842104,167.3046726023856,76
329,2,21,97.69736842105263,99.26066951881339,76
329,2,22,67.76315789473684,69.01902089848461,76
329,2,23,57.69736842105263,54.71234873864364,76
329,3,0,40.6,39.65455664148442,75
329,3,1,10.121621621621621,8.604136136729984,74
329,3,2,5.8428571428571425,6.06119476816112,70
329,3,3,3.763888888888889,3.6999195396970603,72
329,3,4,7.3108108108108105,6.5460433115911005,74
329,3,5,24.333333333333332,22.861533433809846,75
329,3,6,90.16,87.47814987767259,75
329,3,7,254.53333333333333,259.0336902663377,75
329,3,8,599.5466666666666,609.4749794038228,75
329,3,9,442.14666666666665,453.8183892595875,75
329,3,10,264.46666666666664,275.00928166036016,75
329,3,11,251.05333333333334,266.64724636290407,75
329,3,12,253.65333333333334,268.2366111344788,75
329,3,13,265.84,279.5009859511387,75
329,3,14,373.72,367.61853339906236,75
329,3,15,474.1333333333333,463.3263419049632,75
329,3,16,566.6,542.6931179462823,75
329,3,17,728.4666666666667,700.9307790835671,75
329,3,18,549.4533333333334,516.2339728676138,75
329,3,19,287.04,280.8410155450362,75
329,3,20,181.18666666666667,172.3499446301564,75
329,3,21,110.22666666666667,103.2173726055827,75
329,3,22,82.30666666666667,76.92655967665182,75
329,3,23,64.36,59.877519602084455,75
329,4,0,45.38666666666666,42.787206411349075,75
329,4,1,11.6,10.861148460698528,75
329,4,2,6.1466666666666665,5.765399151759892,75
329,4,3,4.263888888888889,3.5926537140285983,72
329,4,4,5.96,6.280653961249871,75
329,4,5,22.186666666666667,22.418371471399055,75
329,4,6,75.94666666666667,73.78643547144345,75
329,4,7,197.57333333333332,195.17222808067189,75
329,4,8,372.02666666666664,378.5491747078193,75
329,4,9,305.44,314.0267872388915,75
329,4,10,241.08,278.5099614015331,75
329,4,11,257.26666666666665,269.4015103443011,75
329,4,12,260.85333333333335,270.566577977417,75
329,4,13,280.96,284.85747071979216,75
329,4,14,382.3466666666667,368.7126905622244,75
329,4,15,474.6,467.49507640467095,75
329,4,16,515.36,540.1517382476486,75
329,4,17,597.28,655.9746827845341,75
329,4,18,466.8933333333333,493.3642210028081,75
329,4,19,302.8666666666667,285.83394990881476,75
329,4,20,193.26666666666668,195.60143737616337,75
329,4,21,128.06666666666666,131.0811294731016,75
329,4,22,108.69333333333333,104.25157662035095,75
329,4,23,96.62666666666667,91.5079182413606,75
329,5,0,56.346666666666664,53.28818116489153,75
329,5,1,18.85333333333333,18.313148820921068,75
329,5,2,9.972602739726028,9.172805781884575,73
329,5,3,6.337837837837838,6.245940742774983,74
329,5,4,6.175675675675675,6.418516231594197,74
329,5,5,10.533333333333333,10.203853329086423,75
329,5,6,26.4,24.90994287556668,75
329,5,7,59.093333333333334,55.277473998530354,75
329,5,8,132.84,136.17226323890443,75
329,5,9,214.04,215.549237179889,75
329,5,10,285.41333333333336,267.48435421179187,75
329,5,11,341.3333333333333,318.996722451375,75
329,5,12,370.68,325.0488906397951,75
329,5,13,371.05333333333334,352.32999680725106,75
329,5,14,347.6933333333333,339.92634432583856,75
329,5,15,348.73333333333335,350.33375574456574,75
329,5,16,361.3333333333333,362.07939146721867,75
329,5,17,383.3066666666667,376.32024900709524,75
329,5,18,356.18666666666667,355.9991398031657,75
329,5,19,292.74666666666667,262.4364198894885,75
329,5,20,192.08,174.93100399236639,75
329,5,21,132.42666666666668,129.3181290403975,75
329,5,22,95.69333333333333,94.99975400863454,75
329,5,23,83.4,88.15342687120479,75
329,6,0,51.08,52.65046348445331,75
329,6,1,19.666666666666668,18.11568938764573,75
329,6,2,11.135135135135135,9.496312958953453,74
329,6,3,6.04,6.094743040378699,75
329,6,4,5.8533333333333335,6.392996964459091,75
329,6,5,9.96,9.974482392691979,75
329,6,6,19.14666666666667,20.407294753150662,75
329,6,7,41.74666666666667,38.05478584391662,75
329,6,8,102.48,100.97254122153242,75
329,6,9,190.34666666666666,190.47999117175854,75
329,6,10,255.84,252.70900622797683,75
329,6,11,313.9866666666667,308.89542696292204,75
329,6,12,323.17333333333335,315.3518964906278,75
329,6,13,312.62666666666667,311.44731818273453,75
329,6,14,296.85333333333335,289.0632165929592,75
329,6,15,280.4266666666667,279.23341066289026,75
329,6,16,271.3466666666667,270.4521845579023,75
329,6,17,284.0133333333333,280.80517775416234,75
329,6,18,229.26666666666668,230.65693021858402,75
329,6,19,154.61333333333334,152.24720877413702,75
329,6,20,108.22666666666667,105.32413760961234,75
329,6,21,73.14666666666666,74.21531977154957,75
329,6,22,54.8,54.25109912061848,75
329,6,23,37.0,40.768260831799324,75
333,0,0,48.91891891891892,47.87173815600366,74
333,0,1,16.123287671232877,15.062409676680884,73
333,0,2,6.971830985915493,7.9408914477699515,71
333,0,3,5.746478873239437,5.995675355614632,71
333,0,4,8.397260273972602,7.936004077852449,73
333,0,5,26.6,24.645606675149498,75
333,0,6,130.96,132.82163748358764,75
333,0,7,382.92,381.78714888869365,75
333,0,8,760.3866666666667,774.214886632415,75
333,0,9,521.5733333333334,525.3766601949468,75
333,0,10,368.2133333333333,382.2613193804488,75
333,0,11,367.0133333333333,391.46789410572546,75
333,0,12,413.97333333333336,440.8702230213142,75
333,0,13,469.12,489.6316922834116,75
333,0,14,656.2533333333333,638.8715909965308,75
333,0,15,1085.1066666666666,1072.3982900142705,75
333,0,16,1672.68,1680.2281520091672,75
333,0,17,2287.8533333333335,2309.395419992928,75
333,0,18,1356.4266666666667,1385.6119092525607,75
333,0,19,659.6,653.0107517878856,75
333,0,20,432.72,445.9949040555867,75
333,0,21,338.29333333333335,338.60894399808717,75
333,0,22,259.05333333333334,257.9056208024809,75
333,0,23,151.93333333333334,146.9142795917836,75
333,1,0,79.05479452054794,73.88737828113373,73
333,1,1,15.577464788732394,15.167631861611628,71
333,1,2,7.7,8.069719683370769,70
333,1,3,5.3088235294117645,5.996308971291833,68
333,1,4,6.933333333333334,6.9491054945203645,75
333,1,5,26.733333333333334,25.799077192777695,75
333,1,6,152.74666666666667,148.5880268948004,75
333,1,7,474.73333333333335,459.6017055735315,75
333,1,8,1028.8,1016.8741233372939,75
333,1,9,668.0533333333333,673.386338673036,75
333,1,10,421.68,436.13852492111494,75
333,1,11,409.85333333333335,443.0541543305017,75
333,1,12,462.1333333333333,487.26651789889553,75
333,1,13,536.5733333333334,556.8612503326084,75
333,1,14,755.1866666666666,729.3692263893205,75
333,1,15,1324.6,1220.7873558407637,75
333,1,16,2246.733333333333,2252.108658301886,75
333,1,17,3311.306666666667,3274.9372510388716,75
333,1,18,1939.8666666666666,1867.6621026601001,75
333,1,19,858.6133333333333,855.5391609035389,75
333,1,20,541.0,539.1687628686769,75
333,1,21,402.16,421.00321978256505,75
333,1,22,288.76,305.86360980114495,75
333,1,23,159.68,181.1847650984814,75
333,2,0,88.8,87.68712376706169,75
333,2,1,19.875,19.711576382176993,72
333,2,2,10.227272727272727,9.83387828705985,66
333,2,3,6.164179104477612,6.570048144576739,67
333,2,4,8.069444444444445,7.121239961825798,72
333,2,5,25.36842105263158,25.612507982996146,76
333,2,6,146.92105263157896,146.80945201500322,76
333,2,7,456.63157894736844,454.4432579577868,76
333,2,8,991.4736842105264,1003.2612977820731,76
333,2,9,661.5921052631579,664.7257886156098,76
333,2,10,433.2236842105263,434.8430254309298,76
333,2,11,432.7894736842105,445.9695446050444,76
333,2,12,485.60526315789474,496.3714359094384,76
333,2,13,571.0263157894736,578.8488077782438,76
333,2,14,758.2631578947369,731.0636716204211,76
333,2,15,1339.1315789473683,1212.248890609197,76
333,2,16,2176.9736842105262,2218.7496908442645,76
333,2,17,3222.684210526316,3215.73520131292,76
333,2,18,1939.9868421052631,1843.2474801686942,76
333,2,19,896.3947368421053,852.7424166576068,76
333,2,20,553.5394736842105,544.1290701090896,76
333,2,21,408.7368421052632,419.18120720363385,76
333,2,22,321.32894736842104,307.6110534150706,76
333,2,23,183.56578947368422,188.22271006056982,76
333,3,0,101.45333333333333,92.51199147906989,75
333,3,1,25.527027027027028,23.56366768941798,74
333,3,2,10.76388888888889,10.625545145162782,72
333,3,3,7.243243243243243,7.1885076008682525,74
333,3,4,8.54054054054054,7.585261248852526,74
333,3,5,26.493333333333332,26.00315690728571,75
333,3,6,138.16,144.31935675602392,75
333,3,7,429.58666666666664,443.4366995280632,75
333,3,8,918.6933333333334,967.4802913717173,75
333,3,9,626.0,651.1977999860712,75
333,3,10,432.50666666666666,432.5850429346033,75
333,3,11,431.68,444.0463856954725,75
333,3,12,489.08,494.27595361603755,75
333,3,13,578.44,572.646887325055,75
333,3,14,777.88,731.482775904272,75
333,3,15,1323.5733333333333,1195.7737962023607,75
333,3,16,2057.0,2157.669991732071,75
333,3,17,2985.4533333333334,2929.839985927126,75
333,3,18,1841.2533333333333,1806.4160490086026,75
333,3,19,887.2666666666667,829.5980969691102,75
333,3,20,584.88,545.2359032390592,75
333,3,21,440.0933333333333,427.3071290918762,75
333,3,22,356.14666666666665,329.9813855309196,75
333,3,23,213.78666666666666,218.93342197513223,75
333,4,0,120.53333333333333,110.80237722551763,75
333,4,1,25.91891891891892,26.02512430492659,74
333,4,2,12.333333333333334,11.812666203457345,75
333,4,3,7.621621621621622,7.904813916106039,74
333,4,4,9.4,8.802533853388624,75
333,4,5,25.28,24.419490942894413,75
333,4,6,112.32,117.82726671238159,75
333,4,7,307.84,318.6810493939016,75
333,4,8,542.7466666666667,551.2489409594994,75
333,4,9,446.3066666666667,448.7012709851236,75
333,4,10,381.50666666666666,423.882775941034,75
333,4,11,429.25333333333333,447.5079954547046,75
333,4,12,539.28,512.1326056579139,75
333,4,13,589.28,590.5183848905749,75
333,4,14,818.92,758.3110391293857,75
333,4,15,1117.3866666666668,1159.206381966432,75
333,4,16,1456.5866666666666,1460.6152876999952,75
333,4,17,1657.44,1661.5953728276488,75
333,4,18,1125.2,1132.210167364524,75
333,4,19,684.5733333333334,750.2823307480012,75
333,4,20,484.02666666666664,534.0945952324229,75
333,4,21,409.96,437.68599099344397,75
333,4,22,384.50666666666666,398.8472173316685,75
333,4,23,272.2266666666667,246.6150272256846,75
333,5,0,175.74666666666667,164.4949094973467,75
333,5,1,50.945945945945944,52.061667846782235,74
333,5,2,21.8,20.98117490252492,75
333,5,3,11.753424657534246,10.821827513369284,73
333,5,4,10.472222222222221,10.094225673248882,72
333,5,5,20.586666666666666,20.238697526454153,75
333,5,6,52.91891891891892,48.66949208336896,74
333,5,7,116.4,113.18899983642623,75
333,5,8,184.81333333333333,180.81495458579587,75
333,5,9,293.27027027027026,290.4323816535099,74
333,5,10,395.73333333333335,388.7140324057103,75
333,5,11,479.6533333333333,450.82331682827584,75
333,5,12,530.3378378378378,508.4174957109523,74
333,5,13,565.6216216216217,556.9696585816347,74
333,5,14,558.8666666666667,566.6127159316354,75
333,5,15,618.2027027027027,620.3780976316838,74
333,5,16,647.6533333333333,661.1953604991965,75
333,5,17,696.08,688.1295828031857,75
333,5,18,692.5675675675676,681.2359140241309,74
333,5,19,588.7432432432432,579.9892686233369,74
333,5,20,458.93243243243245,457.8606401028415,74
333,5,21,388.2027027027027,382.7146802352429,74
333,5,22,329.38666666666666,324.6790841246565,75
333,5,23,279.8493150684931,261.8280589531924,73
333,6,0,148.2876712328767,153.4174766649896,73
333,6,1,58.86486486486486,52.533731014366595,74
333,6,2,28.0,24.589472209812545,72
333,6,3,13.22972972972973,10.907590552599052,74
333,6,4,10.095890410958905,10.186786634862434,73
333,6,5,14.266666666666667,16.288455287675838,75
333,6,6,36.82666666666667,37.99326766866145,75
333,6,7,91.89189189189189,92.93466779376655,74
333,6,8,174.7972972972973,172.4760002133185,74
333,6,9,285.77027027027026,284.71742089464675,74
333,6,10,377.5810810810811,358.67189412864053,74
333,6,11,429.52702702702703,400.48862535355806,74
333,6,12,479.09589041095893,472.7141689506799,73
333,6,13,461.44,454.4941436470949,75
333,6,14,478.54794520547944,471.0483650421219,73
333,6,15,494.0405405405405,491.5287658517359,74
333,6,16,524.6986301369863,535.3912757633343,73
333,6,17,538.5,543.090497585577,74
333,6,18,481.86301369863014,485.8019214360259,73
333,6,19,352.9189189189189,354.3320922106056,74
333,6,20,312.77027027027026,294.3211626973059,74
333,6,21,258.3783783783784,239.45800054628134,74
333,6,22,226.0,220.63271322624198,74
333,6,23,131.06756756756758,127.0020163331852,74
392,0,0,135.17333333333335,135.42635363363988,75
392,0,1,56.70666666666666,58.054457478384165,75
392,0,2,34.78666666666667,34.40661687004947,75
392,0,3,38.44,37.70570974775808,75
392,0,4,68.34666666666666,71.74991895278498,75
392,0,5,258.52,261.6140262560651,75
392,0,6,696.7066666666667,701.4967057909115,75
392,0,7,1518.96,1534.0619231527494,75
392,0,8,1655.3733333333332,1651.1600537441363,75
392,0,9,1023.6133333333333,1017.5262027226225,75
392,0,10,739.5866666666667,727.3693745619308,75
392,0,11,682.1466666666666,673.578358600765,75
392,0,12,702.0666666666667,699.0649494803046,75
392,0,13,785.8666666666667,782.5700578990812,75
392,0,14,1021.92,1040.4847917179973,75
392,0,15,1390.5866666666666,1388.4428523318086,75
392,0,16,1568.3333333333333,1567.3940997211225,75
392,0,17,1495.2533333333333,1457.029765271811,75
392,0,18,1016.4533333333334,1025.9294684000563,75
392,0,19,671.7333333333333,673.6763519425568,75
392,0,20,509.37333333333333,506.7333877002344,75
392,0,21,386.28,388.3549670154837,75
392,0,22,294.06666666666666,292.25909954987037,75
392,0,23,218.36,216.55709450419286,75
392,1,0,145.25333333333333,143.1046844910413,75
392,1,1,56.81333333333333,58.038337056889674,75
392,1,2,36.28,35.484530024454884,75
392,1,3,42.21333333333333,40.65933043304287,75
392,1,4,77.12,79.11781779126642,75
392,1,5,299.3466666666667,287.3435234661709,75
392,1,6,777.6666666666666,770.6622337283425,75
392,1,7,1709.3466666666666,1713.96933209762,75
392,1,8,1919.5066666666667,1925.8924633442382,75
392,1,9,1182.0533333333333,1205.6153951375509,75
392,1,10,830.5466666666666,812.5556355300812,75
392,1,11,737.68,734.5099499812418,75
392,1,12,773.8133333333334,776.3933991965273,75
392,1,13,883.2,883.6004207470631,75
392,1,14,1117.6266666666668,1165.8681806590287,75
392,1,15,1484.8666666666666,1529.036013651678,75
392,1,16,1751.7066666666667,1745.7350104840111,75
392,1,17,1772.08,1747.0124186066614,75
392,1,18,1195.6533333333334,1175.517486045094,75
392,1,19,758.0133333333333,758.2093736230606,75
392,1,20,553.16,574.0795620333971,75
392,1,21,422.72,445.9994661006578,75
392,1,22,314.88,333.0529187652734,75
392,1,23,219.56,227.61592158780846,75
392,2,0,152.39473684210526,150.3095599262939,76
392,2,1,60.76315789473684,60.236977063138895,76
392,2,2,36.8421052631579,37.16184624738866,76
392,2,3,40.94736842105263,41.08800506564806,76
392,2,4,77.26315789473684,78.5615924360157,76
392,2,5,279.0394736842105,283.8168060177571,76
392,2,6,759.8947368421053,762.7980993799059,76
392,2,7,1688.3815789473683,1700.5233405509114,76
392,2,8,1901.4736842105262,1908.3604783016349,76
392,2,9,1178.2763157894738,1192.525105697119,76
392,2,10,830.671052631579,805.8397572810587,76
392,2,11,730.5657894736842,729.9597630104574,76
392,2,12,767.8421052631579,780.4775604087893,76
392,2,13,871.5,879.7532931884522,76
392,2,14,1128.5394736842106,1160.0813978536862,76
392,2,15,1510.6973684210527,1517.538070239875,76
392,2,16,1711.3552631578948,1730.5265312410231,76
392,2,17,1733.0131578947369,1727.1556802503126,76
392,2,18,1196.5394736842106,1164.2063291267823,76
392,2,19,750.5131578947369,757.0174539506056,76
392,2,20,560.9473684210526,575.1180487904177,76
392,2,21,433.5131578947368,446.31455978137893,76
392,2,22,326.3421052631579,333.09490343841725,76
392,2,23,231.57894736842104,229.3204899557879,76
392,3,0,147.44,150.24082032950523,75
392,3,1,62.16,61.11806942997148,75
392,3,2,37.78666666666667,37.18078124402326,75
392,3,3,38.013333333333335,39.652389195538596,75
392,3,4,75.66666666666667,77.38673835378111,75
392,3,5,280.6,280.033517998399,75
392,3,6,736.56,743.21069420984,75
392,3,7,1644.3866666666668,1658.3685872638448,75
392,3,8,1820.0933333333332,1842.3005046601843,75
392,3,9,1129.9866666666667,1162.1117565724737,75
392,3,10,810.8666666666667,794.0178077019402,75
392,3,11,742.5866666666667,721.5086574192034,75
392,3,12,786.6933333333334,774.252632918051,75
392,3,13,878.12,868.4581806609103,75
392,3,14,1110.3733333333332,1146.8546937981905,75
392,3,15,1458.9733333333334,1488.3456350333236,75
392,3,16,1682.8,1696.0866359914858,75
392,3,17,1675.16,1696.0268035148194,75
392,3,18,1147.4933333333333,1153.405336340424,75
392,3,19,772.5466666666666,754.3680025547094,75
392,3,20,571.8666666666667,579.1010755525311,75
392,3,21,431.4266666666667,454.8572518448973,75
392,3,22,344.2,345.98078818563084,75
392,3,23,235.74666666666667,247.3595841904157,75
392,4,0,151.8,152.26617600604857,75
392,4,1,64.97333333333333,63.08365774180289,75
392,4,2,38.653333333333336,38.49923216085751,75
392,4,3,40.986666666666665,41.40917666459973,75
392,4,4,71.12,72.9847238235762,75
392,4,5,266.3066666666667,255.92782663524346,75
392,4,6,702.2266666666667,706.183332134052,75
392,4,7,1474.3866666666668,1459.0637968592196,75
392,4,8,1526.3866666666668,1522.186507895282,75
392,4,9,969.9733333333334,931.8390564219716,75
392,4,10,765.7466666666667,776.4783916754487,75
392,4,11,726.6666666666666,725.9433433167371,75
392,4,12,818.7333333333333,786.1657530783932,75
392,4,13,916.0933333333334,883.2901579658567,75
392,4,14,1135.48,1164.6139019621169,75
392,4,15,1465.6533333333334,1484.844819985024,75
392,4,16,1580.0266666666666,1560.0627873299163,75
392,4,17,1491.96,1470.8972130294792,75
392,4,18,1102.76,1165.1854638025434,75
392,4,19,771.0933333333334,763.5038322542389,75
392,4,20,602.3066666666666,592.6413562391891,75
392,4,21,465.05333333333334,467.27434471417405,75
392,4,22,377.08,399.9743781025387,75
392,4,23,263.36,291.80917921028555,75
392,5,0,183.02666666666667,191.3371175833323,75
392,5,1,88.48,99.61808437223225,75
392,5,2,47.36,48.31497862182444,75
392,5,3,37.733333333333334,41.2057873052719,75
392,5,4,54.10666666666667,55.72502168831481,75
392,5,5,118.13333333333334,127.66762902869998,75
392,5,6,296.62666666666667,302.9421852538085,75
392,5,7,440.25333333333333,444.33127857884693,75
392,5,8,564.5466666666666,570.1217903665025,75
392,5,9,547.72,551.732400967582,75
392,5,10,573.1333333333333,585.4342307167287,75
392,5,11,613.6266666666667,607.1872572311881,75
392,5,12,676.8266666666667,693.3301037200604,75
392,5,13,743.5333333333333,791.9084049845017,75
392,5,14,813.5333333333333,815.6058904776265,75
392,5,15,883.4666666666667,871.3274331408076,75
392,5,16,864.76,851.5053591001177,75
392,5,17,774.2666666666667,802.8067844849254,75
392,5,18,721.64,738.5264056214529,75
392,5,19,598.36,597.4449619931451,75
392,5,20,509.52,506.2034638942649,75
392,5,21,403.7733333333333,396.77199083715163,75
392,5,22,357.0,367.240297795301,75
392,5,23,262.18666666666667,284.0004961643745,75
392,6,0,166.30666666666667,172.64458059395693,75
392,6,1,80.72,98.50789921263785,75
392,6,2,45.12162162162162,48.05213258128416,74
392,6,3,39.266666666666666,41.153350785956,75
392,6,4,46.52,48.99522630098368,75
392,6,5,88.16,86.9608728576252,75
392,6,6,220.48,222.37526398851895,75
392,6,7,320.48,324.3546204335004,75
392,6,8,397.68,396.2045190999929,75
392,6,9,417.2133333333333,420.4833972531759,75
392,6,10,478.6933333333333,491.9420855746094,75
392,6,11,534.28,542.8887642323073,75
392,6,12,610.9333333333333,614.5686447012249,75
392,6,13,642.9333333333333,662.4683254129739,75
392,6,14,675.8933333333333,671.2520022977485,75
392,6,15,719.4933333333333,730.9323165114487,75
392,6,16,676.8,698.523001959849,75
392,6,17,602.48,614.98254769578,75
392,6,18,561.1333333333333,569.3410732145323,75
392,6,19,476.74666666666667,479.8451212681791,75
392,6,20,407.96,407.12943503418046,75
392,6,21,330.25333333333333,318.30999687655157,75
392,6,22,297.2266666666667,279.77192578594344,75
392,6,23,196.45333333333335,189.38087621898836,75
393,0,0,39.93333333333333,38.574162834174615,75
393,0,1,16.466666666666665,15.624573877370116,75
393,0,2,15.266666666666667,14.83863641549951,75
393,0,3,22.69333333333333,24.285392767874814,75
393,0,4,61.53333333333333,61.20629738747609,75
393,0,5,147.22666666666666,145.75409804226396,75
393,0,6,349.92,359.57562809145236,75
393,0,7,748.5333333333333,720.2367661663026,75
393,0,8,974.2533333333333,976.5426619878758,75
393,0,9,587.76,584.9714467992773,75
393,0,10,452.25333333333333,436.81396087573415,75
393,0,11,411.46666666666664,401.95147155077285,75
393,0,12,440.16,443.466580002929,75
393,0,13,489.4266666666667,467.3972226193696,75
393,0,14,596.96,591.6506713305321,75
393,0,15,967.2133333333334,972.5747080840232,75
393,0,16,778.96,763.8768975355999,75
393,0,17,649.5733333333334,630.673616231613,75
393,0,18,488.50666666666666,470.24347042212963,75
393,0,19,347.88,338.9051046749885,75
393,0,20,239.17333333333335,233.70001068881126,75
393,0,21,148.46666666666667,149.7006478855758,75
393,0,22,104.13333333333334,105.65138446175597,75
393,0,23,80.45333333333333,81.16864304620749,75
393,1,0,38.25333333333333,38.72999796901933,75
393,1,1,15.573333333333334,15.654455122473637,75
393,1,2,14.066666666666666,14.83913964016991,75
393,1,3,25.56,24.79321253900147,75
393,1,4,62.733333333333334,62.79071892872668,75
393,1,5,154.6,155.01268230576815,75
393,1,6,399.73333333333335,404.7398744148903,75
393,1,7,846.4266666666666,834.4906825243274,75
393,1,8,1157.44,1157.311276895764,75
393,1,9,662.4266666666666,665.8986289232686,75
393,1,10,493.41333333333336,486.5151565398749,75
393,1,11,458.85333333333335,453.74557951997673,75
393,1,12,494.0933333333333,487.22580328279486,75
393,1,13,537.5866666666667,512.1254512117457,75
393,1,14,672.56,664.0166783407228,75
393,1,15,1042.9866666666667,1022.5444548046678,75
393,1,16,837.6266666666667,820.9513598827685,75
393,1,17,751.1066666666667,699.4542259539697,75
393,1,18,557.6533333333333,539.5901376556596,75
393,1,19,400.68,393.9757021471696,75
393,1,20,273.02666666666664,281.4640785694723,75
393,1,21,166.13333333333333,166.30665558564453,75
393,1,22,109.25333333333333,116.68412938704212,75
393,1,23,83.41333333333333,83.24907792152341,75
393,2,0,43.78947368421053,42.89500976789858,76
393,2,1,16.82894736842105,16.429014638265233,76
393,2,2,16.82894736842105,15.532016002649392,76
393,2,3,23.61842105263158,24.74368141375472,76
393,2,4,61.63157894736842,62.37268447389274,76
393,2,5,155.31578947368422,152.3880870939911,76
393,2,6,390.9342105263158,400.75691236961137,76
393,2,7,828.0921052631579,829.1312617381473,76
393,2,8,1139.1315789473683,1145.0768751429757,76
393,2,9,667.2368421052631,660.7270875102896,76
393,2,10,504.11842105263156,484.0612032596835,76
393,2,11,476.7894736842105,456.40802163759105,76
393,2,12,506.10526315789474,491.982848808098,76
393,2,13,532.3947368421053,511.5686660096351,76
393,2,14,671.5263157894736,659.140367109437,76
393,2,15,998.0,1014.9290129125029,76
393,2,16,837.4736842105264,815.9228202731329,76
393,2,17,738.0,691.4623657597828,76
393,2,18,559.171052631579,541.7032069623225,76
393,2,19,398.67105263157896,392.10006010839106,76
393,2,20,270.55263157894734,281.6313377380761,76
393,2,21,169.6184210526316,168.51935393139107,76
393,2,22,112.47368421052632,116.67520646662625,76
393,2,23,86.53947368421052,84.28321917918825,76
393,3,0,42.733333333333334,44.75148526286903,75
393,3,1,17.613333333333333,16.422474050006024,75
393,3,2,14.92,15.504800599542959,75
393,3,3,23.96,24.844483038001858,75
393,3,4,60.48,61.27053343669771,75
393,3,5,151.88,150.57968468639484,75
393,3,6,384.93333333333334,393.02215404284044,75
393,3,7,798.4933333333333,806.5873838284236,75
393,3,8,1083.92,1115.4701058065345,75
393,3,9,637.1866666666666,647.1087693058463,75
393,3,10,498.62666666666667,480.65682288130665,75
393,3,11,459.6933333333333,452.48464964193204,75
393,3,12,494.58666666666664,486.25583874583583,75
393,3,13,511.72,506.4877939073179,75
393,3,14,648.3866666666667,649.1014279283446,75
393,3,15,1001.3333333333334,1006.4878017035928,75
393,3,16,806.5066666666667,804.04944369085,75
393,3,17,737.08,683.5656134564595,75
393,3,18,553.1333333333333,539.8456432895639,75
393,3,19,397.58666666666664,405.90020961854634,75
393,3,20,285.3333333333333,281.6319818109176,75
393,3,21,174.36,175.84002617763605,75
393,3,22,116.52,117.15161617239107,75
393,3,23,90.29333333333334,86.64859679396945,75
393,4,0,44.86666666666667,43.33078398694216,75
393,4,1,18.386666666666667,18.065858012334562,75
393,4,2,16.32,16.40829654458531,75
393,4,3,24.24,24.73175188761131,75
393,4,4,57.24,57.297113869383104,75
393,4,5,146.2,144.55289865575241,75
393,4,6,351.9066666666667,342.07123672858273,75
393,4,7,747.5866666666667,731.6349890539765,75
393,4,8,930.3066666666666,932.982038222638,75
393,4,9,576.0533333333333,563.3674071334054,75
393,4,10,487.9866666666667,488.97067151434004,75
393,4,11,492.16,459.88428086194625,75
393,4,12,539.0533333333333,502.1461314257385,75
393,4,13,548.56,520.9871110367604,75
393,4,14,683.4133333333333,670.4058783624647,75
393,4,15,1047.92,1025.7461379768479,75
393,4,16,807.4,808.9706372071488,75
393,4,17,715.5333333333333,692.9310628142645,75
393,4,18,566.56,549.2565155447866,75
393,4,19,421.44,415.8031226974227,75
393,4,20,306.73333333333335,287.3950525336563,75
393,4,21,204.02666666666667,205.78798241155735,75
393,4,22,139.38666666666666,141.32579445353954,75
393,4,23,110.18666666666667,112.4329229907574,75
393,5,0,61.42666666666667,62.82097831410978,75
393,5,1,25.635135135135137,25.25380187070442,74
393,5,2,20.95945945945946,22.348769283174363,74
393,5,3,21.6,21.40157755130576,75
393,5,4,36.733333333333334,37.78129914750687,75
393,5,5,75.22666666666667,81.10960338216829,75
393,5,6,156.12,156.1232895256556,75
393,5,7,225.34666666666666,225.20781335598605,75
393,5,8,310.68,308.52595034899116,75
393,5,9,346.18666666666667,353.93353616779564,75
393,5,10,379.5733333333333,389.17060299336845,75
393,5,11,405.9066666666667,415.97928542041814,75
393,5,12,424.8666666666667,420.5029509711042,75
393,5,13,426.0133333333333,437.7007166790482,75
393,5,14,468.32,458.6597098986031,75
393,5,15,482.52,479.1904648272796,75
393,5,16,447.44,445.6736657857904,75
393,5,17,416.3066666666667,420.5479956133264,75
393,5,18,394.32,404.3463062254703,75
393,5,19,337.1066666666667,329.76307208245885,75
393,5,20,234.54666666666665,250.44330080961615,75
393,5,21,161.89333333333335,165.87526902148764,75
393,5,22,127.32,126.18355424462271,75
393,5,23,103.50666666666666,106.27048067317979,75
393,6,0,55.906666666666666,60.39424633851097,75
393,6,1,25.386666666666667,25.60942350818557,75
393,6,2,20.18918918918919,22.11425963437813,74
393,6,3,20.69333333333333,20.714844122475558,75
393,6,4,32.586666666666666,32.70060327163419,75
393,6,5,59.92,59.14438134201404,75
393,6,6,113.82666666666667,114.9646841589597,75
393,6,7,157.61333333333334,159.67122567583849,75
393,6,8,216.08,215.78146493028288,75
393,6,9,254.50666666666666,250.56744407257355,75
393,6,10,310.28,325.3689597982113,75
393,6,11,327.73333333333335,357.45797460831193,75
393,6,12,362.38666666666666,363.82039175917834,75
393,6,13,363.37333333333333,361.15977450058415,75
393,6,14,381.8933333333333,359.64850233153265,75
393,6,15,373.53333333333336,371.19750668957676,75
393,6,16,342.14666666666665,335.5852700807468,75
393,6,17,312.93333333333334,312.4695244568583,75
393,6,18,285.5733333333333,290.5287122041167,75
393,6,19,197.50666666666666,203.28609483289037,75
393,6,20,160.14666666666668,157.9319939843547,75
393,6,21,113.73333333333333,114.20043531897761,75
393,6,22,95.36,95.35378382849574,75
393,6,23,69.37333333333333,71.33121451091557,75
394,0,0,21.906666666666666,21.053719904844936,75
394,0,1,10.306666666666667,10.72195081714836,75
394,0,2,7.2,8.02504234170491,75
394,0,3,15.066666666666666,13.972084433053448,75
394,0,4,40.21333333333333,42.720944303738925,75
394,0,5,110.94666666666667,112.31906663309032,75
394,0,6,299.04,298.7599137869973,75
394,0,7,692.0533333333333,681.7569487080019,75
394,0,8,903.8,898.252107638156,75
394,0,9,521.5066666666667,511.4431729006992,75
394,0,10,352.4533333333333,339.34527659063593,75
394,0,11,318.3466666666667,311.1576827255631,75
394,0,12,306.17333333333335,307.45129658743247,75
394,0,13,353.5733333333333,344.35917381504294,75
394,0,14,512.1066666666667,485.4463943679391,75
394,0,15,668.5333333333333,645.4312765953716,75
394,0,16,569.4266666666666,568.6559940313138,75
394,0,17,496.5733333333333,479.12099394761987,75
394,0,18,301.05333333333334,303.18218712736365,75
394,0,19,249.90666666666667,235.38642341246725,75
394,0,20,178.24,175.08638240699153,75
394,0,21,115.94666666666667,114.99166911303126,75
394,0,22,71.45333333333333,71.5119647720936,75
394,0,23,40.21333333333333,42.41030296101053,75
394,1,0,20.2,20.88425354049922,75
394,1,1,10.266666666666667,10.736618782861077,75
394,1,2,8.933333333333334,8.264119546392548,75
394,1,3,14.106666666666667,13.942590086595692,75
394,1,4,45.32,44.94819680003922,75
394,1,5,122.50666666666666,125.72704422575339,75
394,1,6,338.14666666666665,325.27925664582176,75
394,1,7,802.2,794.4062685126767,75
394,1,8,1060.88,1068.7464009740047,75
394,1,9,616.8533333333334,608.3663563007547,75
394,1,10,382.74666666666667,382.1016902262092,75
394,1,11,343.58666666666664,344.0495196545335,75
394,1,12,331.17333333333335,342.17649777292525,75
394,1,13,384.16,384.55679250968274,75
394,1,14,566.04,543.6508982255926,75
394,1,15,718.04,693.2004196354031,75
394,1,16,616.9333333333333,620.1284848342212,75
394,1,17,568.52,532.3795725782091,75
394,1,18,340.2266666666667,335.2254475854731,75
394,1,19,275.56,277.4404503962485,75
394,1,20,204.10666666666665,198.0448642653453,75
394,1,21,128.78666666666666,125.29480868243036,75
394,1,22,74.02666666666667,74.62654219485425,75
394,1,23,40.053333333333335,42.632903708182305,75
394,2,0,20.013157894736842,21.40685788203889,76
394,2,1,11.342105263157896,11.365492940099191,76
394,2,2,10.342105263157896,8.873861449633083,76
394,2,3,15.842105263157896,14.08577513408303,76
394,2,4,45.10526315789474,44.718227896872726,76
394,2,5,120.35526315789474,123.69487804461362,76
394,2,6,337.85526315789474,322.0933592592147,76
394,2,7,788.4078947368421,790.8646236439178,76
394,2,8,1059.407894736842,1062.6240782128561,76
394,2,9,602.1315789473684,603.1857839072737,76
394,2,10,383.9342105263158,380.6045913228824,76
394,2,11,348.4736842105263,342.7812637355717,76
394,2,12,357.5,341.78305468914147,76
394,2,13,404.8421052631579,385.1994347059321,76
394,2,14,578.5657894736842,543.5992882294673,76
394,2,15,694.0131578947369,685.4574658121761,76
394,2,16,595.8684210526316,613.2091500447996,76
394,2,17,550.9473684210526,526.8314293796196,76
394,2,18,339.32894736842104,332.83225482045316,76
394,2,19,268.07894736842104,278.22008118965545,76
394,2,20,203.07894736842104,198.88499866854454,76
394,2,21,125.64473684210526,124.93556277789737,76
394,2,22,76.60526315789474,76.9424485075196,76
394,2,23,46.64473684210526,45.05665236234963,76
394,3,0,22.613333333333333,22.538224466132206,75
394,3,1,11.84,11.84728700911329,75
394,3,2,9.693333333333333,9.011311125005172,75
394,3,3,13.986666666666666,14.056988673265877,75
394,3,4,43.653333333333336,44.094056306864296,75
394,3,5,114.82666666666667,120.41724229754914,75
394,3,6,326.8933333333333,316.26429626189304,75
394,3,7,759.3733333333333,772.8701187511043,75
394,3,8,985.36,1012.7400553288385,75
394,3,9,587.24,589.1214460253781,75
394,3,10,384.32,377.15767207727384,75
394,3,11,358.32,343.92235670030215,75
394,3,12,344.50666666666666,342.7421405461243,75
394,3,13,375.05333333333334,381.71349735307285,75
394,3,14,555.2,541.097032058084,75
394,3,15,702.2133333333334,682.0057459980922,75
394,3,16,614.1333333333333,610.8524216073245,75
394,3,17,559.48,522.7508902983943,75
394,3,18,346.38666666666666,336.6682587888544,75
394,3,19,287.26666666666665,279.3149791701491,75
394,3,20,205.13333333333333,213.7905319140713,75
394,3,21,132.92,126.17943539309896,75
394,3,22,82.25333333333333,84.05243529278594,75
394,3,23,45.86666666666667,47.7558462354579,75
394,4,0,23.52,23.055853903698395,75
394,4,1,12.64,11.605039708272225,75
394,4,2,10.426666666666666,10.151311958556025,75
394,4,3,15.44,14.852771930900683,75
394,4,4,43.08,43.177772748582406,75
394,4,5,115.30666666666667,115.87859023649757,75
394,4,6,300.16,293.3749879411942,75
394,4,7,688.8666666666667,683.1082473131144,75
394,4,8,858.3466666666667,853.9998545084643,75
394,4,9,510.8,509.227609983317,75
394,4,10,376.02666666666664,382.175311466042,75
394,4,11,360.52,356.0346805101624,75
394,4,12,358.68,355.08867637213706,75
394,4,13,395.56,388.0450938103437,75
394,4,14,592.6266666666667,549.8464182298004,75
394,4,15,718.6133333333333,687.444523875764,75
394,4,16,604.2133333333334,593.8763185910412,75
394,4,17,549.48,527.9395232138799,75
394,4,18,384.0933333333333,360.0185841208273,75
394,4,19,329.6933333333333,286.3330904628247,75
394,4,20,250.53333333333333,228.32329028386206,75
394,4,21,157.37333333333333,151.82224550211353,75
394,4,22,103.36,101.91102295302822,75
394,4,23,66.08,66.75301646607247,75
394,5,0,33.77333333333333,33.065538172600775,75
394,5,1,19.0,17.48258294315117,75
394,5,2,12.346666666666666,11.808705243966209,75
394,5,3,12.2,12.9104107898626,75
394,5,4,21.85135135135135,22.414255137892372,74
394,5,5,53.0,52.48206779078805,75
394,5,6,112.38666666666667,128.8288949426572,75
394,5,7,178.53333333333333,178.29093553656233,75
394,5,8,256.04,251.67876674805723,75
394,5,9,289.06666666666666,288.05766612084324,75
394,5,10,296.04,304.7547351274908,75
394,5,11,315.74666666666667,317.6222664449054,75
394,5,12,326.3066666666667,322.66703056321245,75
394,5,13,349.97333333333336,358.2078912656345,75
394,5,14,365.5733333333333,362.2249538734873,75
394,5,15,356.74666666666667,355.8179107876554,75
394,5,16,327.24,333.9974056653879,75
394,5,17,288.3333333333333,292.7428155430839,75
394,5,18,239.62666666666667,247.14336104288373,75
394,5,19,215.24,243.6116844951826,75
394,5,20,172.33333333333334,175.11063938491966,75
394,5,21,114.49333333333334,117.55309189147542,75
394,5,22,92.76,95.29758551580065,75
394,5,23,65.84,66.69403191986555,75
394,6,0,34.36,32.77073863483295,75
394,6,1,18.32,17.452628373847805,75
394,6,2,10.554054054054054,11.160030136966478,74
394,6,3,11.293333333333333,12.654895532871961,75
394,6,4,18.84,18.28348214396358,75
394,6,5,39.53333333333333,39.09553682902031,75
394,6,6,82.8,82.83772220041827,75
394,6,7,122.72,124.24883502080925,75
394,6,8,165.17333333333335,163.9661991295921,75
394,6,9,210.65333333333334,211.93273481061485,75
394,6,10,245.38666666666666,253.24920011133867,75
394,6,11,251.89333333333335,253.25439523084623,75
394,6,12,249.22666666666666,253.48731945730057,75
394,6,13,266.96,259.2842450641694,75
394,6,14,277.94666666666666,271.48317573534126,75
394,6,15,269.28,271.67716004178675,75
394,6,16,234.72,238.26554255352977,75
394,6,17,198.78666666666666,201.42792114130555,75
394,6,18,162.94666666666666,163.49686804543967,75
394,6,19,132.22666666666666,138.56753975824873,75
394,6,20,108.62666666666667,110.86423035947523,75
394,6,21,70.66666666666667,74.3091188989764,75
394,6,22,60.77333333333333,60.22731738390344,75
394,6,23,37.38666666666666,38.815973585272886,75
395,0,0,27.986666666666668,27.86968765923967,75
395,0,1,10.44,10.706550842943043,75
395,0,2,11.186666666666667,11.247980624359796,75
395,0,3,13.826666666666666,13.540974136138045,75
395,0,4,32.61333333333334,34.20771545749941,75
395,0,5,103.05333333333333,100.32509870647104,75
395,0,6,260.8933333333333,262.8024250333274,75
395,0,7,618.7333333333333,652.8458402672196,75
395,0,8,805.8666666666667,794.4259721330333,75
395,0,9,475.85333333333335,473.9095753212841,75
395,0,10,356.8933333333333,344.14437971737954,75
395,0,11,337.4266666666667,335.93292088763025,75
395,0,12,374.74666666666667,363.4084269515547,75
395,0,13,448.4533333333333,436.7220818830307,75
395,0,14,594.0266666666666,589.1168087353267,75
395,0,15,1041.48,1005.453571976257,75
395,0,16,967.68,963.1189141429353,75
395,0,17,901.5733333333334,896.603922918755,75
395,0,18,478.6533333333333,475.0125548056974,75
395,0,19,345.12,319.82408178697796,75
395,0,20,230.57333333333332,220.64066592641777,75
395,0,21,142.42666666666668,139.99874684479082,75
395,0,22,102.86666666666666,100.03324622686954,75
395,0,23,95.96,89.52858911388232,75
395,1,0,31.706666666666667,30.34721531060261,75
395,1,1,13.573333333333334,11.506368423815506,75
395,1,2,13.693333333333333,12.279175930461019,75
395,1,3,16.373333333333335,14.664702528432684,75
395,1,4,35.92,36.55147571642809,75
395,1,5,113.58666666666667,111.08098688217501,75
395,1,6,287.02666666666664,285.4009615949715,75
395,1,7,721.8133333333334,749.827871081386,75
395,1,8,970.9733333333334,1016.6817508649629,75
395,1,9,550.4666666666667,552.7429944266453,75
395,1,10,396.2,387.38508517629634,75
395,1,11,378.7733333333333,379.1871424028653,75
395,1,12,406.46666666666664,404.3397437001914,75
395,1,13,485.0933333333333,473.8032275958078,75
395,1,14,677.16,671.5978240314433,75
395,1,15,1139.1733333333334,1104.4043676707242,75
395,1,16,1085.0,1014.361239563353,75
395,1,17,1031.0133333333333,974.6161541718943,75
395,1,18,562.6266666666667,532.9955976027906,75
395,1,19,384.3066666666667,359.20157079975627,75
395,1,20,264.29333333333335,245.28163661792743,75
395,1,21,166.22666666666666,154.08062557141957,75
395,1,22,111.38666666666667,108.38094853647895,75
395,1,23,99.46666666666667,92.57769885040109,75
395,2,0,29.61842105263158,30.468300771482046,76
395,2,1,11.723684210526315,12.181938588743547,76
395,2,2,12.657894736842104,12.488927743593473,76
395,2,3,15.171052631578947,14.763530164376334,76
395,2,4,36.80263157894737,36.54384264400663,76
395,2,5,109.07894736842105,110.06403612975797,76
395,2,6,286.32894736842104,282.13796505594763,76
395,2,7,723.671052631579,746.8204721671024,76
395,2,8,943.8815789473684,1007.6044449289708,76
395,2,9,551.5921052631579,546.778279422625,76
395,2,10,395.9736842105263,385.86759368966864,76
395,2,11,392.6578947368421,379.0152064841243,76
395,2,12,453.2631578947368,406.18356547099893,76
395,2,13,521.8026315789474,479.60383067499873,76
395,2,14,707.2763157894736,668.94461144009,76
395,2,15,1083.8552631578948,1094.7392688609723,76
395,2,16,1070.828947368421,1001.1143049559346,76
395,2,17,1024.8684210526317,960.3954132403529,76
395,2,18,556.9736842105264,527.114087633823,76
395,2,19,387.7763157894737,357.3496735540906,76
395,2,20,256.86842105263156,245.2846885373464,76
395,2,21,161.0921052631579,158.39876276045274,76
395,2,22,112.80263157894737,111.25225726124661,76
395,2,23,102.71052631578948,95.43763755358282,76
395,3,0,33.093333333333334,32.93402781492126,75
395,3,1,13.8,13.182835086730206,75
395,3,2,13.573333333333334,12.849905249041822,75
395,3,3,16.466666666666665,14.789927511584017,75
395,3,4,36.4,35.93184988314176,75
395,3,5,110.01333333333334,108.6328262410365,75
395,3,6,277.68,278.7239091646846,75
395,3,7,694.7466666666667,729.5937983908592,75
395,3,8,917.2,978.118005046163,75
395,3,9,531.5066666666667,536.3224367297506,75
395,3,10,402.38666666666666,381.9192702268177,75
395,3,11,390.18666666666667,376.0788128462965,75
395,3,12,411.53333333333336,401.19435205243826,75
395,3,13,478.2,472.96517312090623,75
395,3,14,671.6533333333333,655.6133120163686,75
395,3,15,1111.48,1083.1103471627569,75
395,3,16,1046.3466666666666,986.2300121168449,75
395,3,17,1012.08,946.308993457157,75
395,3,18,557.2933333333333,523.254094731144,75
395,3,19,384.81333333333333,360.0397082663349,75
395,3,20,266.16,250.7362882313283,75
395,3,21,180.57333333333332,165.93034174618157,75
395,3,22,120.62666666666667,111.17873326398464,75
395,3,23,105.2,99.57624567148065,75
395,4,0,32.946666666666665,30.9902915354767,75
395,4,1,13.466666666666667,12.129447522785576,75
395,4,2,13.213333333333333,12.552795379218644,75
395,4,3,14.613333333333333,13.824685712204461,75
395,4,4,35.76,34.9267648231624,75
395,4,5,104.21333333333334,99.14325610989032,75
395,4,6,262.3066666666667,253.84744133567986,75
395,4,7,648.6133333333333,635.5473630596596,75
395,4,8,739.4,712.7461177849951,75
395,4,9,476.48,469.7908735683867,75
395,4,10,387.16,387.37094380299294,75
395,4,11,379.58666666666664,380.34493696382316,75
395,4,12,436.41333333333336,407.445847811302,75
395,4,13,517.3466666666667,482.37076410428534,75
395,4,14,704.8,674.6269082142793,75
395,4,15,1128.1466666666668,1103.6298187200928,75
395,4,16,983.4266666666666,982.3228017873346,75
395,4,17,877.0266666666666,935.1609657032798,75
395,4,18,536.9466666666667,526.582296739201,75
395,4,19,408.26666666666665,395.55297454619097,75
395,4,20,293.5466666666667,265.4273126022743,75
395,4,21,188.57333333333332,194.09947121123324,75
395,4,22,141.66666666666666,138.70160333163693,75
395,4,23,116.17333333333333,120.45818874267697,75
395,5,0,41.50666666666667,43.58389142672561,75
395,5,1,17.666666666666668,17.34700406178884,75
395,5,2,13.162162162162161,15.554592541454646,74
395,5,3,12.226666666666667,13.51025305712793,75
395,5,4,20.77027027027027,20.925762765622903,74
395,5,5,43.70666666666666,42.61740684855086,75
395,5,6,105.66666666666667,123.12388568739232,75
395,5,7,205.52,207.22636289988415,75
395,5,8,245.70666666666668,244.5102356596194,75
395,5,9,280.70666666666665,274.8656219674894,75
395,5,10,291.05333333333334,306.64590994930654,75
395,5,11,298.49333333333334,315.7968424001537,75
395,5,12,343.56,352.1846743741774,75
395,5,13,367.44,365.55630673338555,75
395,5,14,399.58666666666664,412.360617498197,75
395,5,15,446.0933333333333,431.1223037221225,75
395,5,16,380.70666666666665,382.8010832432157,75
395,5,17,362.84,373.5813118632205,75
395,5,18,307.6666666666667,304.32469994766836,75
395,5,19,267.49333333333334,278.1932914217284,75
395,5,20,207.33333333333334,229.07048175180444,75
395,5,21,152.28,161.73914313695755,75
395,5,22,116.05333333333333,120.17857620761167,75
395,5,23,91.18666666666667,97.11695349535727,75
395,6,0,36.21333333333333,40.56488564766176,75
395,6,1,17.173333333333332,17.334699289705124,75
395,6,2,11.594594594594595,14.219693182985793,74
395,6,3,9.6,12.416414261220071,75
395,6,4,15.866666666666667,15.853945135812374,75
395,6,5,35.06666666666667,34.495062244651905,75
395,6,6,78.92,81.05727900728913,75
395,6,7,149.53333333333333,149.77968891242438,75
395,6,8,174.73333333333332,172.2333055237723,75
395,6,9,198.48,198.51367454865982,75
395,6,10,243.8,246.93843431056675,75
395,6,11,247.90666666666667,255.29670329901583,75
395,6,12,273.3333333333333,277.88085437696907,75
395,6,13,296.36,290.3264050256812,75
395,6,14,318.6933333333333,326.61956569454776,75
395,6,15,334.76,327.5553180035822,75
395,6,16,274.4266666666667,269.1374344915109,75
395,6,17,257.93333333333334,258.7524207787306,75
395,6,18,216.82666666666665,213.24529986418725,75
395,6,19,186.33333333333334,184.84917750462054,75
395,6,20,144.65333333333334,143.31562207041492,75
395,6,21,100.65333333333334,102.35256008246238,75
395,6,22,77.48,79.4768317586478,75
395,6,23,60.52,59.235260532606056,75
396,0,0,37.14666666666667,36.847611841172835,75
396,0,1,17.293333333333333,16.78738224280464,75
396,0,2,8.72,8.899816632434632,75
396,0,3,9.24,9.279778015724746,75
396,0,4,14.466666666666667,15.423702545702993,75
396,0,5,52.46666666666667,50.5536750385856,75
396,0,6,198.0,197.40753640845014,75
396,0,7,691.44,679.3008737077275,75
396,0,8,1084.1466666666668,1061.0337226310082,75
396,0,9,651.6933333333334,625.968291586569,75
396,0,10,480.4533333333333,468.31427411103573,75
396,0,11,538.9733333333334,503.2656076415439,75
396,0,12,518.6266666666667,493.955775855781,75
396,0,13,563.28,554.1532311644462,75
396,0,14,890.32,806.2835974452447,75
396,0,15,1378.68,1354.9336888246362,75
396,0,16,1577.04,1535.308269148753,75
396,0,17,1471.7466666666667,1419.0800087839302,75
396,0,18,812.0133333333333,769.7967941210662,75
396,0,19,597.8533333333334,573.9373183049943,75
396,0,20,331.0933333333333,319.6477077852223,75
396,0,21,223.74666666666667,215.41008210375503,75
396,0,22,155.52,152.33567106204222,75
396,0,23,128.06666666666666,118.78989187014349,75
396,1,0,49.346666666666664,48.69939324776463,75
396,1,1,18.986666666666668,18.152819351780845,75
396,1,2,10.506666666666666,9.753749503077444,75
396,1,3,10.133333333333333,9.804349682811026,75
396,1,4,17.573333333333334,16.86964149367546,75
396,1,5,58.14666666666667,56.42575588294781,75
396,1,6,222.21333333333334,223.2668087496823,75
396,1,7,819.0933333333334,801.5828856792727,75
396,1,8,1382.72,1347.416012196874,75
396,1,9,813.56,793.2150545681528,75
396,1,10,555.4933333333333,527.717084352674,75
396,1,11,608.6133333333333,582.2940284662611,75
396,1,12,561.2266666666667,562.6391634622878,75
396,1,13,624.4666666666667,617.8315013327966,75
396,1,14,1006.2533333333333,968.4733792090652,75
396,1,15,1552.84,1551.275554903095,75
396,1,16,1735.24,1733.522767321448,75
396,1,17,1672.2933333333333,1636.4148434623746,75
396,1,18,932.9333333333333,923.6749947941507,75
396,1,19,685.8,692.9916150169213,75
396,1,20,398.9866666666667,382.77220764691543,75
396,1,21,259.85333333333335,245.02217104307638,75
396,1,22,172.61333333333334,166.80133499255373,75
396,1,23,132.76,127.0048737674029,75
396,2,0,51.69736842105263,52.34179481408927,76
396,2,1,20.36842105263158,19.203230849781907,76
396,2,2,12.263157894736842,10.65218452577556,76
396,2,3,10.539473684210526,10.003056035409314,76
396,2,4,16.32894736842105,16.884574725713914,76
396,2,5,58.93421052631579,56.07371512175092,76
396,2,6,218.78947368421052,221.054043175874,76
396,2,7,803.75,793.2831913289097,76
396,2,8,1352.5,1330.605275132933,76
396,2,9,799.5394736842105,782.1854564467504,76
396,2,10,565.7368421052631,523.8671171720041,76
396,2,11,621.6842105263158,598.0137456447374,76
396,2,12,588.9473684210526,569.5535542335552,76
396,2,13,632.0526315789474,614.3163716625802,76
396,2,14,998.6842105263158,964.2601179771319,76
396,2,15,1534.6973684210527,1536.2455787500774,76
396,2,16,1751.7236842105262,1709.5654867206702,76
396,2,17,1647.828947368421,1610.5973315682024,76
396,2,18,954.2368421052631,915.6571657725508,76
396,2,19,671.3552631578947,684.5442302772892,76
396,2,20,392.7631578947368,380.89107295855115,76
396,2,21,255.78947368421052,245.20579728537604,76
396,2,22,175.21052631578948,169.10824007247086,76
396,2,23,136.3684210526316,129.55611427427777,76
396,3,0,57.88,56.73441678148339,75
396,3,1,21.24,20.42487305715811,75
396,3,2,11.906666666666666,10.524828277713633,75
396,3,3,10.906666666666666,9.927521432019127,75
396,3,4,18.026666666666667,16.986514925877312,75
396,3,5,56.13333333333333,54.32163457174259,75
396,3,6,217.8,216.32548301353475,75
396,3,7,756.44,766.347912390344,75
396,3,8,1265.8,1259.1353959795451,75
396,3,9,752.08,757.9827580467203,75
396,3,10,543.9733333333334,519.4230373133646,75
396,3,11,601.1066666666667,586.8453591289202,75
396,3,12,566.8533333333334,560.3960523389825,75
396,3,13,623.1866666666666,607.5280031830653,75
396,3,14,991.2533333333333,948.9648296314595,75
396,3,15,1526.3866666666668,1507.2057452756626,75
396,3,16,1706.5066666666667,1672.9368294692645,75
396,3,17,1636.4133333333334,1575.0059726884062,75
396,3,18,942.16,903.7566778708364,75
396,3,19,683.76,675.9284478052167,75
396,3,20,395.82666666666665,389.2809467116258,75
396,3,21,257.8933333333333,250.0303481202427,75
396,3,22,175.50666666666666,177.05061217959988,75
396,3,23,137.10666666666665,134.50176107612253,75
396,4,0,51.653333333333336,50.74300023542286,75
396,4,1,20.746666666666666,19.82184458486155,75
396,4,2,12.513513513513514,11.665081331193417,74
396,4,3,11.68918918918919,11.01155127931055,74
396,4,4,17.84,17.099306009403104,75
396,4,5,50.973333333333336,51.55824008511505,75
396,4,6,196.65333333333334,190.45797700035376,75
396,4,7,645.8133333333334,647.6870849703514,75
396,4,8,903.76,887.39400546084,75
396,4,9,596.3866666666667,583.4438610852504,75
396,4,10,495.44,522.2351393412298,75
396,4,11,602.8,593.7391463388931,75
396,4,12,594.92,563.846533890433,75
396,4,13,779.2133333333334,717.5565713771413,75
396,4,14,1025.6666666666667,961.0245823168312,75
396,4,15,1463.3333333333333,1483.6193339163635,75
396,4,16,1549.5733333333333,1491.780746307513,75
396,4,17,1436.4133333333334,1496.3966982998204,75
396,4,18,901.8533333333334,874.6028999797534,75
396,4,19,708.1733333333333,668.1549756683173,75
396,4,20,437.70666666666665,413.25015519325245,75
396,4,21,289.46666666666664,264.53577847753115,75
396,4,22,208.98666666666668,208.53881695814732,75
396,4,23,153.04,154.98184999720493,75
396,5,0,68.73333333333333,69.49248076883693,75
396,5,1,30.14666666666667,31.816697332172474,75
396,5,2,16.24,16.34568193437414,75
396,5,3,10.716216216216216,10.535796260120872,74
396,5,4,9.346666666666666,11.08979409483495,75
396,5,5,21.093333333333334,21.37988879287246,75
396,5,6,67.86666666666666,72.87134682878997,75
396,5,7,183.73333333333332,183.06650634553895,75
396,5,8,207.45333333333335,205.6493832091929,75
396,5,9,254.70666666666668,252.44147489690863,75
396,5,10,314.8666666666667,343.2449686577823,75
396,5,11,388.6533333333333,396.3764695493182,75
396,5,12,421.84,419.4723977897517,75
396,5,13,436.76,436.2250424758744,75
396,5,14,451.96,459.78622753026275,75
396,5,15,486.0133333333333,479.5258002898982,75
396,5,16,483.81333333333333,480.48946638493413,75
396,5,17,468.92,472.83188465567605,75
396,5,18,431.9866666666667,435.2708429111719,75
396,5,19,431.76,435.2800147527956,75
396,5,20,282.73333333333335,294.69038867222264,75
396,5,21,197.33333333333334,233.03347030870728,75
396,5,22,159.8,162.65906215478222,75
396,5,23,118.72,126.19070001913691,75
396,6,0,57.0,59.65793447371946,75
396,6,1,29.706666666666667,31.653213439084926,75
396,6,2,14.391891891891891,15.673266835151548,74
396,6,3,8.453333333333333,9.615601354295569,75
396,6,4,8.36,9.802224543679097,75
396,6,5,17.84,18.362033782133892,75
396,6,6,51.10666666666667,53.03848442243891,75
396,6,7,141.61333333333334,141.3670598826061,75
396,6,8,144.58666666666667,141.7023898167047,75
396,6,9,191.53333333333333,189.79881743698985,75
396,6,10,266.61333333333334,275.88058867819535,75
396,6,11,315.6533333333333,327.5626627057685,75
396,6,12,365.53333333333336,351.9745469455072,75
396,6,13,362.5466666666667,348.4129494493635,75
396,6,14,368.17333333333335,371.44002390293343,75
396,6,15,389.97333333333336,383.5151842986283,75
396,6,16,386.36,380.4279765632416,75
396,6,17,345.8933333333333,362.58667418138714,75
396,6,18,290.73333333333335,293.989129575234,75
396,6,19,292.0133333333333,293.6251538207766,75
396,6,20,181.68,196.74458747279624,75
396,6,21,126.17333333333333,133.80492269465228,75
396,6,22,110.93333333333334,111.1579993787362,75
396,6,23,80.50666666666666,80.42002846352936,75
397,0,0,137.6,134.8984155690762,75
397,0,1,46.693333333333335,46.616953714997905,75
397,0,2,24.386666666666667,22.26130503647553,75
397,0,3,17.226666666666667,17.7486830702931,75
397,0,4,24.866666666666667,26.918537186922403,75
397,0,5,96.69333333333333,95.9565973667263,75
397,0,6,464.5733333333333,451.35192219025254,75
397,0,7,1523.7466666666667,1529.0748289421717,75
397,0,8,2801.6133333333332,2805.8616514570813,75
397,0,9,1653.1066666666666,1650.2828783371667,75
397,0,10,1068.44,1084.1045092875302,75
397,0,11,1074.4133333333334,1071.0381318430996,75
397,0,12,1327.2666666666667,1344.2305612665725,75
397,0,13,1529.2,1556.3361902657468,75
397,0,14,1954.3333333333333,1930.8312456754827,75
397,0,15,3042.4133333333334,3020.417869157044,75
397,0,16,3733.0133333333333,3723.482368924069,75
397,0,17,3710.826666666667,3703.339347176289,75
397,0,18,2646.0133333333333,2651.3771012568313,75
397,0,19,1584.2933333333333,1572.5868339509918,75
397,0,20,1177.1066666666666,1178.3346374335808,75
397,0,21,806.36,811.4837243801102,75
397,0,22,611.2266666666667,606.4332227093728,75
397,0,23,376.12,374.17175652019574,75
397,1,0,149.92,143.10342749276498,75
397,1,1,49.86666666666667,46.56741581582726,75
397,1,2,23.013333333333332,22.28344580375009,75
397,1,3,17.893333333333334,17.95524847855852,75
397,1,4,28.426666666666666,28.08791353952935,75
397,1,5,109.12,104.57394311297183,75
397,1,6,539.84,530.0113440795927,75
397,1,7,1869.1866666666667,1831.1159234830593,75
397,1,8,3714.68,3708.2826666282676,75
397,1,9,2168.8533333333335,2174.444423671623,75
397,1,10,1240.3866666666668,1222.311555093165,75
397,1,11,1202.96,1211.8841065121874,75
397,1,12,1439.2533333333333,1440.5943432161712,75
397,1,13,1639.8666666666666,1600.399895822248,75
397,1,14,2067.6266666666666,2004.1628153122751,75
397,1,15,3296.32,3240.1905953362316,75
397,1,16,4036.64,3961.562136320755,75
397,1,17,3982.6133333333332,3989.9075749213216,75
397,1,18,2989.92,2987.824449190952,75
397,1,19,1808.9333333333334,1819.2189495409382,75
397,1,20,1347.8,1315.3390267116715,75
397,1,21,951.1066666666667,1028.5708724158237,75
397,1,22,696.0266666666666,720.9460191492562,75
397,1,23,418.2266666666667,485.98303116025266,75
397,2,0,153.64473684210526,153.74608959479127,76
397,2,1,52.64473684210526,50.959650740883134,76
397,2,2,25.960526315789473,26.598343451146135,76
397,2,3,18.736842105263158,18.880996269817672,76
397,2,4,28.63157894736842,28.18653140965098,76
397,2,5,108.55263157894737,102.71269937086694,76
397,2,6,535.4868421052631,526.1634151436616,76
397,2,7,1841.5131578947369,1808.251022659691,76
397,2,8,3641.1973684210525,3638.704218405431,76
397,2,9,2199.7763157894738,2147.576098836078,76
397,2,10,1280.6842105263158,1224.026794554723,76
397,2,11,1249.078947368421,1220.3846927319946,76
397,2,12,1421.171052631579,1427.6863153501856,76
397,2,13,1578.7236842105262,1595.5131414883544,76
397,2,14,1951.0131578947369,2004.3444270290186,76
397,2,15,3107.1184210526317,3143.6931387483723,76
397,2,16,3733.3815789473683,3875.3580733302706,76
397,2,17,3649.6447368421054,3905.345194842253,76
397,2,18,2872.4605263157896,2906.5726276024884,76
397,2,19,1743.8815789473683,1794.6513156876838,76
397,2,20,1294.0526315789473,1332.4062511126374,76
397,2,21,903.6973684210526,1024.4783492758188,76
397,2,22,734.9342105263158,735.2767588518093,76
397,2,23,448.80263157894734,485.88609474559945,76
397,3,0,160.46666666666667,156.8141049467187,75
397,3,1,54.413333333333334,52.553565805108086,75
397,3,2,27.893333333333334,26.668788050698087,75
397,3,3,20.96,20.843974232115915,75
397,3,4,28.533333333333335,28.156761632669646,75
397,3,5,109.06666666666666,102.77105304542869,75
397,3,6,506.68,514.7944384008266,75
397,3,7,1725.56,1751.8884110914746,75
397,3,8,3351.826666666667,3387.6487178193565,75
397,3,9,2054.72,2042.6638045307354,75
397,3,10,1240.6133333333332,1219.753220371578,75
397,3,11,1239.1333333333334,1220.2683345377702,75
397,3,12,1514.6933333333334,1494.9941429338455,75
397,3,13,1699.0533333333333,1606.5241252905403,75
397,3,14,2137.3733333333334,2099.2658124075324,75
397,3,15,3338.8933333333334,3213.208724403943,75
397,3,16,3996.7066666666665,3871.6105447033365,75
397,3,17,3969.346666666667,3875.7480907668437,75
397,3,18,2893.6,2901.527963762837,75
397,3,19,1811.2533333333333,1790.0386984379213,75
397,3,20,1346.5733333333333,1368.3691872715024,75
397,3,21,945.6933333333334,1032.5296576628568,75
397,3,22,728.88,765.8141555014389,75
397,3,23,460.37333333333333,491.22733483083897,75
397,4,0,172.24,171.73118665180456,75
397,4,1,62.53333333333333,61.7431752675701,75
397,4,2,30.066666666666666,28.875704026592867,75
397,4,3,24.48,24.038943806944232,75
397,4,4,28.28,28.04671988460474,75
397,4,5,93.64,97.06888027615457,75
397,4,6,441.0133333333333,438.1811501335768,75
397,4,7,1292.1466666666668,1314.5429851910956,75
397,4,8,2034.7333333333333,2031.3864986171263,75
397,4,9,1407.3066666666666,1396.6398808818979,75
397,4,10,1106.2266666666667,1226.8580509860137,75
397,4,11,1241.5733333333333,1232.8567076849426,75
397,4,12,1604.5866666666666,1584.9407947278169,75
397,4,13,1866.96,1830.9898361854027,75
397,4,14,2340.0,2175.9647041308667,75
397,4,15,3494.6133333333332,3364.8762973407056,75
397,4,16,3867.0533333333333,3848.5177017491724,75
397,4,17,3752.48,3721.55120222731,75
397,4,18,3124.4,3033.438950620049,75
397,4,19,2195.4,1994.3757433893982,75
397,4,20,1690.28,1600.2205362930767,75
397,4,21,1357.6933333333334,1072.095369401927,75
397,4,22,898.8133333333334,887.7322193553118,75
397,4,23,608.32,501.91882026591617,75
397,5,0,279.48,280.4095167436472,75
397,5,1,107.32,106.72985994228159,75
397,5,2,42.10666666666667,45.21348303480987,75
397,5,3,29.14666666666667,30.361228124462503,75
397,5,4,28.04,26.377032967325086,75
397,5,5,47.36,48.68158555586771,75
397,5,6,151.29333333333332,150.69964760628676,75
397,5,7,305.64,307.5394162684398,75
397,5,8,485.2266666666667,484.68700373474434,75
397,5,9,656.4266666666666,661.393921146611,75
397,5,10,916.9733333333334,917.3718236608624,75
397,5,11,1227.9066666666668,1246.9167090139626,75
397,5,12,1575.72,1587.3866818067872,75
397,5,13,1738.52,1715.775387703721,75
397,5,14,1928.8,1917.9832510721233,75
397,5,15,2217.5066666666667,2212.405356433701,75
397,5,16,2396.6266666666666,2411.5668821779404,75
397,5,17,2481.04,2445.095817464695,75
397,5,18,2193.24,2189.0426511932683,75
397,5,19,1674.4933333333333,1692.9021566139108,75
397,5,20,1300.84,1287.4531023490888,75
397,5,21,1096.28,1090.1278631086216,75
397,5,22,765.3466666666667,761.1156179282654,75
397,5,23,535.36,541.6367230482257,75
397,6,0,264.50666666666666,269.8764582867563,75
397,6,1,100.26666666666667,105.65466117443614,75
397,6,2,42.891891891891895,44.645315603261054,74
397,6,3,29.866666666666667,30.35501044528675,75
397,6,4,25.813333333333333,25.985999108480357,75
397,6,5,43.653333333333336,44.155980375320006,75
397,6,6,128.21333333333334,131.26198944670801,75
397,6,7,232.12,236.29678880470718,75
397,6,8,339.4533333333333,340.1500094721543,75
397,6,9,468.16,475.4403611135754,75
397,6,10,719.56,721.1982678912196,75
397,6,11,982.3333333333334,968.1110383710285,75
397,6,12,1354.2,1340.2262862036832,75
397,6,13,1432.5333333333333,1371.3275417093905,75
397,6,14,1543.52,1494.2492184791909,75
397,6,15,1757.6,1728.7611145862895,75
397,6,16,1898.3466666666666,1913.1182349393932,75
397,6,17,1971.0533333333333,1958.1598814283107,75
397,6,18,1317.8266666666666,1325.5176395147744,75
397,6,19,908.2933333333333,924.1088297615844,75
397,6,20,722.88,740.6914172227304,75
397,6,21,560.48,579.9211072470755,75
397,6,22,486.18666666666667,483.6838501250648,75
397,6,23,308.93333333333334,306.46190666387776,75
398,0,0,70.17333333333333,68.02804942508548,75
398,0,1,20.88,23.50426234633953,75
398,0,2,7.824324324324325,11.307243764491062,74
398,0,3,5.36,7.298397229002805,75
398,0,4,9.84,10.667446749249633,75
398,0,5,39.54666666666667,39.58242619749026,75
398,0,6,205.85333333333332,199.14850526876754,75
398,0,7,858.3733333333333,847.1876745392369,75
398,0,8,1657.2266666666667,1637.8575556195797,75
398,0,9,1001.3866666666667,1004.4118203956758,75
398,0,10,660.0666666666667,646.9986282912632,75
398,0,11,675.0133333333333,675.7716901634519,75
398,0,12,824.0133333333333,794.2913386412228,75
398,0,13,993.56,962.193767111053,75
398,0,14,1366.76,1360.7447696123215,75
398,0,15,2198.9466666666667,2204.057134871666,75
398,0,16,2521.0133333333333,2500.173886387888,75
398,0,17,2306.0666666666666,2257.3390480604703,75
398,0,18,1620.96,1590.7857531596417,75
398,0,19,932.3466666666667,893.4970725648963,75
398,0,20,725.7333333333333,721.923591208604,75
398,0,21,434.25333333333333,436.2110238487678,75
398,0,22,365.81333333333333,358.49707877395196,75
398,0,23,291.12,275.5471184700457,75
398,1,0,90.89333333333333,86.95341050507031,75
398,1,1,25.56,24.07019575703343,75
398,1,2,10.88,12.35761504247414,75
398,1,3,7.44,7.853716910154801,75
398,1,4,11.626666666666667,12.357434620887455,75
398,1,5,45.666666666666664,44.582770878388736,75
398,1,6,239.44,225.76460637690485,75
398,1,7,1076.3066666666666,1059.1161584104777,75
398,1,8,2166.72,2160.5090368213105,75
398,1,9,1306.96,1292.8736448144448,75
398,1,10,788.6133333333333,751.18204646864,75
398,1,11,789.0933333333334,790.1923572327394,75
398,1,12,933.36,929.4307680875181,75
398,1,13,1063.0,1031.1616990126647,75
398,1,14,1490.2266666666667,1481.0338860243678,75
398,1,15,2425.2933333333335,2428.7486749266723,75
398,1,16,2785.5333333333333,2765.5588481102623,75
398,1,17,2555.2533333333336,2501.6264300184494,75
398,1,18,1807.28,1801.4173897611822,75
398,1,19,1033.52,1049.4365988421707,75
398,1,20,812.4666666666667,820.2434055355575,75
398,1,21,506.14666666666665,516.0626476996724,75
398,1,22,413.48,402.7683265656678,75
398,1,23,308.5733333333333,291.79039464008036,75
398,2,0,101.39473684210526,98.38968552159646,76
398,2,1,31.460526315789473,31.117609323917726,76
398,2,2,12.776315789473685,13.314195672421125,76
398,2,3,9.276315789473685,8.671850925001582,76
398,2,4,15.210526315789474,13.233848669440812,76
398,2,5,42.8421052631579,43.310359314010626,76
398,2,6,236.68421052631578,223.43069320858262,76
398,2,7,1058.8947368421052,1046.590449567591,76
398,2,8,2124.2631578947367,2122.000096388209,76
398,2,9,1322.6052631578948,1273.29645281556,76
398,2,10,808.8421052631579,744.7108734591134,76
398,2,11,818.0657894736842,790.5156028008433,76
398,2,12,958.2763157894736,946.4935466277653,76
398,2,13,1040.7894736842106,1038.9233000142674,76
398,2,14,1367.328947368421,1441.5714008627117,76
398,2,15,2285.7236842105262,2320.5894674294527,76
398,2,16,2602.0789473684213,2645.9078146036272,76
398,2,17,2354.9868421052633,2398.7723029248687,76
398,2,18,1767.5131578947369,1773.1440205022948,76
398,2,19,1033.5,1036.1036027646812,76
398,2,20,825.4078947368421,830.3535080521895,76
398,2,21,497.67105263157896,527.6056518051765,76
398,2,22,421.5657894736842,408.2065880135488,76
398,2,23,321.61842105263156,296.4405376081354,76
398,3,0,110.0,100.69094515269614,75
398,3,1,34.733333333333334,33.79966756019576,75
398,3,2,15.6,13.787504098581785,75
398,3,3,8.453333333333333,8.880553621447623,75
398,3,4,12.146666666666667,12.602106020338029,75
398,3,5,43.266666666666666,43.1992874391015,75
398,3,6,226.02666666666667,218.87549214276243,75
398,3,7,959.4,995.1255641098988,75
398,3,8,1951.9866666666667,1968.736914388184,75
398,3,9,1227.4666666666667,1238.1036501455208,75
398,3,10,783.5466666666666,735.342164085752,75
398,3,11,796.5733333333334,787.743858392685,75
398,3,12,949.8666666666667,934.5995188838314,75
398,3,13,1089.64,1039.5500628341201,75
398,3,14,1511.64,1464.1749580968522,75
398,3,15,2405.9066666666668,2368.365648501924,75
398,3,16,2705.68,2676.3881074571095,75
398,3,17,2496.8133333333335,2425.2657763854577,75
398,3,18,1788.3866666666668,1760.7632206495377,75
398,3,19,1058.2,1037.542522207995,75
398,3,20,828.48,826.9010483963722,75
398,3,21,509.70666666666665,533.9352240383665,75
398,3,22,435.50666666666666,438.4903569859733,75
398,3,23,325.76,324.3883755496279,75
398,4,0,117.44,111.68593234587185,75
398,4,1,38.61333333333334,37.69268605653372,75
398,4,2,15.733333333333333,15.941619010620734,75
398,4,3,10.053333333333333,10.32035477423868,75
398,4,4,13.12,12.952217013948378,75
398,4,5,38.733333333333334,39.43920581691491,75
398,4,6,183.93333333333334,190.39175218827677,75
398,4,7,725.9866666666667,739.4357260096423,75
398,4,8,1190.84,1189.587712808207,75
398,4,9,861.6533333333333,878.6713769148666,75
398,4,10,693.8,739.0546322073886,75
398,4,11,799.2933333333333,782.0403550044781,75
398,4,12,1004.3733333333333,969.4998087018422,75
398,4,13,1199.28,1116.6521678812096,75
398,4,14,1591.4666666666667,1532.5872764909677,75
398,4,15,2447.52,2447.6579743747143,75
398,4,16,2580.826666666667,2570.2646829250425,75
398,4,17,2274.52,2273.917936607101,75
398,4,18,1766.5066666666667,1751.1695920418576,75
398,4,19,1158.9866666666667,1066.703348555584,75
398,4,20,928.3333333333334,908.2952622477046,75
398,4,21,645.6266666666667,573.2659241613999,75
398,4,22,501.0133333333333,463.7394241688772,75
398,4,23,380.97333333333336,392.52815077555465,75
398,5,0,152.64,154.69978271427087,75
398,5,1,63.148648648648646,62.538900423410844,74
398,5,2,26.95945945945946,26.89657653065964,74
398,5,3,14.04054054054054,12.698155132281174,74
398,5,4,13.45945945945946,13.541920723113373,74
398,5,5,19.106666666666666,18.47033647064887,75
398,5,6,68.44,71.34971848140168,75
398,5,7,199.37333333333333,202.9145890531298,75
398,5,8,258.4533333333333,257.09372557619605,75
398,5,9,299.88,297.68271653062766,75
398,5,10,426.2266666666667,434.83877130728365,75
398,5,11,565.08,579.0683679951524,75
398,5,12,724.2533333333333,755.366053082922,75
398,5,13,843.9866666666667,861.373636700283,75
398,5,14,989.2133333333334,981.0976614932549,75
398,5,15,1258.48,1250.0642652124363,75
398,5,16,1298.6666666666667,1267.9534222765599,75
398,5,17,1235.1733333333334,1242.5820061451275,75
398,5,18,1128.48,1133.7229944397593,75
398,5,19,843.2666666666667,842.5312560231836,75
398,5,20,663.1066666666667,657.1477516430073,75
398,5,21,500.18666666666667,496.9995246312092,75
398,5,22,396.38666666666666,403.8949859146707,75
398,5,23,317.3333333333333,326.1735383580856,75
398,6,0,142.94666666666666,150.3316798299543,75
398,6,1,68.01333333333334,63.2698914174201,75
398,6,2,25.08108108108108,25.37238375985944,74
398,6,3,13.453333333333333,12.267556054402931,75
398,6,4,12.48,12.583251743391617,75
398,6,5,18.44,18.212953330666753,75
398,6,6,57.8,58.34801831074938,75
398,6,7,150.29333333333332,150.34502207569744,75
398,6,8,192.73333333333332,192.156099601323,75
398,6,9,207.88,207.36108098227393,75
398,6,10,311.76,318.3838214845794,75
398,6,11,443.81333333333333,442.8668943355743,75
398,6,12,601.8933333333333,631.907074074933,75
398,6,13,692.6533333333333,654.7270731353198,75
398,6,14,769.6533333333333,742.4187288878612,75
398,6,15,957.28,941.6301228893212,75
398,6,16,986.08,967.6759489330074,75
398,6,17,982.4266666666666,941.3995831273886,75
398,6,18,634.3866666666667,638.3718839067135,75
398,6,19,453.8,456.4180780733405,75
398,6,20,396.8933333333333,393.8291543576493,75
398,6,21,275.3066666666667,284.0599047737489,75
398,6,22,254.32,250.85624267570645,75
398,6,23,199.68,195.195093369979,75
399,0,0,40.013333333333335,40.363831752447545,75
399,0,1,10.373333333333333,12.895184524856637,75
399,0,2,4.76,5.457274934892064,75
399,0,3,3.267605633802817,3.690680594765952,71
399,0,4,4.214285714285714,4.919735830795054,70
399,0,5,18.52,20.151705725578157,75
399,0,6,99.76,100.40360541932516,75
399,0,7,412.64,427.46115606983557,75
399,0,8,772.3066666666666,780.8917629180394,75
399,0,9,613.0266666666666,608.8688231551074,75
399,0,10,493.49333333333334,474.15199189970554,75
399,0,11,725.76,708.6232099091523,75
399,0,12,865.7733333333333,787.3680859582994,75
399,0,13,941.6666666666666,923.2567847140091,75
399,0,14,1415.7066666666667,1423.6607561766054,75
399,0,15,1986.5866666666666,1976.666294252355,75
399,0,16,2218.72,2209.616269260962,75
399,0,17,2309.306666666667,2307.459913494736,75
399,0,18,1619.2266666666667,1575.4964885846516,75
399,0,19,1062.36,989.170039475521,75
399,0,20,863.88,847.9361497568491,75
399,0,21,464.44,443.8469198220197,75
399,0,22,249.01333333333332,238.3641811810139,75
399,0,23,163.82666666666665,158.35731890892325,75
399,1,0,63.76,60.76169622255795,75
399,1,1,12.293333333333333,13.41256610317778,75
399,1,2,6.173333333333333,5.767796884374467,75
399,1,3,5.135135135135135,4.503497735237211,74
399,1,4,5.315068493150685,5.387040582839539,73
399,1,5,24.933333333333334,25.60353759591421,75
399,1,6,126.49333333333334,124.46948264603093,75
399,1,7,522.96,513.6715108147721,75
399,1,8,1022.5733333333334,989.6249810818271,75
399,1,9,794.6666666666666,773.7804759690137,75
399,1,10,620.12,568.8532392090092,75
399,1,11,838.4133333333333,802.7584608649769,75
399,1,12,988.44,920.9952753651168,75
399,1,13,1031.08,1021.2626437871327,75
399,1,14,1594.4266666666667,1563.9080668243123,75
399,1,15,2131.5333333333333,2148.3389323167453,75
399,1,16,2491.6266666666666,2518.1717969197916,75
399,1,17,2670.3733333333334,2657.679841608916,75
399,1,18,1925.3466666666666,1901.2883934285212,75
399,1,19,1239.6666666666667,1100.6273294629389,75
399,1,20,1044.3866666666668,1016.3073968650328,75
399,1,21,542.6933333333334,514.2258101709122,75
399,1,22,273.74666666666667,274.2619612067127,75
399,1,23,181.90666666666667,170.19931593226158,75
399,2,0,62.5921052631579,64.2273850460889,76
399,2,1,14.631578947368421,16.101991111863143,76
399,2,2,7.065789473684211,6.261558168409578,76
399,2,3,4.394736842105263,4.2929284618327985,76
399,2,4,5.973684210526316,5.681036883415806,76
399,2,5,26.605263157894736,25.85962337562601,76
399,2,6,122.60526315789474,122.28813929941134,76
399,2,7,517.4078947368421,508.3184987005302,76
399,2,8,1002.5,980.7683663258739,76
399,2,9,753.25,753.193394535894,76
399,2,10,608.7763157894736,561.5308355125359,76
399,2,11,793.75,794.2844874610801,76
399,2,12,946.3552631578947,912.8489643817909,76
399,2,13,1082.5394736842106,1021.2428397932952,76
399,2,14,1486.9342105263158,1513.1526200448188,76
399,2,15,1955.1973684210527,2067.169602112329,76
399,2,16,2431.1315789473683,2474.5498567318755,76
399,2,17,2528.1052631578946,2603.9701585048424,76
399,2,18,1828.3947368421052,1847.8764445602826,76
399,2,19,1228.828947368421,1081.197657665418,76
399,2,20,998.4473684210526,1005.5077377732196,76
399,2,21,561.3684210526316,514.3911415883074,76
399,2,22,292.05263157894734,281.654402440392,76
399,2,23,182.51315789473685,169.28237262080276,76
399,3,0,70.85333333333334,67.09505953295553,75
399,3,1,18.12,17.770871251926472,75
399,3,2,6.76,6.390935900629015,75
399,3,3,4.3108108108108105,4.417222691365672,74
399,3,4,5.453333333333333,5.713175391762136,75
399,3,5,25.293333333333333,25.394243263773262,75
399,3,6,115.68,119.22268516193185,75
399,3,7,488.0933333333333,497.36516842829076,75
399,3,8,918.5333333333333,947.9090895337322,75
399,3,9,739.5066666666667,739.1529317225946,75
399,3,10,571.4933333333333,559.7520505069916,75
399,3,11,819.28,789.0968991234182,75
399,3,12,980.9866666666667,900.3344589466697,75
399,3,13,1056.9733333333334,1006.6426545565221,75
399,3,14,1568.2266666666667,1529.0533456447936,75
399,3,15,2244.9066666666668,2116.5634186865486,75
399,3,16,2471.4533333333334,2419.8306671752684,75
399,3,17,2557.8933333333334,2541.576063741539,75
399,3,18,1839.7466666666667,1839.5526427495504,75
399,3,19,1243.6933333333334,1072.0154787071328,75
399,3,20,1044.4,1008.6093283693793,75
399,3,21,563.36,515.7231797649799,75
399,3,22,282.5466666666667,283.8807098095784,75
399,3,23,188.18666666666667,177.6939813479626,75
399,4,0,70.62666666666667,69.39058337175133,75
399,4,1,18.093333333333334,16.948907218382818,75
399,4,2,7.293333333333333,6.842791704529135,75
399,4,3,4.027027027027027,3.996392637955242,74
399,4,4,6.095890410958904,5.658668044167147,73
399,4,5,23.24,21.770329003537828,75
399,4,6,95.56,96.06995102571217,75
399,4,7,382.68,386.372552173329,75
399,4,8,625.7333333333333,626.7644871671426,75
399,4,9,558.7866666666666,546.4587938333395,75
399,4,10,567.6666666666666,549.3332211577737,75
399,4,11,837.1466666666666,768.9254542008773,75
399,4,12,993.1333333333333,916.3152604888834,75
399,4,13,1045.2933333333333,998.7292250031858,75
399,4,14,1559.52,1558.316669522903,75
399,4,15,1965.04,1967.9423858286843,75
399,4,16,2121.72,2103.5406743500425,75
399,4,17,2040.8,2048.232526808596,75
399,4,18,1342.3866666666668,1361.0780592451135,75
399,4,19,913.5733333333334,1058.456511554598,75
399,4,20,652.7866666666666,687.4511425759367,75
399,4,21,392.4533333333333,460.55270543979566,75
399,4,22,305.48,291.42388573350536,75
399,4,23,204.45333333333335,206.70439564938044,75
399,5,0,78.16,77.75310019640702,75
399,5,1,25.12,23.667665826024393,75
399,5,2,9.24,8.654350406586698,75
399,5,3,6.351351351351352,5.938398786822241,74
399,5,4,6.613333333333333,5.899515007481279,75
399,5,5,13.506666666666666,14.171060672725071,75
399,5,6,41.36,41.45292121840462,75
399,5,7,123.38666666666667,122.03781720206067,75
399,5,8,175.26666666666668,175.1574421296601,75
399,5,9,183.62666666666667,180.69812891244567,75
399,5,10,275.62666666666667,273.4027064099318,75
399,5,11,396.02666666666664,398.6034007667547,75
399,5,12,527.6933333333334,537.0570639216206,75
399,5,13,562.5333333333333,566.0548023172296,75
399,5,14,679.92,656.0920380346698,75
399,5,15,797.5466666666666,761.1841964934519,75
399,5,16,787.44,760.308397201292,75
399,5,17,731.4666666666667,735.5105449547398,75
399,5,18,626.0133333333333,622.9929132960093,75
399,5,19,470.6933333333333,461.3621011030249,75
399,5,20,322.44,318.5068262876896,75
399,5,21,239.26666666666668,251.2256934780722,75
399,5,22,217.04,246.6186784683904,75
399,5,23,138.66666666666666,150.11788027325386,75
399,6,0,62.08,63.604438792768256,75
399,6,1,23.653333333333332,22.408240311867168,75
399,6,2,7.891891891891892,8.475925109001599,74
399,6,3,4.931506849315069,5.717308558625399,73
399,6,4,5.0285714285714285,5.403135694853532,70
399,6,5,9.946666666666667,9.97329953582935,75
399,6,6,29.906666666666666,30.233914465694312,75
399,6,7,91.54666666666667,89.98288495759775,75
399,6,8,135.81333333333333,135.80850946613128,75
399,6,9,136.73333333333332,135.32194715123532,75
399,6,10,199.06666666666666,200.96123327967,75
399,6,11,276.46666666666664,276.25376958960123,75
399,6,12,355.38666666666666,366.92509849113924,75
399,6,13,426.68,422.84603213572956,75
399,6,14,477.28,449.33260216426936,75
399,6,15,574.1066666666667,580.3127234569828,75
399,6,16,590.8666666666667,586.8427558547506,75
399,6,17,565.0666666666667,575.3515746598656,75
399,6,18,419.93333333333334,421.9860385448737,75
399,6,19,301.5733333333333,297.5857167199045,75
399,6,20,219.42666666666668,218.49390792264114,75
399,6,21,146.18666666666667,162.30516027648645,75
399,6,22,139.42666666666668,148.57423135239458,75
399,6,23,83.46666666666667,88.85806027482552,75
403,0,0,96.56164383561644,95.13580631024013,73
403,0,1,35.36486486486486,37.21904456031196,74
403,0,2,18.45945945945946,19.712767887753056,74
403,0,3,10.67123287671233,12.421578076962222,73
403,0,4,13.594594594594595,17.277722846987384,74
403,0,5,43.413333333333334,44.98814056303649,75
403,0,6,226.34666666666666,221.88624345838218,75
403,0,7,742.8266666666667,725.6302005931152,75
403,0,8,1332.9333333333334,1329.4480305576396,75
403,0,9,1003.5066666666667,1008.6343094292656,75
403,0,10,744.8133333333334,737.8243496254024,75
403,0,11,745.5066666666667,746.5955003018429,75
403,0,12,803.3866666666667,798.2644717337986,75
403,0,13,863.1466666666666,862.151958227949,75
403,0,14,1108.0133333333333,1104.1180070456696,75
403,0,15,1485.3733333333332,1488.4635773281414,75
403,0,16,2034.68,2025.199883111601,75
403,0,17,2489.1066666666666,2455.053564448578,75
403,0,18,1676.36,1647.3620590120786,75
403,0,19,1034.28,1048.2718615694805,75
403,0,20,770.8,765.4263627659623,75
403,0,21,592.7066666666667,601.4783057227553,75
403,0,22,407.3066666666667,406.07819830069997,75
403,0,23,287.64,268.12584454889304,75
403,1,0,137.13333333333333,131.80448179196557,75
403,1,1,39.54666666666667,39.42881813143083,75
403,1,2,21.08,21.321750107066826,75
403,1,3,13.16,13.14561734827635,75
403,1,4,19.653333333333332,19.71792978557758,75
403,1,5,58.64,59.68182106183789,75
403,1,6,257.56,247.10538314951006,75
403,1,7,886.5466666666666,859.5469268792305,75
403,1,8,1759.7466666666667,1726.5351539227142,75
403,1,9,1288.3466666666666,1288.0681268214958,75
403,1,10,846.8666666666667,838.4131395191107,75
403,1,11,820.0,817.5283993349708,75
403,1,12,892.8266666666667,901.4667953055139,75
403,1,13,976.4666666666667,1013.2639377661719,75
403,1,14,1211.52,1256.0780710766155,75
403,1,15,1734.8933333333334,1742.2219310428457,75
403,1,16,2390.3333333333335,2359.515880106834,75
403,1,17,3119.5066666666667,3132.777386168912,75
403,1,18,2067.6266666666666,1946.8482512618748,75
403,1,19,1261.4666666666667,1253.4475616597874,75
403,1,20,904.1866666666666,942.2797821177365,75
403,1,21,712.1333333333333,726.7846933803551,75
403,1,22,499.64,510.245126152157,75
403,1,23,294.74666666666667,298.95634811233384,75
403,2,0,148.30263157894737,148.3248848128726,76
403,2,1,46.723684210526315,46.90233218194498,76
403,2,2,25.18421052631579,26.988723776163127,76
403,2,3,15.381578947368421,14.554141496109457,76
403,2,4,20.907894736842106,20.243227466448708,76
403,2,5,60.39473684210526,60.021251806369314,76
403,2,6,254.19736842105263,244.44864219310938,76
403,2,7,878.1052631578947,851.5245056843596,76
403,2,8,1733.407894736842,1702.7523534039303,76
403,2,9,1248.2368421052631,1269.1090420231392,76
403,2,10,839.75,833.5223855689715,76
403,2,11,838.8421052631579,816.468439981885,76
403,2,12,905.171052631579,905.1471260828307,76
403,2,13,1047.2763157894738,1020.7382374946302,76
403,2,14,1237.6184210526317,1253.9346315318912,76
403,2,15,1731.1184210526317,1728.2165410627829,76
403,2,16,2299.5,2314.604414005449,76
403,2,17,3052.407894736842,3068.4796672224206,76
403,2,18,2121.5131578947367,1928.0008398793082,76
403,2,19,1306.8157894736842,1244.2152735114664,76
403,2,20,949.3815789473684,937.6444085675233,76
403,2,21,733.7236842105264,727.0880344409771,76
403,2,22,533.2368421052631,531.7365186931896,76
403,2,23,323.36842105263156,306.41498192582907,76
403,3,0,162.17333333333335,156.87231353347752,75
403,3,1,53.10666666666667,50.478010419687934,75
403,3,2,27.666666666666668,27.306148495052966,75
403,3,3,14.72,14.61547004420274,75
403,3,4,23.14666666666667,22.717711013477828,75
403,3,5,60.50666666666667,59.88026566819179,75
403,3,6,242.56,239.3516730254347,75
403,3,7,815.8266666666667,827.593606159191,75
403,3,8,1604.3466666666666,1608.123166977146,75
403,3,9,1227.6,1236.3965157324944,75
403,3,10,857.1733333333333,831.2624510265497,75
403,3,11,853.2,811.9085438934658,75
403,3,12,930.3733333333333,902.3546540022205,75
403,3,13,1045.3733333333332,1020.2325757436945,75
403,3,14,1277.36,1247.8727114903281,75
403,3,15,1741.0133333333333,1713.4032080099155,75
403,3,16,2216.2933333333335,2246.8194768837698,75
403,3,17,2849.3733333333334,2870.769589817396,75
403,3,18,1981.32,1892.7255437367032,75
403,3,19,1302.3733333333332,1236.2531494164418,75
403,3,20,952.6533333333333,927.4406117499872,75
403,3,21,744.6933333333334,727.5337827725297,75
403,3,22,554.16,546.856941054863,75
403,3,23,353.56,335.9687817014513,75
403,4,0,174.82666666666665,170.86576272320218,75
403,4,1,58.8,60.5661023244049,75
403,4,2,29.613333333333333,29.8076668692275,75
403,4,3,19.69333333333333,19.362898414858126,75
403,4,4,24.426666666666666,23.267159418049427,75
403,4,5,55.586666666666666,56.18128040483853,75
403,4,6,211.84,209.4044669071497,75
403,4,7,677.2933333333333,686.3038410828088,75
403,4,8,1004.6933333333334,1002.6441397294336,75
403,4,9,892.7466666666667,887.0022497993846,75
403,4,10,784.1333333333333,788.818756856486,75
403,4,11,864.1066666666667,821.9464184063355,75
403,4,12,944.16,922.1213688551202,75
403,4,13,1041.5866666666666,1031.1289213878042,75
403,4,14,1288.4933333333333,1256.75533978316,75
403,4,15,1680.0533333333333,1686.2590929670007,75
403,4,16,2020.5733333333333,2008.915066608385,75
403,4,17,2135.826666666667,2146.1769711054876,75
403,4,18,1647.08,1806.6684268334895,75
403,4,19,1275.5866666666666,1251.0558300003067,75
403,4,20,958.8666666666667,930.6573234617582,75
403,4,21,772.7866666666666,734.9234871656032,75
403,4,22,657.96,580.4610715673946,75
403,4,23,499.73333333333335,474.8768822926592,75
403,5,0,280.62666666666667,269.89472587888054,75
403,5,1,121.14666666666666,109.32903309855601,75
403,5,2,64.58904109589041,59.9378193726625,73
403,5,3,38.602739726027394,35.28201282128479,73
403,5,4,30.36986301369863,29.662003543193872,73
403,5,5,41.95890410958904,40.92460207591575,73
403,5,6,70.12162162162163,74.20974916758072,74
403,5,7,193.12328767123287,191.1023528250196,73
403,5,8,250.27027027027026,247.23437314542596,74
403,5,9,391.52054794520546,386.34827882264284,73
403,5,10,593.2,592.7455053949058,75
403,5,11,789.0,776.3132825787587,74
403,5,12,911.0405405405405,904.9710157350422,74
403,5,13,950.6133333333333,939.9276465405153,75
403,5,14,974.6621621621622,960.5812168127137,74
403,5,15,1018.581081081081,996.0499991141044,74
403,5,16,965.5342465753424,971.2591802141438,73
403,5,17,920.013698630137,920.312241442196,73
403,5,18,911.2876712328767,915.2827715132398,73
403,5,19,832.6621621621622,879.8254205116473,74
403,5,20,693.1506849315068,724.888394979348,73
403,5,21,594.6216216216217,595.0414654102445,74
403,5,22,535.7837837837837,531.6427502615985,74
403,5,23,430.4054054054054,426.9640790561474,74
403,6,0,231.2876712328767,232.52084638733504,73
403,6,1,115.45205479452055,108.56242447097996,73
403,6,2,58.32876712328767,57.313283971138695,73
403,6,3,33.108108108108105,33.70531290573789,74
403,6,4,25.72972972972973,27.402813602787425,74
403,6,5,32.013698630136986,31.099569730380267,73
403,6,6,59.273972602739725,64.95117167606901,73
403,6,7,153.85135135135135,153.64901206238312,74
403,6,8,183.52,182.84264667947807,75
403,6,9,303.9189189189189,298.5512172678454,74
403,6,10,473.9864864864865,466.4647173559009,74
403,6,11,630.8356164383562,650.4713927720976,73
403,6,12,694.92,676.5673068285327,75
403,6,13,722.0945945945946,682.8886288990453,74
403,6,14,721.6891891891892,711.0723419281294,74
403,6,15,741.8356164383562,715.8523240502703,73
403,6,16,716.8108108108108,706.4968786771472,74
403,6,17,673.5616438356165,685.3500366796633,73
403,6,18,611.3783783783783,629.3867832894541,74
403,6,19,519.4794520547945,517.506020420379,73
403,6,20,437.17808219178085,430.22577134577784,73
403,6,21,379.62666666666667,380.55886347428844,75
403,6,22,304.35135135135135,301.7782094322758,74
403,6,23,192.05405405405406,202.8018061098118,74
404,0,0,95.10958904109589,97.41554411600865,73
404,0,1,39.32432432432432,41.07714995375866,74
404,0,2,24.72972972972973,24.7214709260234,74
404,0,3,14.175675675675675,13.994271487455746,74
404,0,4,15.466666666666667,15.40601794234229,75
404,0,5,38.36,37.36156952612884,75
404,0,6,142.46666666666667,143.3101163169353,75
404,0,7,543.64,563.7712576790329,75
404,0,8,966.44,968.2750460999517,75
404,0,9,663.28,676.0967793319957,75
404,0,10,513.6,496.041377825055,75
404,0,11,498.85333333333335,493.42206290024325,75
404,0,12,546.9866666666667,541.6848822343088,75
404,0,13,592.8266666666667,586.9729594161581,75
404,0,14,799.2133333333334,779.7950157260641,75
404,0,15,1115.8533333333332,1106.6563939023863,75
404,0,16,1429.9466666666667,1406.462667730984,75
404,0,17,1719.3866666666668,1699.6698624801058,75
404,0,18,1178.08,1159.6604723867829,75
404,0,19,808.96,781.9510401323671,75
404,0,20,561.96,562.4778735883593,75
404,0,21,456.12,467.35360281188446,75
404,0,22,385.44,374.6465582308146,75
404,0,23,264.37333333333333,250.90480112180384,75
404,1,0,131.4,124.71493231963586,75
404,1,1,45.306666666666665,47.28553311732231,75
404,1,2,28.426666666666666,31.803581958030524,75
404,1,3,15.066666666666666,15.647571877591957,75
404,1,4,13.733333333333333,15.00114199493209,75
404,1,5,42.413333333333334,41.96515624331784,75
404,1,6,163.64,156.73718932522826,75
404,1,7,665.4666666666667,664.3083232510891,75
404,1,8,1279.4533333333334,1288.6698639864064,75
404,1,9,850.3866666666667,850.4862879188053,75
404,1,10,573.7733333333333,561.351670626469,75
404,1,11,560.6,564.8671399445476,75
404,1,12,623.2133333333334,617.3619027479464,75
404,1,13,676.8666666666667,682.4851531874677,75
404,1,14,900.8,905.5583828290994,75
404,1,15,1278.64,1249.6122698164218,75
404,1,16,1789.4666666666667,1754.113394960723,75
404,1,17,2350.0933333333332,2320.7936337750352,75
404,1,18,1547.0133333333333,1563.40693400164,75
404,1,19,1015.0133333333333,973.4327008703985,75
404,1,20,702.6933333333334,694.6113088896861,75
404,1,21,591.6933333333334,593.2643283049288,75
404,1,22,489.2266666666667,500.77580115234207,75
404,1,23,308.4266666666667,305.03972787399505,75
404,2,0,147.22368421052633,148.35148295470157,76
404,2,1,55.76315789473684,54.81477676794816,76
404,2,2,35.53947368421053,36.59917443505393,76
404,2,3,18.342105263157894,17.471295847679514,76
404,2,4,14.526315789473685,15.835213713574493,76
404,2,5,39.93421052631579,41.565597469623185,76
404,2,6,160.6578947368421,153.41426104978373,76
404,2,7,649.4342105263158,657.9224806023857,76
404,2,8,1242.8026315789473,1268.228916286595,76
404,2,9,841.1447368421053,841.8780203961736,76
404,2,10,575.8421052631579,563.0106381190228,76
404,2,11,569.8157894736842,583.2248509822409,76
404,2,12,624.7368421052631,619.8631110818645,76
404,2,13,687.078947368421,687.1512098641125,76
404,2,14,919.1578947368421,902.4662563862403,76
404,2,15,1299.421052631579,1245.8599345408281,76
404,2,16,1784.7894736842106,1733.2343770337443,76
404,2,17,2307.2368421052633,2282.1644545973536,76
404,2,18,1552.0657894736842,1543.1813825660606,76
404,2,19,1052.9736842105262,969.5962555553982,76
404,2,20,742.9473684210526,688.9328262480246,76
404,2,21,616.8552631578947,592.345620579525,76
404,2,22,513.75,499.5388968424979,76
404,2,23,331.88157894736844,309.72703721130245,76
404,3,0,161.08,157.61632602062988,75
404,3,1,62.4,58.85574277739713,75
404,3,2,40.96,40.02217005848915,75
404,3,3,19.8,19.397414155720835,75
404,3,4,16.973333333333333,16.339199733722033,75
404,3,5,41.093333333333334,41.31807420581257,75
404,3,6,151.62666666666667,151.31204691779425,75
404,3,7,602.84,643.859573266937,75
404,3,8,1158.7466666666667,1205.6229334092063,75
404,3,9,823.7333333333333,823.3284538807628,75
404,3,10,590.4133333333333,562.1704678553813,75
404,3,11,581.5466666666666,574.6365502799002,75
404,3,12,647.12,617.586630327487,75
404,3,13,691.6666666666666,681.6988195629461,75
404,3,14,930.1066666666667,890.7249403134999,75
404,3,15,1303.04,1231.194115074551,75
404,3,16,1734.88,1705.031800724785,75
404,3,17,2174.8533333333335,2201.3959864008384,75
404,3,18,1482.0,1499.050867268202,75
404,3,19,1059.7733333333333,959.431631376187,75
404,3,20,778.88,683.2489501560032,75
404,3,21,625.1466666666666,596.3536926452813,75
404,3,22,535.9466666666667,505.04854967839367,75
404,3,23,350.96,335.49129500870436,75
404,4,0,176.25333333333333,172.1631296865379,75
404,4,1,62.986666666666665,63.06877784724595,75
404,4,2,42.44,41.2467818134375,75
404,4,3,23.826666666666668,21.57231193134803,75
404,4,4,20.173333333333332,19.778241014927396,75
404,4,5,37.81333333333333,38.010252811463864,75
404,4,6,140.44,143.2445048481157,75
404,4,7,492.04,508.08710322230434,75
404,4,8,724.28,708.7630070646393,75
404,4,9,590.0933333333334,594.91200024661,75
404,4,10,548.04,552.692883605603,75
404,4,11,584.96,581.9199110460636,75
404,4,12,635.1866666666666,634.2809043111513,75
404,4,13,708.7466666666667,697.6609363046878,75
404,4,14,923.5866666666667,904.9195109002783,75
404,4,15,1251.32,1247.529836351435,75
404,4,16,1429.5333333333333,1446.2253238379415,75
404,4,17,1504.1866666666667,1496.7901580963774,75
404,4,18,1125.2666666666667,1131.5869821068925,75
404,4,19,928.64,959.8370331395344,75
404,4,20,688.4,686.7049047323313,75
404,4,21,590.8133333333334,592.6402884408853,75
404,4,22,551.2933333333333,515.2516221647401,75
404,4,23,439.36,443.256824668585,75
404,5,0,272.9189189189189,271.67295258572943,74
404,5,1,123.26027397260275,121.56754726884996,73
404,5,2,70.8082191780822,68.04082834554998,73
404,5,3,42.78082191780822,43.0693401928943,73
404,5,4,32.48,33.40634982348157,75
404,5,5,27.863013698630137,26.479054783556812,73
404,5,6,65.3013698630137,75.66489704060409,73
404,5,7,191.06849315068493,189.39323354301547,73
404,5,8,207.59459459459458,207.02319904657804,74
404,5,9,283.02702702702703,284.6916182058715,74
404,5,10,402.16,413.269431503709,75
404,5,11,520.986301369863,521.3096086516591,73
404,5,12,581.8243243243244,574.2004053982757,74
404,5,13,622.4520547945206,631.9372762357186,73
404,5,14,674.4794520547945,691.3882313945671,73
404,5,15,760.0,753.4542047854843,73
404,5,16,749.8356164383562,764.7512831996116,73
404,5,17,628.08,668.3662423755754,75
404,5,18,627.8082191780821,630.4880032899508,73
404,5,19,630.4657534246576,641.0975233316656,73
404,5,20,484.4109589041096,480.83599031078353,73
404,5,21,447.24657534246575,443.0178725692314,73
404,5,22,453.41333333333336,453.31798979637836,75
404,5,23,388.44594594594594,389.7308785974529,74
404,6,0,233.56164383561645,235.4242209154353,73
404,6,1,125.79452054794521,120.53290779054718,73
404,6,2,59.42465753424658,64.30813911092791,73
404,6,3,44.391891891891895,42.990389184605945,74
404,6,4,34.21917808219178,34.823511241669976,73
404,6,5,27.328767123287673,27.353898348454727,73
404,6,6,57.5945945945946,59.00378142727597,74
404,6,7,156.27397260273972,157.8009651947841,73
404,6,8,177.27397260273972,175.29133801764434,73
404,6,9,229.35616438356163,229.79934653481436,73
404,6,10,338.6756756756757,336.5504128083572,74
404,6,11,425.56756756756755,429.2113430083042,74
404,6,12,489.986301369863,490.71991503898795,73
404,6,13,516.2602739726027,499.2391632548135,73
404,6,14,525.8904109589041,537.953398158564,73
404,6,15,558.2739726027397,560.1082264859941,73
404,6,16,548.4459459459459,566.6363019773262,74
404,6,17,481.70666666666665,503.14260821842936,75
404,6,18,423.68918918918916,425.93043546118406,74
404,6,19,384.9866666666667,383.11748399178197,75
404,6,20,314.85135135135135,312.42549669893543,74
404,6,21,309.13698630136986,307.0681820705167,73
404,6,22,283.4533333333333,283.2956772680781,75
404,6,23,187.82191780821918,202.6516917922221,73
405,0,0,79.1891891891892,80.70737691772622,74
405,0,1,32.10666666666667,36.2202720680001,75
405,0,2,14.85135135135135,16.048742230136565,74
405,0,3,13.863013698630137,13.80577214500113,73
405,0,4,15.24,15.255239850933533,75
405,0,5,47.24,47.25166285792518,75
405,0,6,210.57333333333332,199.43531907634406,75
405,0,7,680.2,657.5991515980073,75
405,0,8,1250.4533333333334,1242.9420447577663,75
405,0,9,849.0,828.4872679066118,75
405,0,10,656.9066666666666,650.8331417421173,75
405,0,11,668.2,673.418432216251,75
405,0,12,844.5733333333334,879.6806727576537,75
405,0,13,807.0,812.17618461452,75
405,0,14,1320.48,1292.002162068573,75
405,0,15,1777.92,1774.7257867817714,75
405,0,16,1967.0,1936.476928133986,75
405,0,17,2350.2533333333336,2340.2238859324775,75
405,0,18,1557.88,1543.8847437333418,75
405,0,19,1285.76,1234.9680613275086,75
405,0,20,953.6933333333334,861.5599553047321,75
405,0,21,610.52,604.7610431248161,75
405,0,22,354.50666666666666,352.3501190143832,75
405,0,23,248.49333333333334,243.47688094850537,75
405,1,0,125.25333333333333,124.2675937229658,75
405,1,1,36.48,38.319634723347555,75
405,1,2,16.386666666666667,16.44635228390367,75
405,1,3,14.48,14.15771816213269,75
405,1,4,15.6,15.43190885062417,75
405,1,5,50.0,51.94488597850106,75
405,1,6,242.13333333333333,225.97633648218016,75
405,1,7,828.1466666666666,790.9264003213705,75
405,1,8,1626.6666666666667,1602.4347023732535,75
405,1,9,1124.84,1070.410532563232,75
405,1,10,754.6666666666666,756.8116726710464,75
405,1,11,800.2266666666667,797.2869240247743,75
405,1,12,1003.0666666666667,1013.2976929093709,75
405,1,13,894.2533333333333,914.271365378843,75
405,1,14,1321.4266666666667,1369.34217542465,75
405,1,15,1927.1333333333334,1981.064946620445,75
405,1,16,2319.266666666667,2317.7258549167645,75
405,1,17,2921.5866666666666,2861.9745586859144,75
405,1,18,1954.1333333333334,1935.7313102961327,75
405,1,19,1535.6933333333334,1316.828171491884,75
405,1,20,1089.9466666666667,1012.9917308419518,75
405,1,21,743.08,722.5593664003279,75
405,1,22,451.64,448.02163150396103,75
405,1,23,292.44,293.59580696334814,75
405,2,0,140.4078947368421,141.18702569924943,76
405,2,1,47.89473684210526,46.96755079322079,76
405,2,2,21.039473684210527,19.847757856355944,76
405,2,3,14.947368421052632,15.457670950480729,76
405,2,4,16.723684210526315,16.225847321126842,76
405,2,5,52.0921052631579,52.03157418804315,76
405,2,6,237.71052631578948,223.85173092502183,76
405,2,7,800.1578947368421,780.4387469062322,76
405,2,8,1587.8684210526317,1575.0559270390356,76
405,2,9,1102.2631578947369,1055.8778858506446,76
405,2,10,782.7105263157895,752.4892479080575,76
405,2,11,792.671052631579,793.7956013358353,76
405,2,12,970.5526315789474,1011.0096491799937,76
405,2,13,950.6315789473684,925.1810830985611,76
405,2,14,1508.2105263157894,1402.1876865900633,76
405,2,15,1987.0131578947369,1961.0527879849676,76
405,2,16,2317.6447368421054,2289.3053465107737,76
405,2,17,2883.7368421052633,2811.269106647933,76
405,2,18,1930.0526315789473,1906.2413081721365,76
405,2,19,1530.8815789473683,1303.075556339632,76
405,2,20,1119.7631578947369,1026.0476495859814,76
405,2,21,747.0657894736842,715.6726392091101,76
405,2,22,471.32894736842104,447.85089123740926,76
405,2,23,314.0263157894737,297.5689539712275,76
405,3,0,153.57333333333332,149.39085289385926,75
405,3,1,54.2,51.11769978697738,75
405,3,2,23.546666666666667,21.903543617656698,75
405,3,3,15.586666666666666,15.735292529408996,75
405,3,4,17.546666666666667,16.47562700641073,75
405,3,5,51.81333333333333,51.518134982626044,75
405,3,6,230.13333333333333,219.16083830445064,75
405,3,7,731.6933333333334,752.7107037558873,75
405,3,8,1469.8133333333333,1491.3797965565363,75
405,3,9,1084.28,1036.7895691103092,75
405,3,10,788.7333333333333,742.6632293174796,75
405,3,11,864.48,805.1460992805171,75
405,3,12,1086.0666666666666,1006.0401813605436,75
405,3,13,918.4933333333333,910.6626941144424,75
405,3,14,1292.3733333333332,1349.173242413353,75
405,3,15,1940.9066666666668,1947.7870644888224,75
405,3,16,2224.9466666666667,2241.7142973423624,75
405,3,17,2674.3333333333335,2728.016224321759,75
405,3,18,1860.2266666666667,1871.3734150842724,75
405,3,19,1509.2933333333333,1277.1161678843648,75
405,3,20,1114.5733333333333,986.1052112328676,75
405,3,21,752.0666666666667,710.2076077975781,75
405,3,22,502.5733333333333,454.3275318184032,75
405,3,23,341.28,325.8036118477266,75
405,4,0,161.30666666666667,153.9880310569788,75
405,4,1,59.053333333333335,60.96739039812544,75
405,4,2,25.506666666666668,25.57900993370315,75
405,4,3,18.186666666666667,19.044752897226267,75
405,4,4,19.84,19.517955433993965,75
405,4,5,51.06666666666667,49.99718986089698,75
405,4,6,202.06666666666666,194.1483942434035,75
405,4,7,546.48,560.9310692878202,75
405,4,8,902.9866666666667,915.4578240396515,75
405,4,9,736.3733333333333,800.1221803277243,75
405,4,10,654.1733333333333,709.2825290878516,75
405,4,11,746.24,762.6047884486478,75
405,4,12,910.0266666666666,976.0364834856124,75
405,4,13,985.5333333333333,934.4671506032519,75
405,4,14,1405.84,1370.6083240432895,75
405,4,15,1666.0266666666666,1712.4284140958116,75
405,4,16,1747.1466666666668,1749.5354105225326,75
405,4,17,1703.1466666666668,1696.5638948138399,75
405,4,18,1257.6266666666668,1311.8549124442757,75
405,4,19,915.6,1234.9580127896925,75
405,4,20,724.5466666666666,898.9737131793089,75
405,4,21,542.8933333333333,656.5006249650403,75
405,4,22,482.3066666666667,472.94918789258946,75
405,4,23,411.58666666666664,397.141357885857,75
405,5,0,241.92,234.87778176637838,75
405,5,1,116.56,107.29095820164318,75
405,5,2,52.13513513513514,51.017910481398715,74
405,5,3,35.69444444444444,34.89635658937913,72
405,5,4,29.47945205479452,29.66568516020704,73
405,5,5,25.33783783783784,25.809331168827725,74
405,5,6,57.89333333333333,62.65713839051983,75
405,5,7,105.85333333333334,105.16808289344793,75
405,5,8,188.66216216216216,187.59423697064904,74
405,5,9,295.61333333333334,295.32471727591894,75
405,5,10,442.47297297297297,439.35917583000685,74
405,5,11,591.7027027027027,586.7604004310397,74
405,5,12,705.76,744.316604706841,75
405,5,13,786.9594594594595,759.7986208091945,74
405,5,14,902.2328767123288,869.541426856815,73
405,5,15,926.8243243243244,891.1415389774589,74
405,5,16,869.3108108108108,849.7737205558199,74
405,5,17,768.081081081081,782.4058862601408,74
405,5,18,703.7297297297297,736.8895522120131,74
405,5,19,574.0133333333333,583.7210974992042,75
405,5,20,459.35135135135135,464.7447583054751,74
405,5,21,381.8918918918919,403.5531534472327,74
405,5,22,373.3243243243243,398.2772853422004,74
405,5,23,336.90410958904107,340.2291907097681,73
405,6,0,195.64864864864865,192.148328687305,74
405,6,1,106.33333333333333,106.79280743429985,75
405,6,2,45.73972602739726,48.40561001761952,73
405,6,3,34.25333333333333,34.00719786276106,75
405,6,4,31.08219178082192,30.091912522572542,73
405,6,5,26.068493150684933,25.60416488818482,73
405,6,6,43.6,44.50877975504461,75
405,6,7,76.41095890410959,76.67064121004287,73
405,6,8,136.93150684931507,136.84474186295958,73
405,6,9,216.5,215.18319559571944,74
405,6,10,343.29333333333335,342.4039386386696,75
405,6,11,446.1333333333333,449.1102685959512,75
405,6,12,569.84,563.8430950226564,75
405,6,13,586.917808219178,568.0111295588831,73
405,6,14,589.5945945945946,572.3750739674372,74
405,6,15,615.472972972973,600.9108146906398,74
405,6,16,599.7567567567568,594.1115639684973,74
405,6,17,552.7432432432432,559.1617359192039,74
405,6,18,475.6933333333333,480.0740508914851,75
405,6,19,381.3466666666667,379.79599525697824,75
405,6,20,312.3783783783784,312.4718650663997,74
405,6,21,247.1917808219178,247.9882228549188,73
405,6,22,229.40540540540542,239.37868845038543,74
405,6,23,159.74324324324326,169.45759407879322,74
407,0,0,86.86301369863014,91.27248920115514,73
407,0,1,44.917808219178085,45.165933368965746,73
407,0,2,24.554054054054053,24.60157341602637,74
407,0,3,13.08108108108108,13.491387603762808,74
407,0,4,15.56,15.198000222458846,75
407,0,5,28.133333333333333,28.138983270398864,75
407,0,6,121.48,124.79468887904295,75
407,0,7,462.6,435.9255793603594,75
407,0,8,983.6,968.5279889750684,75
407,0,9,586.3466666666667,579.9563831340643,75
407,0,10,337.82666666666665,345.81384146943384,75
407,0,11,334.4,351.24724455080747,75
407,0,12,415.76,442.55584855596516,75
407,0,13,492.3333333333333,506.9386150587069,75
407,0,14,584.2,616.376065468495,75
407,0,15,759.7466666666667,795.4590410937377,75
407,0,16,872.4666666666667,902.443667963469,75
407,0,17,991.08,1021.075470552743,75
407,0,18,877.9066666666666,899.949118380331,75
407,0,19,698.1066666666667,734.697086269517,75
407,0,20,625.5733333333334,644.6946480472706,75
407,0,21,559.56,582.1499334661445,75
407,0,22,418.37333333333333,415.99320274254086,75
407,0,23,231.10666666666665,228.59093734323517,75
407,1,0,101.77333333333333,94.6910147608518,75
407,1,1,41.13333333333333,47.82483154300191,75
407,1,2,22.826666666666668,22.872101451355697,75
407,1,3,13.666666666666666,13.578371203836701,75
407,1,4,13.106666666666667,13.170865445617883,75
407,1,5,29.44,29.314586009023465,75
407,1,6,153.4,144.02921085243435,75
407,1,7,577.16,521.9718968407609,75
407,1,8,1335.84,1299.612273887454,75
407,1,9,782.92,777.0505178302769,75
407,1,10,412.50666666666666,405.1268461287375,75
407,1,11,372.24,396.6857941160175,75
407,1,12,460.2133333333333,488.2855231639766,75
407,1,13,527.32,561.5052411213318,75
407,1,14,618.1733333333333,705.2895144921644,75
407,1,15,830.6933333333334,874.9866474065573,75
407,1,16,979.24,1001.7124262172831,75
407,1,17,1147.96,1147.7333771198548,75
407,1,18,1024.7066666666667,1020.9464652000552,75
407,1,19,806.88,833.3540450682824,75
407,1,20,750.9333333333333,778.1863936205932,75
407,1,21,695.5066666666667,722.7288449145107,75
407,1,22,520.2933333333333,553.107606995887,75
407,1,23,278.9866666666667,290.3552450020366,75
407,2,0,120.0657894736842,122.1501958910282,76
407,2,1,55.0,56.17214105039364,76
407,2,2,29.789473684210527,30.118268101796037,76
407,2,3,14.710526315789474,15.46618272852497,76
407,2,4,12.407894736842104,13.864348784940564,76
407,2,5,29.144736842105264,29.16719153680291,76
407,2,6,147.5921052631579,142.10530694010728,76
407,2,7,541.4342105263158,515.2832510060498,76
407,2,8,1295.671052631579,1277.8568177584227,76
407,2,9,782.7894736842105,767.2552013020014,76
407,2,10,413.4342105263158,402.94910645851894,76
407,2,11,377.3421052631579,397.16513208549384,76
407,2,12,467.7763157894737,497.72930529315255,76
407,2,13,531.5394736842105,565.7868050547988,76
407,2,14,622.0394736842105,705.9783605555639,76
407,2,15,832.7631578947369,870.8353546173472,76
407,2,16,983.421052631579,995.638474195801,76
407,2,17,1161.0263157894738,1140.6955195305675,76
407,2,18,1018.0263157894736,1004.5671853260842,76
407,2,19,846.1184210526316,827.0430032379023,76
407,2,20,775.5263157894736,777.5316199382734,76
407,2,21,728.5131578947369,720.8222108226254,76
407,2,22,566.1052631578947,582.5370084461016,76
407,2,23,313.63157894736844,318.4585426147855,76
407,3,0,139.14666666666668,131.4646096129834,75
407,3,1,62.46666666666667,57.0557535545442,75
407,3,2,34.026666666666664,33.78288709798827,75
407,3,3,20.506666666666668,20.467982085810846,75
407,3,4,15.186666666666667,14.483257913386378,75
407,3,5,29.133333333333333,29.168755293367365,75
407,3,6,136.6,139.37360256134716,75
407,3,7,506.73333333333335,502.7340949866522,75
407,3,8,1201.8133333333333,1211.736022910739,75
407,3,9,756.9866666666667,747.8542155405195,75
407,3,10,433.0,406.4896612117913,75
407,3,11,388.38666666666666,394.92280741217746,75
407,3,12,481.6,495.957277027059,75
407,3,13,559.7866666666666,561.4729320054224,75
407,3,14,646.6266666666667,699.8357982745703,75
407,3,15,851.1466666666666,864.2006552688958,75
407,3,16,980.6533333333333,989.2290380972016,75
407,3,17,1142.4533333333334,1126.5389899859167,75
407,3,18,1011.3066666666666,996.1322036286467,75
407,3,19,828.8666666666667,819.1264839148724,75
407,3,20,787.8533333333334,780.371730044439,75
407,3,21,758.68,722.0293679017458,75
407,3,22,626.0,582.2979616601236,75
407,3,23,374.0133333333333,404.3217864170011,75
407,4,0,175.48,173.8830239381594,75
407,4,1,84.34666666666666,89.52411485709796,75
407,4,2,44.50666666666667,45.69134435131913,75
407,4,3,25.28,27.104054329117176,75
407,4,4,18.48,17.959900831095318,75
407,4,5,26.746666666666666,28.08925880814292,75
407,4,6,111.77333333333333,117.7447488165514,75
407,4,7,340.94666666666666,372.0896990187188,75
407,4,8,657.7066666666667,685.6601339118038,75
407,4,9,503.29333333333335,517.1220036731492,75
407,4,10,383.58666666666664,395.88963787621253,75
407,4,11,402.24,400.2785875247548,75
407,4,12,515.72,512.3773971979083,75
407,4,13,609.3066666666666,627.7824371135002,75
407,4,14,711.88,717.2026931897251,75
407,4,15,902.3466666666667,878.5041204498051,75
407,4,16,996.7466666666667,997.7044253879958,75
407,4,17,1087.24,1116.1714536565544,75
407,4,18,944.6266666666667,993.9268546908917,75
407,4,19,811.6666666666666,827.6268512633526,75
407,4,20,751.68,765.6175816500364,75
407,4,21,743.4266666666666,732.8804617420441,75
407,4,22,698.7466666666667,675.9367346327061,75
407,4,23,560.4133333333333,477.14053746431017,75
407,5,0,372.9066666666667,365.6173500602148,75
407,5,1,266.958904109589,254.34960753468252,73
407,5,2,145.40540540540542,134.52645436221982,74
407,5,3,84.42465753424658,83.04443614516306,73
407,5,4,47.30555555555556,48.725843156518536,72
407,5,5,26.54794520547945,25.540999905534303,73
407,5,6,44.64383561643836,49.48640499501185,73
407,5,7,69.31506849315069,68.54067597330973,73
407,5,8,121.35616438356165,122.4692219990375,73
407,5,9,209.34246575342465,208.07353693626737,73
407,5,10,318.52054794520546,323.7154649569441,73
407,5,11,444.56164383561645,445.92813748484446,73
407,5,12,590.7397260273973,589.6029029276235,73
407,5,13,711.5479452054794,695.6937642003553,73
407,5,14,803.1369863013699,827.8526483179589,73
407,5,15,906.6986301369863,884.2737816996575,73
407,5,16,910.0,881.2897556623392,73
407,5,17,849.7945205479452,857.114612650482,73
407,5,18,813.472972972973,843.4657867801773,74
407,5,19,757.3648648648649,767.1576366567174,74
407,5,20,701.3108108108108,703.2615629624731,74
407,5,21,670.7567567567568,694.5829835247613,74
407,5,22,642.2191780821918,669.6144311670885,73
407,5,23,527.3424657534247,529.7227212516899,73
407,6,0,365.1756756756757,363.79172473459965,74
407,6,1,255.27397260273972,248.00686066554158,73
407,6,2,133.91780821917808,128.36662539968896,73
407,6,3,87.13698630136986,81.62856337514012,73
407,6,4,53.333333333333336,51.50860651140109,75
407,6,5,25.324324324324323,25.39143731775045,74
407,6,6,31.616438356164384,37.90370103451864,73
407,6,7,48.342465753424655,49.908975110936446,73
407,6,8,85.6027397260274,84.90630195966922,73
407,6,9,161.23287671232876,164.07355861224744,73
407,6,10,268.09589041095893,277.9741937535386,73
407,6,11,382.52054794520546,365.823445178121,73
407,6,12,491.17808219178085,488.19078435216414,73
407,6,13,586.2191780821918,586.5091787790365,73
407,6,14,651.4657534246576,655.8875247595209,73
407,6,15,689.6712328767123,685.8590446601203,73
407,6,16,686.3150684931506,689.3431673971763,73
407,6,17,667.3835616438356,675.8594789262469,73
407,6,18,591.472972972973,605.9531938840013,74
407,6,19,518.8243243243244,523.3989052851647,74
407,6,20,473.75342465753425,464.527226246715,73
407,6,21,438.77027027027026,446.6460857781979,74
407,6,22,373.90410958904107,367.13197230675274,73
407,6,23,204.8082191780822,226.756449415673,73
409,0,0,56.67123287671233,56.61613787090613,73
409,0,1,20.575342465753426,22.736537635477987,73
409,0,2,12.561643835616438,13.584009787629807,73
409,0,3,8.013698630136986,8.731979110082328,73
409,0,4,10.04,11.35775869836221,75
409,0,5,15.146666666666667,15.691474945765925,75
409,0,6,65.25333333333333,65.3758535511078,75
409,0,7,222.42666666666668,216.0767341524601,75
409,0,8,410.9866666666667,404.4830073709544,75
409,0,9,289.28,301.2626910974383,75
409,0,10,234.69333333333333,244.98374137199275,75
409,0,11,287.6666666666667,301.9928112724364,75
409,0,12,379.5733333333333,393.3289797695659,75
409,0,13,461.72,455.34910290744483,75
409,0,14,558.5066666666667,588.1898927867902,75
409,0,15,691.5733333333334,716.8370927332841,75
409,0,16,779.3466666666667,828.3206116234354,75
409,0,17,918.1066666666667,914.0037150500839,75
409,0,18,839.16,845.4567021294589,75
409,0,19,661.6666666666666,669.7231911160361,75
409,0,20,437.2,437.657413072151,75
409,0,21,316.24,341.03553208259143,75
409,0,22,244.24,248.6673735263058,75
409,0,23,130.10666666666665,131.04088292098785,75
409,1,0,55.81333333333333,62.42161840246738,75
409,1,1,19.48,20.658386527468608,75
409,1,2,8.08108108108108,12.581220986509715,74
409,1,3,5.8,8.164227533457687,75
409,1,4,9.186666666666667,10.444056447265464,75
409,1,5,17.573333333333334,16.74668466934544,75
409,1,6,75.6,74.19014414527058,75
409,1,7,270.2133333333333,255.5014913341692,75
409,1,8,528.24,509.24473808109985,75
409,1,9,371.0933333333333,373.9672534229037,75
409,1,10,267.72,271.37019651037355,75
409,1,11,304.8933333333333,334.3506736541988,75
409,1,12,387.0,427.44777864615486,75
409,1,13,469.04,474.80139293472644,75
409,1,14,571.28,660.3573980375803,75
409,1,15,715.8133333333334,779.691611112808,75
409,1,16,834.36,897.5726993144871,75
409,1,17,1097.3866666666668,1088.0533182988424,75
409,1,18,992.52,979.1492714171436,75
409,1,19,761.1733333333333,819.9024834296196,75
409,1,20,512.2933333333333,560.5749586138171,75
409,1,21,384.05333333333334,415.00323828602467,75
409,1,22,295.26666666666665,329.3940635543381,75
409,1,23,151.96,194.45556844819248,75
409,2,0,63.223684210526315,68.98542927582567,76
409,2,1,29.842105263157894,30.56681344399386,76
409,2,2,12.802631578947368,15.35574555041179,76
409,2,3,8.789473684210526,9.265931716225241,76
409,2,4,9.618421052631579,11.069879174832126,76
409,2,5,16.263157894736842,16.767784680135385,76
409,2,6,75.03947368421052,74.0197732567436,76
409,2,7,255.0921052631579,252.86082272854358,76
409,2,8,514.1052631578947,503.2137865920679,76
409,2,9,379.2105263157895,369.83278388583204,76
409,2,10,262.92105263157896,270.6923918380333,76
409,2,11,317.63157894736844,333.4692483398646,76
409,2,12,398.60526315789474,431.72199232806196,76
409,2,13,474.36842105263156,491.1197830819384,76
409,2,14,574.078947368421,661.4160510251669,76
409,2,15,726.9473684210526,787.1672977772998,76
409,2,16,850.3157894736842,899.360256038372,76
409,2,17,1087.6052631578948,1083.0846448285429,76
409,2,18,984.7631578947369,964.745585690757,76
409,2,19,780.5526315789474,812.634182220672,76
409,2,20,548.9868421052631,559.7581682816199,76
409,2,21,408.0263157894737,413.1349397801112,76
409,2,22,322.07894736842104,330.2227981452276,76
409,2,23,172.51315789473685,198.91765368917507,76
409,3,0,77.90666666666667,74.13953433547648,75
409,3,1,34.48,34.68098888027333,75
409,3,2,16.973333333333333,17.083751785615515,75
409,3,3,10.48,10.035426656535083,75
409,3,4,11.813333333333333,11.273360884016578,75
409,3,5,18.413333333333334,17.63308071635423,75
409,3,6,71.12,72.32310557339252,75
409,3,7,246.0,246.14527208129624,75
409,3,8,479.49333333333334,489.5830026125351,75
409,3,9,364.18666666666667,362.3901031234058,75
409,3,10,274.37333333333333,270.25134984986926,75
409,3,11,327.74666666666667,335.09757639562685,75
409,3,12,418.6,431.5254309352547,75
409,3,13,503.88,500.6650722989243,75
409,3,14,605.4266666666666,666.7498801475767,75
409,3,15,750.3066666666666,786.3995453253574,75
409,3,16,867.16,909.6854987671005,75
409,3,17,1074.72,1064.9705324929794,75
409,3,18,977.1333333333333,957.6716068121744,75
409,3,19,795.8266666666667,811.5151314345653,75
409,3,20,584.9733333333334,566.2934771797433,75
409,3,21,446.12,431.58928981076355,75
409,3,22,357.0933333333333,345.40458995520964,75
409,3,23,223.70666666666668,216.16161072896162,75
409,4,0,108.10666666666667,110.55581537852049,75
409,4,1,46.21333333333333,46.50549988921919,75
409,4,2,26.186666666666667,28.260824334431952,75
409,4,3,15.026666666666667,14.965984686399722,75
409,4,4,14.973333333333333,16.18518395635063,75
409,4,5,16.826666666666668,17.367023195886016,75
409,4,6,63.64,64.56897688696372,75
409,4,7,186.64,190.57147401085146,75
409,4,8,301.6933333333333,310.7181394548924,75
409,4,9,268.24,275.4296018501103,75
409,4,10,265.4,275.7432248240609,75
409,4,11,347.74666666666667,340.8199352578585,75
409,4,12,466.53333333333336,455.4853832307289,75
409,4,13,588.5866666666667,588.8797893605033,75
409,4,14,725.5733333333334,717.3493279732955,75
409,4,15,914.4666666666667,885.2158503026719,75
409,4,16,1013.5333333333333,992.5193767262692,75
409,4,17,1039.32,1044.5287409338423,75
409,4,18,941.5333333333333,983.6996398294692,75
409,4,19,851.3866666666667,839.5236807239327,75
409,4,20,630.68,583.3580316095614,75
409,4,21,480.04,448.70882636132313,75
409,4,22,428.6533333333333,399.1429108572546,75
409,4,23,342.36,300.19679265708714,75
409,5,0,232.66216216216216,231.57953881516383,74
409,5,1,142.23287671232876,138.1677888926059,73
409,5,2,85.81944444444444,83.61451993677588,72
409,5,3,48.09722222222222,45.6932963984176,72
409,5,4,29.291666666666668,29.010262264284556,72
409,5,5,12.287671232876713,13.125004984679236,73
409,5,6,27.315068493150687,26.226611189958547,73
409,5,7,50.36986301369863,48.035068885960804,73
409,5,8,84.01369863013699,83.77333380841634,73
409,5,9,144.5068493150685,154.50410339056572,73
409,5,10,227.84931506849315,247.23346436810243,73
409,5,11,354.7972972972973,358.76802010496874,74
409,5,12,546.4794520547945,523.400029489542,73
409,5,13,733.1917808219179,708.6880395788222,73
409,5,14,954.6301369863014,871.7032751814976,73
409,5,15,1184.972602739726,1191.3259516667301,73
409,5,16,1276.1917808219177,1233.0806410388298,73
409,5,17,1181.6164383561643,1170.3109233237346,73
409,5,18,1068.5068493150684,1074.0383149482082,73
409,5,19,950.054794520548,943.2117046361222,73
409,5,20,652.7466666666667,667.4509990387891,75
409,5,21,474.3835616438356,461.00697871741124,73
409,5,22,412.63013698630135,395.2280280141025,73
409,5,23,345.94520547945206,310.9821568010849,73
409,6,0,240.6164383561644,229.0324034663252,73
409,6,1,142.86486486486487,134.53442215706647,74
409,6,2,82.98611111111111,79.22313796963115,72
409,6,3,48.35616438356164,46.657205103772746,73
409,6,4,32.06849315068493,30.547584888218896,73
409,6,5,14.054794520547945,13.924481326268781,73
409,6,6,26.041095890410958,25.282509109393242,73
409,6,7,35.35616438356164,34.09801451679559,73
409,6,8,62.73972602739726,63.44547312178084,73
409,6,9,103.35616438356165,102.84446905193597,73
409,6,10,178.82191780821918,180.07000194810988,73
409,6,11,282.2739726027397,293.6725022930671,73
409,6,12,424.73972602739724,416.1340965774498,73
409,6,13,570.2739726027397,582.8655460994984,73
409,6,14,709.5753424657535,677.1711708353206,73
409,6,15,839.2328767123288,838.8239859062139,73
409,6,16,898.7123287671233,850.2633143980416,73
409,6,17,839.931506849315,819.9772340076033,73
409,6,18,779.6575342465753,786.6023492836446,73
409,6,19,566.945205479452,560.8627429663795,73
409,6,20,393.54794520547944,390.95005729408774,73
409,6,21,285.0405405405405,272.829923108534,74
409,6,22,210.83783783783784,223.7741806327015,74
409,6,23,118.58904109589041,131.11536567843854,73
413,0,0,36.58461538461538,38.43669934123676,65
413,0,1,8.970588235294118,11.593708263409875,68
413,0,2,5.611940298507463,8.45189865278627,67
413,0,3,4.461538461538462,5.9999749833132014,65
413,0,4,6.95945945945946,6.950193543266437,74
413,0,5,37.082191780821915,38.30385458375452,73
413,0,6,138.72602739726028,138.6471273517516,73
413,0,7,487.54794520547944,457.06965237672296,73
413,0,8,890.2328767123288,858.2350272999028,73
413,0,9,539.3733333333333,530.2066267892427,75
413,0,10,392.7567567567568,387.1696373492781,74
413,0,11,411.2328767123288,423.9401103234623,73
413,0,12,460.68918918918916,452.9446094018513,74
413,0,13,501.72,498.35007378506054,75
413,0,14,619.1733333333333,612.9444709856111,75
413,0,15,919.7945205479452,898.2225879588987,73
413,0,16,1276.9041095890411,1279.396980714678,73
413,0,17,1819.2567567567567,1833.3045401935578,74
413,0,18,1174.72,1153.3180631100927,75
413,0,19,581.08,570.8051003825398,75
413,0,20,344.9178082191781,332.05431191016794,73
413,0,21,236.15068493150685,233.68627987252927,73
413,0,22,194.02739726027397,189.02084047515166,73
413,0,23,113.72602739726027,116.48193362658785,73
413,1,0,80.91666666666667,85.49971201648503,72
413,1,1,14.785714285714286,16.240329301183593,70
413,1,2,6.956521739130435,8.7103237565501,69
413,1,3,7.268656716417911,6.481309422135529,67
413,1,4,7.550724637681159,7.33871690558549,69
413,1,5,40.78666666666667,42.23649878959712,75
413,1,6,161.44,152.91976500998115,75
413,1,7,580.3466666666667,541.2322988359557,75
413,1,8,1115.1066666666666,1071.6938184972526,75
413,1,9,690.1333333333333,674.4131689673492,75
413,1,10,461.36,451.1569605758651,75
413,1,11,462.7866666666667,465.6824112990875,75
413,1,12,526.4266666666666,522.3040000571821,75
413,1,13,577.44,573.1371680057869,75
413,1,14,729.2666666666667,708.5655262287437,75
413,1,15,1057.7333333333333,1035.166779678477,75
413,1,16,1595.0933333333332,1598.8546845316876,75
413,1,17,2546.72,2402.1680504505057,75
413,1,18,1592.04,1574.9486355131296,75
413,1,19,748.76,693.0393787124765,75
413,1,20,431.8,408.3126924545389,75
413,1,21,284.1066666666667,282.80629503176084,75
413,1,22,220.34666666666666,218.2813177579165,75
413,1,23,120.66666666666667,126.53419152460137,75
413,2,0,94.75714285714285,91.99060535237152,70
413,2,1,17.708333333333332,17.944143627246156,72
413,2,2,8.972222222222221,9.702468369803528,72
413,2,3,6.76056338028169,6.837394867977135,71
413,2,4,8.157142857142857,7.6197551623925115,70
413,2,5,42.39473684210526,42.593608600248274,76
413,2,6,154.47368421052633,151.31064309749863,76
413,2,7,562.2894736842105,535.2402493363185,76
413,2,8,1088.3684210526317,1057.0392594164011,76
413,2,9,671.2631578947369,664.9955691208478,76
413,2,10,455.69736842105266,449.23802280818006,76
413,2,11,466.39473684210526,468.3793507932274,76
413,2,12,528.1447368421053,527.843385072233,76
413,2,13,601.421052631579,590.5067133993226,76
413,2,14,738.578947368421,709.7617356943933,76
413,2,15,1073.1447368421052,1028.9013220126633,76
413,2,16,1577.1842105263158,1580.4782141288488,76
413,2,17,2485.5526315789475,2360.4013671828584,76
413,2,18,1570.342105263158,1551.4410329452287,76
413,2,19,765.5394736842105,684.6886755651748,76
413,2,20,458.9868421052632,407.1870379262942,76
413,2,21,300.4342105263158,283.8337457334604,76
413,2,22,226.8421052631579,218.99937354645638,76
413,2,23,123.46052631578948,128.41378757815104,76
413,3,0,97.70588235294117,95.04472269885177,68
413,3,1,19.830985915492956,21.036127260637674,71
413,3,2,9.457142857142857,9.73878929286599,70
413,3,3,8.014285714285714,7.139404226327982,70
413,3,4,7.608108108108108,7.5983653398078514,74
413,3,5,41.89333333333333,42.2273885580076,75
413,3,6,146.78666666666666,148.7310990562323,75
413,3,7,525.8,522.3039037481193,75
413,3,8,1007.3466666666667,1002.035710510213,75
413,3,9,653.3466666666667,649.8932324727795,75
413,3,10,466.53333333333336,446.20632368465886,75
413,3,11,485.72,467.69138754704005,75
413,3,12,539.3866666666667,522.9374644820339,75
413,3,13,601.64,581.0865835330181,75
413,3,14,752.3333333333334,703.7577839433833,75
413,3,15,1064.16,1015.4358919297442,75
413,3,16,1486.7733333333333,1525.8872347675094,75
413,3,17,2240.76,2234.336533417221,75
413,3,18,1446.3066666666666,1475.7219237306304,75
413,3,19,739.16,676.0720836966565,75
413,3,20,470.18666666666667,418.6959354236878,75
413,3,21,310.7733333333333,284.1566034600832,75
413,3,22,247.90666666666667,224.11400827641052,75
413,3,23,144.06666666666666,133.51110967369206,75
413,4,0,108.56716417910448,101.05707135216656,67
413,4,1,22.514705882352942,23.421938804100883,68
413,4,2,10.869565217391305,10.46064899414412,69
413,4,3,8.191176470588236,7.939469139464266,68
413,4,4,8.452054794520548,8.501722306551132,73
413,4,5,37.45333333333333,37.940716773309795,75
413,4,6,118.6,121.20426854142266,75
413,4,7,384.37333333333333,385.803685929962,75
413,4,8,603.0266666666666,615.082209091265,75
413,4,9,468.37333333333333,456.11406169292593,75
413,4,10,409.56,430.59347592046913,75
413,4,11,443.9866666666667,466.61270432428876,75
413,4,12,530.1733333333333,519.1313818277669,75
413,4,13,602.6266666666667,598.4957909169831,75
413,4,14,753.3466666666667,714.8829233481387,75
413,4,15,1002.0933333333334,983.2008853301509,75
413,4,16,1221.2,1204.9171255776382,75
413,4,17,1387.8666666666666,1393.2887096790107,75
413,4,18,963.24,968.4030828516424,75
413,4,19,591.4,661.5023239361159,75
413,4,20,382.76,418.7453285633788,75
413,4,21,276.52,289.76796713447146,75
413,4,22,236.89333333333335,249.37008305182476,75
413,4,23,161.61333333333334,154.76825294786894,75
413,5,0,112.3076923076923,113.46389000735932,65
413,5,1,33.072463768115945,33.17128051806669,69
413,5,2,14.366197183098592,13.283826840653706,71
413,5,3,7.220588235294118,9.021938874977891,68
413,5,4,7.390625,9.392350125499016,64
413,5,5,17.265625,16.59117991921267,64
413,5,6,35.92307692307692,40.87207433052256,65
413,5,7,78.6056338028169,76.68586063470518,71
413,5,8,143.0144927536232,140.4310778576104,69
413,5,9,233.17391304347825,242.2637858732988,69
413,5,10,336.95588235294116,370.1959955904758,68
413,5,11,435.1212121212121,416.20864444088363,66
413,5,12,478.4117647058824,478.810234148935,68
413,5,13,498.7910447761194,510.1845406418101,67
413,5,14,531.6769230769231,515.4689118031736,65
413,5,15,540.5714285714286,527.6099378734126,70
413,5,16,551.8805970149253,538.616539138737,67
413,5,17,586.359375,582.2657533527653,64
413,5,18,498.43283582089555,508.46121235201826,67
413,5,19,399.3538461538462,403.8879869328002,65
413,5,20,284.86764705882354,292.33104378426356,68
413,5,21,229.73846153846154,249.15903727876474,65
413,5,22,164.68571428571428,186.94682475912387,70
413,5,23,125.11940298507463,127.68524797547279,67
413,6,0,86.75,86.149396147206,64
413,6,1,40.14705882352941,34.09912827475601,68
413,6,2,14.584615384615384,13.018661941821119,65
413,6,3,8.567164179104477,8.742461719195301,67
413,6,4,8.203125,8.858169334938022,64
413,6,5,12.553846153846154,13.066215093166308,65
413,6,6,29.11764705882353,35.88689779396256,68
413,6,7,63.791044776119406,66.22190428460841,67
413,6,8,101.49253731343283,101.38976898290986,67
413,6,9,190.6153846153846,192.78021283959936,65
413,6,10,300.4153846153846,320.67868549941005,65
413,6,11,390.3538461538462,357.1695105026599,65
413,6,12,441.7014925373134,433.39973793277306,67
413,6,13,423.86567164179104,425.36812564995995,67
413,6,14,421.5846153846154,421.21589421469446,65
413,6,15,425.5,419.30387905378217,70
413,6,16,434.74242424242425,436.96316304600623,66
413,6,17,438.1969696969697,445.8935733700868,66
413,6,18,319.3521126760563,329.31118738351796,71
413,6,19,239.94117647058823,244.7990427008277,68
413,6,20,163.81159420289856,186.27537653385684,69
413,6,21,150.6,156.6702547126258,65
413,6,22,117.78571428571429,128.03149239665768,70
413,6,23,74.70149253731343,78.43580904397159,67
414,0,0,40.48,44.989139463879894,75
414,0,1,20.013333333333332,24.93060124010336,75
414,0,2,12.573333333333334,14.096468543370108,75
414,0,3,12.63013698630137,13.531398317144935,73
414,0,4,25.69333333333333,27.972385192643504,75
414,0,5,143.68,141.21193527080612,75
414,0,6,439.6533333333333,431.98153681698204,75
414,0,7,791.68,775.9401158859962,75
414,0,8,1064.6,1049.1980191270336,75
414,0,9,696.24,693.3808794159231,75
414,0,10,497.70666666666665,477.61705900991217,75
414,0,11,544.96,529.2299304233902,75
414,0,12,668.3866666666667,639.0320000269934,75
414,0,13,746.84,734.7897607753275,75
414,0,14,1052.5333333333333,1026.5673324707725,75
414,0,15,1527.0266666666666,1535.5174281484578,75
414,0,16,2134.48,2143.485708202715,75
414,0,17,2465.027027027027,2457.869703580752,74
414,0,18,1231.4533333333334,1215.6895675990795,75
414,0,19,569.28,571.9944104789909,75
414,0,20,341.12,340.183413580867,75
414,0,21,227.44594594594594,233.76616922712935,74
414,0,22,171.68,175.04095051423872,75
414,0,23,107.16,114.6354376378589,75
414,1,0,92.76,96.21357760137228,75
414,1,1,30.066666666666666,31.17582086795467,75
414,1,2,15.226666666666667,14.731264534011167,75
414,1,3,14.95945945945946,14.077880315192774,74
414,1,4,27.626666666666665,28.746563008131623,75
414,1,5,162.85333333333332,157.34071090927404,75
414,1,6,506.4,512.6834199406513,75
414,1,7,908.4933333333333,897.0748626414054,75
414,1,8,1302.0,1290.1781740055749,75
414,1,9,857.0933333333334,849.0950964959974,75
414,1,10,571.2,557.9281617243148,75
414,1,11,616.04,584.2976077161662,75
414,1,12,747.48,720.9290759509256,75
414,1,13,850.12,844.1913316605542,75
414,1,14,1152.3866666666668,1150.8339950092843,75
414,1,15,1812.56,1785.592108384566,75
414,1,16,2582.4,2549.133621265827,75
414,1,17,3239.2,3238.853503481085,75
414,1,18,1634.2133333333334,1618.8260585846986,75
414,1,19,717.44,692.082936138507,75
414,1,20,432.48,411.93478707335726,75
414,1,21,284.4266666666667,280.0759131712743,75
414,1,22,204.2,204.60272417372923,75
414,1,23,133.72,130.79623926664976,75
414,2,0,112.63157894736842,112.17227327122306,76
414,2,1,35.28947368421053,35.56365107639582,76
414,2,2,17.93421052631579,16.10082226704215,76
414,2,3,15.802631578947368,14.964335404846512,76
414,2,4,28.81578947368421,28.81822107412479,76
414,2,5,162.1578947368421,155.3026754011913,76
414,2,6,506.0394736842105,506.8667559123207,76
414,2,7,894.5131578947369,885.5864381091932,76
414,2,8,1286.75,1272.042739748698,76
414,2,9,839.7763157894736,840.4346390928036,76
414,2,10,577.4078947368421,556.2521137609224,76
414,2,11,602.671052631579,592.197723418557,76
414,2,12,754.3684210526316,721.1177547677845,76
414,2,13,855.5394736842105,846.5778435688954,76
414,2,14,1132.6184210526317,1148.6156381054118,76
414,2,15,1797.2368421052631,1779.671044176496,76
414,2,16,2551.0394736842104,2523.353957881312,76
414,2,17,3166.6973684210525,3200.6169768872205,76
414,2,18,1611.8026315789473,1600.8050106107003,76
414,2,19,733.5526315789474,685.4520878105453,76
414,2,20,427.9342105263158,410.27362999131077,76
414,2,21,285.3421052631579,281.57482630066613,76
414,2,22,211.14473684210526,205.89730155413486,76
414,2,23,138.1315789473684,136.69883939136432,76
414,3,0,111.68,112.55148229520952,75
414,3,1,35.64,36.30460646269635,75
414,3,2,18.133333333333333,16.191103624866507,75
414,3,3,17.586666666666666,15.01081763439988,75
414,3,4,27.626666666666665,28.829377625027178,75
414,3,5,162.54666666666665,152.80271563866904,75
414,3,6,473.58666666666664,494.55066998399155,75
414,3,7,845.1333333333333,851.7441129723567,75
414,3,8,1197.3333333333333,1216.388731096869,75
414,3,9,823.2533333333333,820.4442388109445,75
414,3,10,581.6,556.741472746032,75
414,3,11,630.0133333333333,587.1094648341916,75
414,3,12,765.3733333333333,712.7259199180487,75
414,3,13,873.9866666666667,837.0546469096834,75
414,3,14,1136.08,1133.2482068870934,75
414,3,15,1761.3333333333333,1742.0435196947137,75
414,3,16,2415.68,2446.6137485359277,75
414,3,17,2879.04,2892.70921031178,75
414,3,18,1530.1733333333334,1512.478834645576,75
414,3,19,746.08,676.940614302322,75
414,3,20,437.74666666666667,408.4163695120147,75
414,3,21,308.8666666666667,283.09039669998833,75
414,3,22,236.78666666666666,223.11463075858506,75
414,3,23,151.44,142.4403343194467,75
414,4,0,115.97333333333333,111.67502339873437,75
414,4,1,36.86666666666667,37.59437993942057,75
414,4,2,19.666666666666668,19.13938756669893,75
414,4,3,15.36,16.455810471158358,75
414,4,4,27.413333333333334,28.673759240374373,75
414,4,5,155.56,145.223593085461,75
414,4,6,434.73333333333335,420.7933520994774,75
414,4,7,741.7733333333333,734.6010554506225,75
414,4,8,935.3466666666667,917.29561680867,75
414,4,9,637.1733333333333,636.7081963619803,75
414,4,10,503.56,542.5714333084164,75
414,4,11,592.4266666666666,583.777645941663,75
414,4,12,756.56,728.6361211177341,75
414,4,13,873.5866666666667,840.4160162792884,75
414,4,14,1195.9466666666667,1143.3234111325316,75
414,4,15,1611.7333333333333,1606.8432580874746,75
414,4,16,1965.7733333333333,1969.9932487492974,75
414,4,17,1924.9333333333334,1936.8683578410667,75
414,4,18,998.2,998.7914331605549,75
414,4,19,543.4133333333333,660.440174252681,75
414,4,20,341.92,398.1944769877249,75
414,4,21,268.6,288.1462506359056,75
414,4,22,230.86666666666667,242.55965026133072,75
414,4,23,163.78666666666666,164.49445513973072,75
414,5,0,114.78666666666666,136.56265176018286,75
414,5,1,46.25352112676056,49.9123426115767,71
414,5,2,23.054054054054053,24.27501426924973,74
414,5,3,15.319444444444445,16.15623553815338,72
414,5,4,17.39189189189189,17.83946459500931,74
414,5,5,41.45945945945946,47.586832932521496,74
414,5,6,90.81333333333333,93.75714381196087,75
414,5,7,163.5810810810811,170.41342598561786,74
414,5,8,195.01333333333332,201.07550809647668,75
414,5,9,231.98648648648648,235.23406523329479,74
414,5,10,294.56,297.3186387363581,75
414,5,11,396.2432432432432,415.1261805624124,74
414,5,12,505.3243243243243,528.1515573990695,74
414,5,13,571.28,582.8939417597873,75
414,5,14,630.6164383561644,616.5869976957836,73
414,5,15,694.3333333333334,731.6514964653499,75
414,5,16,750.5733333333334,757.4540373126489,75
414,5,17,684.1917808219179,717.7770369708594,73
414,5,18,523.9066666666666,538.9698444117631,75
414,5,19,383.7432432432432,397.2894113076038,74
414,5,20,284.30555555555554,293.8250872773294,72
414,5,21,230.8904109589041,247.3022547176423,73
414,5,22,180.84931506849315,188.9365663074106,73
414,5,23,130.94594594594594,138.94247103043332,74
414,6,0,90.90140845070422,95.48989166994465,71
414,6,1,47.0,49.87119861573033,75
414,6,2,22.5,23.972892526651723,72
414,6,3,17.166666666666668,17.010849079333337,72
414,6,4,15.108108108108109,15.852134550176444,74
414,6,5,31.164383561643834,35.51060025627695,73
414,6,6,60.36486486486486,61.82725152818369,74
414,6,7,94.24,96.51816251222455,75
414,6,8,134.56164383561645,140.4256815387011,73
414,6,9,173.93333333333334,182.98514522599763,75
414,6,10,244.46666666666667,257.6849420664139,75
414,6,11,333.69444444444446,350.1819895425411,72
414,6,12,400.2328767123288,410.141406625645,73
414,6,13,442.5,465.538749641158,74
414,6,14,466.16438356164383,486.5877676057259,73
414,6,15,553.3055555555555,582.9776182163919,72
414,6,16,561.3333333333334,589.4318941980733,75
414,6,17,544.3333333333334,579.8711862742534,72
414,6,18,385.2083333333333,401.67200234708366,72
414,6,19,273.5416666666667,281.26511505239336,72
414,6,20,196.34246575342465,205.7182299476725,73
414,6,21,158.09459459459458,159.05051637856732,74
414,6,22,127.20833333333333,129.429214011646,72
414,6,23,69.70666666666666,74.67241963795155,75
436,0,0,7.430555555555555,6.088179048799699,72
436,0,1,4.236111111111111,3.9608754148694354,72
436,0,2,3.8450704225352115,3.8987373355350714,71
436,0,3,6.424657534246576,6.208894506684905,73
436,0,4,18.04,18.340222678846985,75
436,0,5,57.53333333333333,58.575683706563915,75
436,0,6,132.09333333333333,134.85018877333923,75
436,0,7,292.93333333333334,298.9800034130612,75
436,0,8,251.8,255.21822333339486,75
436,0,9,152.49333333333334,153.47090340260743,75
436,0,10,103.90666666666667,105.01743024331836,75
436,0,11,95.74666666666667,95.58897165557659,75
436,0,12,91.12,95.4620529779393,75
436,0,13,102.30666666666667,104.83270471630443,75
436,0,14,141.0,142.49626502412855,75
436,0,15,121.17333333333333,118.76773540319506,75
436,0,16,116.93333333333334,115.47128669863909,75
436,0,17,106.85333333333334,108.45269248720794,75
436,0,18,78.24,79.35028828520832,75
436,0,19,46.25333333333333,47.02771752381083,75
436,0,20,33.16,32.2886806820933,75
436,0,21,27.83783783783784,27.7885900325835,74
436,0,22,16.933333333333334,16.50685005487545,75
436,0,23,12.28,12.345142922291686,75
436,1,0,6.152777777777778,6.052920509552468,72
436,1,1,3.357142857142857,3.8935725554295466,70
436,1,2,3.764705882352941,3.8650656261014245,68
436,1,3,6.28169014084507,5.943254612903816,71
436,1,4,20.972972972972972,19.07609158497721,74
436,1,5,66.06666666666666,65.36332155540504,75
436,1,6,153.88,154.02480708553014,75
436,1,7,347.26666666666665,337.6985726318163,75
436,1,8,307.9866666666667,298.59821602694683,75
436,1,9,174.25333333333333,167.59858322308165,75
436,1,10,114.72,114.37500939571589,75
436,1,11,102.96,101.4717550182897,75
436,1,12,97.9054054054054,101.26168478425494,74
436,1,13,105.53333333333333,109.44779172025322,75
436,1,14,153.58666666666667,150.65606139733617,75
436,1,15,129.08,131.64514402694633,75
436,1,16,122.74666666666667,122.15130711177216,75
436,1,17,120.8,117.9905206963853,75
436,1,18,79.69333333333333,82.1955300855015,75
436,1,19,47.346666666666664,49.6199685409109,75
436,1,20,33.63513513513514,33.02546105153502,74
436,1,21,27.773333333333333,27.856517259964505,75
436,1,22,17.16,17.04529652251829,75
436,1,23,12.297297297297296,12.67267236336206,74
436,2,0,6.132352941176471,6.043081451139131,68
436,2,1,4.216666666666667,4.066874316781181,60
436,2,2,3.838709677419355,3.947861959882108,62
436,2,3,5.485294117647059,5.539610518947612,68
436,2,4,19.144736842105264,18.698559747581328,76
436,2,5,64.53947368421052,64.8228977665614,76
436,2,6,154.28947368421052,153.18835298089758,76
436,2,7,344.0394736842105,334.728548233079,76
436,2,8,308.42105263157896,295.1899251679646,76
436,2,9,174.43421052631578,165.46897233356364,76
436,2,10,113.92105263157895,114.43881142754744,76
436,2,11,108.0657894736842,105.64027283942109,76
436,2,12,100.63157894736842,105.2142206744085,76
436,2,13,107.53947368421052,110.14599755605707,76
436,2,14,149.94736842105263,148.87596671860692,76
436,2,15,134.17105263157896,130.64862162372398,76
436,2,16,125.38157894736842,122.1560311604623,76
436,2,17,122.23684210526316,117.95977949308224,76
436,2,18,84.13157894736842,83.53609609016765,76
436,2,19,51.35526315789474,50.705551113292344,76
436,2,20,36.43421052631579,35.66336493620446,76
436,2,21,27.946666666666665,27.996685408709084,75
436,2,22,19.69333333333333,19.22244424351379,75
436,2,23,13.573333333333334,13.389968287724255,75
436,3,0,6.303030303030303,6.286120537512487,66
436,3,1,4.066666666666666,4.008651180650898,60
436,3,2,3.6774193548387095,3.945122611028078,62
436,3,3,5.630769230769231,5.722105791906027,65
436,3,4,17.48,18.50752579378716,75
436,3,5,64.24,64.38200213437267,75
436,3,6,146.73333333333332,149.10583300497274,75
436,3,7,324.97333333333336,327.87350054007516,75
436,3,8,292.88,290.8261030699253,75
436,3,9,172.48,163.70725380792297,75
436,3,10,114.6,113.42710287898895,75
436,3,11,106.0,105.82424560247742,75
436,3,12,101.6,105.33990524645625,75
436,3,13,106.84,109.7980829453757,75
436,3,14,147.04,146.63458573681018,75
436,3,15,128.74666666666667,129.4325152790968,75
436,3,16,129.34666666666666,120.96702663972853,75
436,3,17,119.82666666666667,116.84968919093738,75
436,3,18,86.49333333333334,86.72165069251184,75
436,3,19,51.17333333333333,50.94190835592096,75
436,3,20,39.06666666666667,36.933048565750816,75
436,3,21,28.135135135135137,28.22296205648801,74
436,3,22,20.06756756756757,18.842702811899002,74
436,3,23,14.094594594594595,13.481153631553303,74
436,4,0,6.557142857142857,6.325791346420829,70
436,4,1,4.274193548387097,3.9015591002034684,62
436,4,2,4.285714285714286,3.9753530856566965,63
436,4,3,5.553846153846154,5.743218681724142,65
436,4,4,17.44,17.307511322870294,75
436,4,5,63.44,62.645951032529,75
436,4,6,134.18666666666667,134.1799933611694,75
436,4,7,287.9066666666667,291.04267527000496,75
436,4,8,244.45333333333335,248.51467063570445,75
436,4,9,150.10666666666665,156.19028051879206,75
436,4,10,111.6,115.21148935604805,75
436,4,11,105.69333333333333,108.85346578225955,75
436,4,12,117.16,115.25509333747264,75
436,4,13,115.48,115.42379374076464,75
436,4,14,156.96,151.6826240412838,75
436,4,15,136.64,134.2528032144549,75
436,4,16,120.6,125.82223454432786,75
436,4,17,128.67567567567568,124.86408619685093,74
436,4,18,92.48,91.3060735360195,75
436,4,19,65.10666666666667,63.77677994048417,75
436,4,20,47.49333333333333,47.26452027222664,75
436,4,21,37.54666666666667,36.58990035639758,75
436,4,22,25.026666666666667,25.163187480023474,75
436,4,23,17.066666666666666,16.42709548885543,75
436,5,0,7.918918918918919,8.42935166416641,74
436,5,1,5.183098591549296,5.013720625132632,71
436,5,2,4.507462686567164,4.347560052645258,67
436,5,3,4.328571428571428,4.038561664258448,70
436,5,4,10.945205479452055,10.666218556011621,73
436,5,5,25.397260273972602,23.854436525057313,73
436,5,6,51.87323943661972,52.0450071210761,71
436,5,7,74.76388888888889,75.26286538348512,72
436,5,8,92.18055555555556,91.70668627757169,72
436,5,9,100.59722222222223,98.98889204836524,72
436,5,10,107.48571428571428,108.5674558771902,70
436,5,11,109.95714285714286,110.59302422358823,70
436,5,12,118.95833333333333,112.35520163366577,72
436,5,13,118.55714285714286,113.40490653061991,70
436,5,14,115.25352112676056,115.12315526604485,71
436,5,15,113.51388888888889,112.38231185014348,72
436,5,16,95.47945205479452,93.21478945871901,73
436,5,17,88.36111111111111,90.58199719443014,72
436,5,18,75.1830985915493,74.35720351516788,71
436,5,19,53.33802816901409,52.43209951213925,71
436,5,20,38.394366197183096,38.67805435425226,71
436,5,21,35.63380281690141,36.454565081315366,71
436,5,22,26.788732394366196,26.060792690399825,71
436,5,23,17.943661971830984,17.55519095077885,71
436,6,0,9.67605633802817,8.68042952687068,71
436,6,1,5.173913043478261,5.066199098791039,69
436,6,2,3.5671641791044775,4.007905453368549,67
436,6,3,3.8153846153846156,3.688835362396291,65
436,6,4,8.253521126760564,8.817674155914148,71
436,6,5,19.774647887323944,19.410822844770806,71
436,6,6,36.0,36.688354069068666,71
436,6,7,50.098591549295776,50.84513245632606,71
436,6,8,74.0,72.83484475687345,71
436,6,9,91.4225352112676,92.56684434316071,71
436,6,10,94.43661971830986,93.8440237430035,71
436,6,11,91.91666666666667,92.93680053954763,72
436,6,12,99.11267605633803,96.21518453118432,71
436,6,13,95.1830985915493,95.18486654219532,71
436,6,14,98.47887323943662,97.52818827349223,71
436,6,15,88.53521126760563,88.04357227279812,71
436,6,16,78.15277777777777,75.40423548627322,72
436,6,17,66.94444444444444,68.68314645730325,72
436,6,18,55.47945205479452,55.473396102965026,73
436,6,19,38.22222222222222,37.366820051410755,72
436,6,20,31.541666666666668,29.34428899210723,72
436,6,21,27.15277777777778,26.031187305093315,72
436,6,22,19.930555555555557,19.28693024885935,72
436,6,23,12.194444444444445,12.65154117230005,72
437,0,0,6.625,6.1274549328966055,72
437,0,1,3.676056338028169,3.8396016093528718,71
437,0,2,3.9722222222222223,3.449666974072478,72
437,0,3,4.161764705882353,3.964506372501443,68
437,0,4,13.68,11.909561661920964,75
437,0,5,52.906666666666666,51.620080161456805,75
437,0,6,121.0,124.77228072183658,75
437,0,7,291.93333333333334,297.7734013344616,75
437,0,8,251.38666666666666,255.7720413582927,75
437,0,9,147.93333333333334,149.25216898347514,75
437,0,10,94.14666666666666,95.19683289562569,75
437,0,11,92.48,95.63164900355711,75
437,0,12,95.97333333333333,96.85854874662266,75
437,0,13,103.93333333333334,105.27165785193655,75
437,0,14,112.02666666666667,117.86186844186818,75
437,0,15,117.48,118.18605772546282,75
437,0,16,147.88,149.88903138788268,75
437,0,17,118.66666666666667,117.91793208237546,75
437,0,18,81.78666666666666,82.23116922486344,75
437,0,19,55.413333333333334,56.0652054774785,75
437,0,20,37.306666666666665,37.18813901100086,75
437,0,21,27.186666666666667,27.534110613865135,75
437,0,22,14.567567567567568,15.544186535886883,74
437,0,23,9.32,10.437968199958695,75
437,1,0,6.845070422535211,6.0943821188611915,71
437,1,1,3.6515151515151514,3.7773925154865973,66
437,1,2,3.914285714285714,3.440321073986084,70
437,1,3,4.546875,3.943852881323472,64
437,1,4,14.405405405405405,12.043576601933003,74
437,1,5,60.82666666666667,57.526546866667424,75
437,1,6,142.01333333333332,140.99521835838468,75
437,1,7,335.8666666666667,338.1258581213783,75
437,1,8,308.70666666666665,298.0310085392899,75
437,1,9,164.78666666666666,159.98036050740873,75
437,1,10,106.30666666666667,101.31903442679743,75
437,1,11,100.26666666666667,101.70120297841044,75
437,1,12,100.83783783783784,102.11571784858633,74
437,1,13,109.04,112.52924558044435,75
437,1,14,121.46666666666667,128.49090336417532,75
437,1,15,132.42666666666668,130.5111468868248,75
437,1,16,163.96,159.12550412891713,75
437,1,17,129.65333333333334,131.40779268084123,75
437,1,18,88.68,89.02734043201941,75
437,1,19,58.6,59.677213324921176,75
437,1,20,38.567567567567565,38.59093346949665,74
437,1,21,26.783783783783782,27.335598089408098,74
437,1,22,16.346666666666668,16.381560742692244,75
437,1,23,10.27027027027027,10.926088457678667,74
437,2,0,6.8059701492537314,6.2161598053072415,67
437,2,1,3.838709677419355,3.875360027304874,62
437,2,2,3.6721311475409837,3.4969373595828275,61
437,2,3,4.39344262295082,3.9525820105458527,61
437,2,4,12.789473684210526,11.967203531658765,76
437,2,5,64.1842105263158,57.29357167000364,76
437,2,6,141.21052631578948,139.63065276118348,76
437,2,7,335.36842105263156,334.9842073902884,76
437,2,8,304.0394736842105,294.4055011609673,76
437,2,9,163.56,156.54835561131156,75
437,2,10,99.55263157894737,100.9664854081708,76
437,2,11,104.60526315789474,105.60811526815134,76
437,2,12,107.92105263157895,106.41981441512057,76
437,2,13,113.11842105263158,113.38154446237037,76
437,2,14,119.47368421052632,127.9990367399206,76
437,2,15,130.82894736842104,129.9020171228473,76
437,2,16,162.68421052631578,156.56059356990622,76
437,2,17,128.73684210526315,130.57943934057207,76
437,2,18,89.15789473684211,89.71276667474494,76
437,2,19,66.71052631578948,64.85105462768496,76
437,2,20,39.44736842105263,40.07951516249422,76
437,2,21,26.466666666666665,27.676612565771418,75
437,2,22,17.106666666666666,17.64175279075677,75
437,2,23,11.253333333333334,11.28724015460828,75
437,3,0,7.0,6.297938941014549,71
437,3,1,3.7903225806451615,3.853388523698744,62
437,3,2,3.8524590163934427,3.5461086177174397,61
437,3,3,3.80327868852459,3.940953235751696,61
437,3,4,13.693333333333333,12.10628068817632,75
437,3,5,58.4,55.079895379678916,75
437,3,6,136.82666666666665,136.505189813552,75
437,3,7,317.64,327.3078886412297,75
437,3,8,289.16,290.11254665426486,75
437,3,9,158.22666666666666,154.22721753147616,75
437,3,10,106.50666666666666,102.01024944065492,75
437,3,11,107.10666666666667,105.89578852140804,75
437,3,12,104.70666666666666,106.45197410995917,75
437,3,13,114.34666666666666,113.03449028243503,75
437,3,14,123.56,127.45006043725853,75
437,3,15,131.66666666666666,128.73543225600176,75
437,3,16,163.49333333333334,157.21653911224013,75
437,3,17,133.49333333333334,129.77735230300203,75
437,3,18,91.04,89.29917412465493,75
437,3,19,62.86666666666667,63.04019696553038,75
437,3,20,43.45333333333333,40.562558570213795,75
437,3,21,29.106666666666666,28.104995999697064,75
437,3,22,16.716216216216218,17.302050903502128,74
437,3,23,11.932432432432432,11.738683920866988,74
437,4,0,6.52112676056338,6.295115485996288,71
437,4,1,3.9491525423728815,3.8318894270972197,59
437,4,2,3.6721311475409837,3.5568704452286393,61
437,4,3,4.133333333333334,3.9739061850020296,60
437,4,4,12.746666666666666,12.251412244031066,75
437,4,5,53.36,52.54171958327067,75
437,4,6,126.06666666666666,123.85089207726509,75
437,4,7,286.02666666666664,282.5608252345358,75
437,4,8,243.02666666666667,248.31309071768055,75
437,4,9,144.08,146.72221075634826,75
437,4,10,102.2,103.49075894589569,75
437,4,11,111.94666666666667,109.80382390527133,75
437,4,12,122.30666666666667,118.03119039212623,75
437,4,13,121.38666666666667,117.98178634556903,75
437,4,14,137.53333333333333,133.47272568129452,75
437,4,15,137.36,133.87687522502316,75
437,4,16,159.04,160.5687128120409,75
437,4,17,141.1081081081081,135.03737775885585,74
437,4,18,104.48,102.13919161451084,75
437,4,19,75.61333333333333,72.73035691474558,75
437,4,20,52.08,50.31695985126339,75
437,4,21,35.81333333333333,36.02002408437673,75
437,4,22,23.946666666666665,23.216839751701105,75
437,4,23,14.573333333333334,12.985273372384773,75
437,5,0,8.702702702702704,9.073041721142141,74
437,5,1,4.680555555555555,4.8493496022864475,72
437,5,2,4.014285714285714,4.1832574430815335,70
437,5,3,4.028169014084507,4.036730112081757,71
437,5,4,6.385714285714286,5.928115929033455,70
437,5,5,25.125,23.857955940376584,72
437,5,6,46.71621621621622,46.50504526925126,74
437,5,7,63.75675675675676,63.3380255319247,74
437,5,8,83.87323943661971,83.24930473095228,71
437,5,9,84.08450704225352,86.97208150208805,71
437,5,10,85.95833333333333,85.51773264943334,72
437,5,11,108.38028169014085,109.00055969598202,71
437,5,12,106.22535211267606,109.49040282280653,71
437,5,13,105.87142857142857,109.42928111557293,70
437,5,14,112.22222222222223,109.40284061831947,72
437,5,15,105.35616438356165,108.38108510448552,73
437,5,16,92.10958904109589,93.26011328734496,73
437,5,17,88.58333333333333,90.21484703104369,72
437,5,18,71.625,72.9563549199446,72
437,5,19,55.929577464788736,54.52448163825663,71
437,5,20,45.44444444444444,44.74464173982762,72
437,5,21,37.563380281690144,36.85587333878315,71
437,5,22,27.816901408450704,26.772274099015355,71
437,5,23,16.13888888888889,15.595017753768152,72
437,6,0,8.575342465753424,9.120417927159965,73
437,6,1,5.52112676056338,5.129163868976162,71
437,6,2,3.926470588235294,4.009866758156211,68
437,6,3,3.6,3.835813135737354,70
437,6,4,5.680555555555555,5.810530518569035,72
437,6,5,16.246575342465754,16.997219358510137,73
437,6,6,29.04225352112676,28.468501259870784,71
437,6,7,54.375,53.267764660528385,72
437,6,8,63.61971830985915,63.77772461561952,71
437,6,9,74.83333333333333,73.49752577676931,72
437,6,10,76.5,77.17014033155994,72
437,6,11,80.0,81.10807938024755,72
437,6,12,87.18055555555556,88.0092680606259,72
437,6,13,90.45833333333333,89.4030706506611,72
437,6,14,92.68055555555556,89.68379513995036,72
437,6,15,75.1917808219178,77.55395560423055,73
437,6,16,70.35211267605634,68.43309462994044,71
437,6,17,56.361111111111114,55.98223312390079,72
437,6,18,53.81944444444444,54.71910741116308,72
437,6,19,37.111111111111114,37.13140126214831,72
437,6,20,29.315068493150687,30.280770786227617,73
437,6,21,26.305555555555557,25.800284309052884,72
437,6,22,16.931506849315067,16.83113786671196,73
437,6,23,10.178082191780822,10.630226573402355,73
438,0,0,58.45333333333333,56.62142517851445,75
438,0,1,21.76,21.9543440455835,75
438,0,2,22.675675675675677,22.997104642617167,74
438,0,3,23.04,24.269741700495132,75
438,0,4,44.053333333333335,44.108069942264095,75
438,0,5,133.97333333333333,137.25005981934464,75
438,0,6,322.12,321.40435512215697,75
438,0,7,696.6,686.7082503144673,75
438,0,8,800.9733333333334,805.4193489910941,75
438,0,9,502.12,500.6277934900638,75
438,0,10,357.3466666666667,358.33977225014434,75
438,0,11,350.2266666666667,348.74373384161083,75
438,0,12,353.3333333333333,358.4263216868859,75
438,0,13,393.2133333333333,400.4062944140912,75
438,0,14,515.1466666666666,521.0975577836474,75
438,0,15,589.9866666666667,589.0998411488629,75
438,0,16,700.0133333333333,692.1152730519784,75
438,0,17,624.0133333333333,615.6356610917579,75
438,0,18,392.64,374.51493058135617,75
438,0,19,290.68,281.33340575096094,75
438,0,20,223.84,208.43446961083956,75
438,0,21,143.12,140.89792428541023,75
438,0,22,111.04,114.03797771494196,75
438,0,23,88.56,85.22143709881233,75
438,1,0,64.02666666666667,60.6820745637084,75
438,1,1,22.76,22.18521578838612,75
438,1,2,23.08,23.386868635651343,75
438,1,3,26.133333333333333,24.895591002479506,75
438,1,4,43.4,45.21548515125724,75
438,1,5,143.36,152.47093977636408,75
438,1,6,366.84,361.806250581046,75
438,1,7,805.68,794.4487841047657,75
438,1,8,959.7466666666667,948.3735451867261,75
438,1,9,609.5733333333334,604.9569499319296,75
438,1,10,409.6933333333333,397.75139452393455,75
438,1,11,372.0933333333333,378.14275620910735,75
438,1,12,376.1066666666667,396.33932272057217,75
438,1,13,423.81333333333333,440.33553429561766,75
438,1,14,562.8933333333333,555.1396423818265,75
438,1,15,630.48,656.2406519590198,75
438,1,16,759.2,743.5106011615615,75
438,1,17,690.7866666666666,687.7851475735845,75
438,1,18,426.2133333333333,413.02108120844434,75
438,1,19,310.9066666666667,311.66444848735887,75
438,1,20,234.04,232.20860993588315,75
438,1,21,156.01333333333332,157.73684322735014,75
438,1,22,116.85333333333334,124.57064841400604,75
438,1,23,92.78666666666666,89.94308668752369,75
438,2,0,60.50666666666667,62.16993343030967,75
438,2,1,23.68421052631579,22.70438470256127,76
438,2,2,22.973684210526315,23.739537900116034,76
438,2,3,26.266666666666666,25.219363033612478,75
438,2,4,44.56578947368421,45.06008554564666,76
438,2,5,143.67105263157896,151.11923092001288,76
438,2,6,356.2368421052632,358.63509651644637,76
438,2,7,791.078947368421,790.4857375919555,76
438,2,8,958.0394736842105,961.1087556902139,76
438,2,9,606.7236842105264,599.8712215515474,76
438,2,10,402.42105263157896,396.36400225085816,76
438,2,11,384.8157894736842,384.5800738773744,76
438,2,12,391.57894736842104,397.79048368046506,76
438,2,13,450.07894736842104,443.5956799390487,76
438,2,14,562.4078947368421,557.3026718837501,76
438,2,15,646.0657894736842,654.5781145412573,76
438,2,16,752.1842105263158,741.7001786809402,76
438,2,17,678.9473684210526,678.0806376068156,76
438,2,18,436.14473684210526,410.2287656584456,76
438,2,19,313.9342105263158,312.7851560189662,76
438,2,20,235.93421052631578,231.14327286527757,76
438,2,21,157.01315789473685,162.3878533161488,76
438,2,22,122.14473684210526,126.67242979931716,76
438,2,23,91.4342105263158,94.7837020494715,76
438,3,0,63.653333333333336,63.338220359829876,75
438,3,1,23.675675675675677,23.46090283291938,74
438,3,2,24.733333333333334,24.20703108096227,75
438,3,3,26.013333333333332,25.32294279055485,75
438,3,4,43.053333333333335,44.45968235905671,75
438,3,5,139.05333333333334,148.78160829865703,75
438,3,6,344.04,351.38165903660627,75
438,3,7,762.4933333333333,774.6437644825118,75
438,3,8,895.9866666666667,904.9162783468356,75
438,3,9,590.36,586.4843066705873,75
438,3,10,398.04,392.9746873711802,75
438,3,11,379.97333333333336,381.73522945690394,75
438,3,12,374.85333333333335,394.7486112504767,75
438,3,13,434.74666666666667,441.2165629627601,75
438,3,14,562.92,556.4187728962603,75
438,3,15,628.7866666666666,645.2062466283267,75
438,3,16,766.4,731.1246597858577,75
438,3,17,680.56,669.4121482144747,75
438,3,18,443.08,428.3377054806711,75
438,3,19,327.0,315.2166005875246,75
438,3,20,244.76,236.75471255801813,75
438,3,21,168.21333333333334,168.98443120203885,75
438,3,22,130.49333333333334,130.66590550249785,75
438,3,23,99.6,99.19330370347839,75
438,4,0,65.18666666666667,70.52591271450642,75
438,4,1,24.586666666666666,23.489698280020203,75
438,4,2,24.586666666666666,23.992579588904864,75
438,4,3,24.653333333333332,24.873925243805235,75
438,4,4,44.64,44.425864148626296,75
438,4,5,139.05333333333334,138.45601676869833,75
438,4,6,317.64,318.95715482914784,75
438,4,7,680.9466666666667,677.5695701782221,75
438,4,8,748.6533333333333,740.0768775657317,75
438,4,9,499.49333333333334,504.2170045275118,75
438,4,10,382.72,398.64293594052805,75
438,4,11,393.62666666666667,389.5855061851999,75
438,4,12,417.48,403.0404288371803,75
438,4,13,460.92,448.3407526574804,75
438,4,14,598.9866666666667,575.9602296989356,75
438,4,15,632.24,640.4022616265498,75
438,4,16,733.0666666666667,744.1313903721937,75
438,4,17,669.1733333333333,670.8846903196472,75
438,4,18,452.70666666666665,439.483074006566,75
438,4,19,355.9866666666667,347.34578284350323,75
438,4,20,262.2,257.25081941754,75
438,4,21,198.22666666666666,197.6369108451039,75
438,4,22,153.4,153.93091934586562,75
438,4,23,125.21333333333334,122.92994316909282,75
438,5,0,77.32,78.11005912509461,75
438,5,1,32.2972972972973,31.92810378710329,74
438,5,2,31.743243243243242,31.72486054480145,74
438,5,3,26.31081081081081,25.991813757850203,74
438,5,4,33.67567567567568,32.81090578102233,74
438,5,5,66.6891891891892,65.03467393227834,74
438,5,6,130.47297297297297,131.4686134085752,74
438,5,7,218.7972972972973,219.84230388560462,74
438,5,8,303.6621621621622,303.4065796683758,74
438,5,9,329.7972972972973,327.9006474958801,74
438,5,10,325.64,334.72921964612976,75
438,5,11,372.55405405405406,381.24240356882325,74
438,5,12,395.9594594594595,409.9295758477021,74
438,5,13,403.1621621621622,421.78480766908626,74
438,5,14,414.28,409.6939524095239,75
438,5,15,417.56,408.41148162044277,75
438,5,16,381.2432432432432,388.9273900967457,74
438,5,17,344.08,352.1786825182899,75
438,5,18,303.68,323.3058152437119,75
438,5,19,263.2162162162162,268.88492157893114,74
438,5,20,209.56,227.65224466819873,75
438,5,21,165.98648648648648,165.24957079215991,74
438,5,22,138.1216216216216,129.64173210957767,74
438,5,23,117.89333333333333,118.76574444068862,75
438,6,0,80.70270270270271,79.09750462604629,74
438,6,1,31.85333333333333,31.490126142099992,75
438,6,2,28.93243243243243,31.159890481946,74
438,6,3,25.96,25.69663999594756,75
438,6,4,33.24,32.10716453623323,75
438,6,5,48.733333333333334,49.495549433562644,75
438,6,6,101.93243243243244,102.35714448392422,74
438,6,7,163.47297297297297,161.352172818469,74
438,6,8,228.1216216216216,228.56483484071114,74
438,6,9,268.93333333333334,264.6948010121592,75
438,6,10,299.7027027027027,307.62897855249065,74
438,6,11,347.04,364.59492063310654,75
438,6,12,417.6081081081081,380.4276949320744,74
438,6,13,354.37333333333333,363.1874077163158,75
438,6,14,354.70666666666665,344.19063945479604,75
438,6,15,320.6756756756757,328.9667977721605,74
438,6,16,290.1621621621622,299.2321743579862,74
438,6,17,245.1081081081081,260.1558756010113,74
438,6,18,200.1891891891892,203.43006861809735,74
438,6,19,179.7972972972973,177.91827148678868,74
438,6,20,145.45945945945945,143.46532478523048,74
438,6,21,108.1891891891892,105.58045401037644,74
438,6,22,99.24324324324324,96.82540780124135,74
438,6,23,75.92,78.50354574423835,75
439,0,0,64.22972972972973,59.224037630301325,74
439,0,1,28.32,26.679480930756156,75
439,0,2,18.08108108108108,16.12823736212407,74
439,0,3,23.18918918918919,23.39238825606007,74
439,0,4,35.093333333333334,35.69681913900533,75
439,0,5,87.37333333333333,87.05367428655212,75
439,0,6,226.70666666666668,223.2452211184681,75
439,0,7,581.7733333333333,569.7554150712455,75
439,0,8,728.9466666666667,737.3625053681154,75
439,0,9,498.93333333333334,496.2565447551794,75
439,0,10,415.12,390.05941316770156,75
439,0,11,444.6933333333333,437.1196011487063,75
439,0,12,484.76,484.7605659506338,75
439,0,13,537.7333333333333,532.594862801091,75
439,0,14,647.04,625.639666789499,75
439,0,15,792.0266666666666,772.0472702111314,75
439,0,16,922.1866666666666,819.6335682564644,75
439,0,17,973.4666666666667,927.7884622578435,75
439,0,18,680.6533333333333,647.1257179361062,75
439,0,19,490.48,458.91152075670874,75
439,0,20,338.84,329.42768219045735,75
439,0,21,228.37333333333333,232.36160104031208,75
439,0,22,143.58666666666667,136.58304611166673,75
439,0,23,116.28,115.51713374433862,75
439,1,0,62.77333333333333,59.648020238309094,75
439,1,1,28.48,26.974144904458655,75
439,1,2,16.513513513513512,15.736722423285759,74
439,1,3,22.756756756756758,24.169951960810494,74
439,1,4,36.81333333333333,36.356642244098694,75
439,1,5,92.45333333333333,94.98246375602263,75
439,1,6,252.96,246.3222378146956,75
439,1,7,676.7333333333333,679.3108210139877,75
439,1,8,893.0533333333333,885.3706688328097,75
439,1,9,583.0533333333333,591.9595519411494,75
439,1,10,451.17333333333335,432.32310171469436,75
439,1,11,482.52,478.4794651168218,75
439,1,12,506.18666666666667,511.2671319262504,75
439,1,13,579.7733333333333,574.3202986688545,75
439,1,14,693.0533333333333,710.0717461144384,75
439,1,15,862.52,851.8284802740612,75
439,1,16,1001.6666666666666,972.3679551566144,75
439,1,17,1080.7733333333333,1088.2898486067518,75
439,1,18,745.7066666666667,746.6120935477478,75
439,1,19,532.6933333333334,540.5578223446875,75
439,1,20,357.9866666666667,392.1876370118721,75
439,1,21,254.46666666666667,282.3558296956979,75
439,1,22,152.17567567567568,161.53444108252276,74
439,1,23,119.76,123.84923580831564,75
439,2,0,67.43243243243244,65.91874454433434,74
439,2,1,31.586666666666666,30.465778305345278,75
439,2,2,19.07894736842105,16.856150729212633,76
439,2,3,25.653333333333332,24.68711565383576,75
439,2,4,36.93421052631579,36.442245883290376,76
439,2,5,94.40789473684211,94.38261679248868,76
439,2,6,242.51315789473685,243.79858049245797,76
439,2,7,666.3552631578947,673.0556468233821,76
439,2,8,863.078947368421,876.369946205048,76
439,2,9,585.1184210526316,586.2169954017223,76
439,2,10,446.32894736842104,430.90846710366486,76
439,2,11,484.8157894736842,485.9479503304594,76
439,2,12,537.1447368421053,526.1922001352547,76
439,2,13,600.8552631578947,580.523724988367,76
439,2,14,688.6315789473684,711.1805760348637,76
439,2,15,859.1184210526316,847.7136376641589,76
439,2,16,992.2631578947369,962.4859464762767,76
439,2,17,1085.2631578947369,1072.953797376144,76
439,2,18,759.9605263157895,742.0006171722008,76
439,2,19,541.8157894736842,545.1484805654239,76
439,2,20,381.4342105263158,390.6136763390051,76
439,2,21,281.57894736842104,283.99771812495743,76
439,2,22,161.60526315789474,165.1843223520789,76
439,2,23,119.64473684210526,131.11243568336732,76
439,3,0,71.83783783783784,68.7098953162404,74
439,3,1,31.653333333333332,31.850780996155734,75
439,3,2,19.58108108108108,17.288029539084718,74
439,3,3,25.93243243243243,25.06688097614004,74
439,3,4,35.373333333333335,35.898739546978106,75
439,3,5,91.78666666666666,93.10271333623746,75
439,3,6,234.90666666666667,238.85053843984903,75
439,3,7,647.6,658.4501497181683,75
439,3,8,828.0533333333333,844.8377524418183,75
439,3,9,564.44,574.1736382399444,75
439,3,10,443.58666666666664,427.7194636034876,75
439,3,11,484.7733333333333,480.9514728867964,75
439,3,12,523.0933333333334,520.6835553435806,75
439,3,13,595.52,574.4461492433904,75
439,3,14,685.8533333333334,704.2812165747829,75
439,3,15,858.9466666666667,839.0141094880555,75
439,3,16,970.5466666666666,947.1112134718852,75
439,3,17,1053.8933333333334,1059.7176026547709,75
439,3,18,772.16,738.1594617572464,75
439,3,19,569.08,547.8957615727305,75
439,3,20,386.93333333333334,404.61407936006503,75
439,3,21,276.52,283.9128319482101,75
439,3,22,178.3918918918919,179.67857036328002,74
439,3,23,128.56756756756758,136.43310599673163,74
439,4,0,73.04,70.17475333938451,75
439,4,1,33.4054054054054,32.484388347308915,74
439,4,2,19.243243243243242,18.93778518516881,74
439,4,3,26.31081081081081,24.713765997959005,74
439,4,4,38.413333333333334,36.88962840702317,75
439,4,5,89.92,91.54537355336544,75
439,4,6,211.68,213.5109219913945,75
439,4,7,567.36,561.1721905149487,75
439,4,8,675.6,670.3595808078479,75
439,4,9,495.0933333333333,479.2936302095274,75
439,4,10,439.3066666666667,432.8551064518272,75
439,4,11,493.04,495.3586340819588,75
439,4,12,589.6266666666667,591.9300627040623,75
439,4,13,646.6133333333333,642.2072843433285,75
439,4,14,742.7066666666667,722.1106011223951,75
439,4,15,870.4666666666667,856.1189631444845,75
439,4,16,929.9066666666666,956.792327546911,75
439,4,17,1004.3466666666667,1040.4710188245435,75
439,4,18,762.32,751.1847931303666,75
439,4,19,596.68,556.8897671358459,75
439,4,20,442.88,415.8450392043211,75
439,4,21,334.1333333333333,290.73535675453815,75
439,4,22,228.42666666666668,221.45786745614342,75
439,4,23,177.16,164.29616018989316,75
439,5,0,102.62162162162163,99.43726986325609,74
439,5,1,52.986486486486484,52.6198311332714,74
439,5,2,29.527027027027028,29.44365460360126,74
439,5,3,27.424657534246574,28.49879412346549,73
439,5,4,36.28378378378378,33.66182125057576,74
439,5,5,52.5945945945946,50.83217369550273,74
439,5,6,91.98648648648648,91.46002240458726,74
439,5,7,174.43243243243242,174.14051475386538,74
439,5,8,261.35135135135135,261.74460632238623,74
439,5,9,321.26666666666665,313.5268290797175,75
439,5,10,373.52702702702703,387.8348702828536,74
439,5,11,471.2567567567568,470.94726560513504,74
439,5,12,535.0945945945946,552.7045499909544,74
439,5,13,590.6756756756756,576.3321330977958,74
439,5,14,596.3513513513514,572.6532134527927,74
439,5,15,615.2702702702703,606.053935284977,74
439,5,16,588.6933333333334,597.7237238215254,75
439,5,17,572.6133333333333,587.8801307335928,75
439,5,18,537.7333333333333,547.6934768415185,75
439,5,19,470.06756756756755,470.81392073392556,74
439,5,20,365.7027027027027,360.3565894907139,74
439,5,21,273.29333333333335,264.5508863664122,75
439,5,22,209.02666666666667,211.09543990534638,75
439,5,23,161.56756756756758,152.0060931164776,74
439,6,0,94.42666666666666,93.38811656129947,75
439,6,1,49.310810810810814,50.78459664967846,74
439,6,2,29.164383561643834,29.146071407388437,73
439,6,3,25.60810810810811,27.642397066549087,74
439,6,4,31.44,31.853353782961367,75
439,6,5,43.58108108108108,43.70276292929395,74
439,6,6,76.66666666666667,73.09228420935749,75
439,6,7,129.8918918918919,129.5783761107395,74
439,6,8,191.74324324324326,188.2807840293307,74
439,6,9,257.6081081081081,253.9620478561463,74
439,6,10,318.9054054054054,336.25205221678885,74
439,6,11,427.44594594594594,415.1552525292518,74
439,6,12,577.7432432432432,578.1647696721062,74
439,6,13,631.1351351351351,583.7315721417771,74
439,6,14,617.96,579.5939900723005,75
439,6,15,561.6756756756756,535.875673450256,74
439,6,16,514.0,519.1088473073594,74
439,6,17,476.05405405405406,492.4172039083077,74
439,6,18,426.2133333333333,447.3458422664826,75
439,6,19,332.56756756756755,318.8732099420369,74
439,6,20,256.2972972972973,237.8583298300648,74
439,6,21,183.6891891891892,166.52753054798714,74
439,6,22,142.78378378378378,133.00380815989018,74
439,6,23,108.29729729729729,102.85981493464213,74
440,0,0,32.432432432432435,32.68149501649961,74
440,0,1,17.76,15.820922311450746,75
440,0,2,10.067567567567568,9.046741229452106,74
440,0,3,12.283783783783784,12.815884115417802,74
440,0,4,28.175675675675677,29.041016902194333,74
440,0,5,84.25333333333333,84.71127240446921,75
440,0,6,226.2,224.87328138204873,75
440,0,7,608.2,594.3412402681287,75
440,0,8,733.0533333333333,737.2929318190816,75
440,0,9,432.05333333333334,435.74498902871915,75
440,0,10,301.17333333333335,303.77076513467694,75
440,0,11,290.0,309.8294667063829,75
440,0,12,290.38666666666666,313.313227733092,75
440,0,13,319.32,325.6380150998303,75
440,0,14,391.12,389.82333033002465,75
440,0,15,442.8,427.89384204611486,75
440,0,16,466.6533333333333,463.26285883723176,75
440,0,17,470.82666666666665,467.76985804839023,75
440,0,18,351.2,359.0818573167601,75
440,0,19,278.37333333333333,268.12718269370663,75
440,0,20,196.6,197.0118181400846,75
440,0,21,143.26666666666668,141.16824277379246,75
440,0,22,93.32,97.28404651049516,75
440,0,23,60.13333333333333,57.83541916007903,75
440,1,0,33.0,32.21263924860686,75
440,1,1,15.293333333333333,15.535168807009192,75
440,1,2,9.743243243243244,9.039951242776986,74
440,1,3,14.08,13.325654420320653,75
440,1,4,34.44,31.436156653287785,75
440,1,5,92.57333333333334,92.31394065356001,75
440,1,6,253.78666666666666,251.40854758899508,75
440,1,7,711.3066666666666,697.1199846083199,75
440,1,8,899.0266666666666,890.0340776771262,75
440,1,9,528.7466666666667,521.1863176093224,75
440,1,10,337.02666666666664,339.83035208935485,75
440,1,11,309.62666666666667,341.50964287834927,75
440,1,12,311.37333333333333,341.85218410559236,75
440,1,13,336.50666666666666,345.3585194344905,75
440,1,14,419.2,431.6671667732992,75
440,1,15,469.92,472.050790354361,75
440,1,16,505.5733333333333,502.7586526985064,75
440,1,17,516.7466666666667,508.3766308063779,75
440,1,18,393.62666666666667,410.490179086355,75
440,1,19,287.6,299.0352809142279,75
440,1,20,212.69333333333333,217.07509630667346,75
440,1,21,145.64,153.13532425038974,75
440,1,22,95.16,106.39711523411498,75
440,1,23,59.5945945945946,58.19270415244682,74
440,2,0,36.81333333333333,35.10545669364695,75
440,2,1,16.824324324324323,16.188371958136493,74
440,2,2,10.653333333333334,9.465963235361546,75
440,2,3,13.378378378378379,13.495212166564025,74
440,2,4,30.364864864864863,30.46904719655642,74
440,2,5,93.52631578947368,91.79883285830613,76
440,2,6,252.44736842105263,248.92060617359485,76
440,2,7,701.5131578947369,696.0497152046094,76
440,2,8,891.6184210526316,882.0055734673098,76
440,2,9,517.828947368421,514.0729058893464,76
440,2,10,341.9078947368421,337.9355521360531,76
440,2,11,326.7631578947368,340.4403284618656,76
440,2,12,332.7236842105263,349.646372459785,76
440,2,13,360.1578947368421,353.49038448433885,76
440,2,14,427.38157894736844,431.1067064191327,76
440,2,15,470.9605263157895,472.38649687051435,76
440,2,16,505.07894736842104,499.76907780312706,76
440,2,17,514.2763157894736,504.39940835496907,76
440,2,18,410.57894736842104,408.4676334810394,76
440,2,19,309.32894736842104,303.9829913481482,76
440,2,20,216.30263157894737,217.19638599780222,76
440,2,21,148.47368421052633,156.24618392611868,76
440,2,22,97.70666666666666,109.47140617234591,75
440,2,23,60.21333333333333,64.53226659680514,75
440,3,0,35.12162162162162,35.64009974860418,74
440,3,1,16.643835616438356,16.3007052820465,73
440,3,2,11.186666666666667,9.55696061960864,75
440,3,3,13.864864864864865,13.490143676474968,74
440,3,4,30.16,30.209830757612664,75
440,3,5,90.98666666666666,89.49617411161,75
440,3,6,244.98666666666668,243.44376655925439,75
440,3,7,670.3333333333334,673.3917836433765,75
440,3,8,838.68,851.696423578481,75
440,3,9,501.88,504.3163266525894,75
440,3,10,332.44,336.62356350781437,75
440,3,11,313.08,340.4790985632666,75
440,3,12,334.8,350.15621035093704,75
440,3,13,346.41333333333336,352.6957101422144,75
440,3,14,409.58666666666664,429.80751200547496,75
440,3,15,471.16,470.5041912609791,75
440,3,16,523.04,500.3129906863064,75
440,3,17,521.6133333333333,504.5748802771574,75
440,3,18,416.5466666666667,421.99949138975245,75
440,3,19,313.16,305.3753156254665,75
440,3,20,215.14666666666668,219.57554449116225,75
440,3,21,160.18666666666667,158.58408951082257,75
440,3,22,112.21621621621621,110.84735859146045,74
440,3,23,67.64,65.82128435025999,75
440,4,0,36.0,37.3028474985463,74
440,4,1,15.613333333333333,17.968339442016443,75
440,4,2,10.175675675675675,10.258892332616693,74
440,4,3,14.186666666666667,13.476563481280841,75
440,4,4,29.213333333333335,30.060048135498132,75
440,4,5,83.30666666666667,82.85664958147758,75
440,4,6,228.44,226.4697734223535,75
440,4,7,590.6933333333334,592.1271964155048,75
440,4,8,681.6933333333334,689.2041592440456,75
440,4,9,417.73333333333335,426.62909042143093,75
440,4,10,315.1066666666667,337.6515877648704,75
440,4,11,325.2133333333333,347.6605548583405,75
440,4,12,337.6666666666667,353.2635242292956,75
440,4,13,373.88,359.169625786012,75
440,4,14,457.52,438.1338116654791,75
440,4,15,493.85333333333335,475.2470685224357,75
440,4,16,512.6266666666667,507.4627663752587,75
440,4,17,531.1333333333333,512.0363987676513,75
440,4,18,450.97333333333336,429.3400950496502,75
440,4,19,353.82666666666665,341.06899342864114,75
440,4,20,246.37333333333333,243.15399671353657,75
440,4,21,188.04,191.40996953158927,75
440,4,22,141.08,137.46044805654236,75
440,4,23,95.34666666666666,95.82899287079987,75
440,5,0,51.17567567567568,52.226249698860514,74
440,5,1,24.08108108108108,25.185145056481915,74
440,5,2,13.452054794520548,12.779790679125725,73
440,5,3,13.013513513513514,13.970803103278337,74
440,5,4,20.7972972972973,20.39164534372627,74
440,5,5,43.95945945945946,44.09767932925068,74
440,5,6,90.5945945945946,91.34892910182093,74
440,5,7,150.93243243243242,153.12074168565368,74
440,5,8,223.28378378378378,220.71772996030927,74
440,5,9,286.22972972972974,285.53829637598136,74
440,5,10,295.58666666666664,293.3594025271572,75
440,5,11,383.3378378378378,375.0951022809013,74
440,5,12,377.18666666666667,377.4449115151629,75
440,5,13,387.0405405405405,379.20882864371447,74
440,5,14,391.68918918918916,387.2861617535558,74
440,5,15,383.0810810810811,383.3228797959553,74
440,5,16,374.43243243243245,379.76743079826923,74
440,5,17,356.36486486486484,368.2002140142874,74
440,5,18,332.94666666666666,322.63133472955553,75
440,5,19,284.7972972972973,282.90441087105734,74
440,5,20,204.29333333333332,204.05213947416354,75
440,5,21,161.2027027027027,162.08394438679153,74
440,5,22,132.57333333333332,127.75346379547024,75
440,5,23,94.85135135135135,92.66446628864733,74
440,6,0,51.093333333333334,52.235690856048414,75
440,6,1,26.77027027027027,26.13489347517856,74
440,6,2,12.575342465753424,12.23416028210587,73
440,6,3,12.324324324324325,13.200575206264395,74
440,6,4,18.35135135135135,18.636225429554578,74
440,6,5,34.25675675675676,34.00856267679746,74
440,6,6,75.52702702702703,77.79110792131064,74
440,6,7,105.64,106.83869538802496,75
440,6,8,163.21621621621622,161.16331277976187,74
440,6,9,218.09459459459458,217.34654002693964,74
440,6,10,277.6756756756757,290.8749203067755,74
440,6,11,413.6081081081081,387.91852840094725,74
440,6,12,451.26666666666665,395.5154736671367,75
440,6,13,376.63513513513516,382.6449465494238,74
440,6,14,352.2837837837838,345.5288111821382,74
440,6,15,311.02666666666664,325.7566955625079,75
440,6,16,282.4054054054054,294.67118514722125,74
440,6,17,266.86486486486484,280.63671467968254,74
440,6,18,234.78666666666666,226.41598377486847,75
440,6,19,177.2,175.03216403653974,75
440,6,20,142.04,136.33622608725503,75
440,6,21,110.41333333333333,105.56047836306114,75
440,6,22,96.41891891891892,92.83240988593583,74
440,6,23,54.21621621621622,53.58583804317648,74
441,0,0,24.283783783783782,23.45943947343987,74
441,0,1,10.76,9.108249240925467,75
441,0,2,8.608108108108109,9.900266709556885,74
441,0,3,11.202702702702704,12.023742016345581,74
441,0,4,19.92,20.299499817810485,75
441,0,5,78.36,80.0635146263592,75
441,0,6,176.86666666666667,174.76164220127248,75
441,0,7,445.92,443.9600916174682,75
441,0,8,614.6533333333333,642.5448486455058,75
441,0,9,349.88,336.8940696357566,75
441,0,10,227.46666666666667,246.90216805202115,75
441,0,11,216.30666666666667,226.64865534603456,75
441,0,12,216.36,230.58650284821152,75
441,0,13,239.85333333333332,241.21658192735174,75
441,0,14,283.56,299.3429692645989,75
441,0,15,430.94666666666666,419.3392250069848,75
441,0,16,402.4,383.73270302996264,75
441,0,17,378.0133333333333,377.2641790669491,75
441,0,18,274.56,278.40840938353807,75
441,0,19,186.62666666666667,192.3971559732246,75
441,0,20,126.92,124.54296989365321,75
441,0,21,83.24,83.31412474646694,75
441,0,22,54.84,57.32775100873073,75
441,0,23,67.17333333333333,61.41861994405899,75
441,1,0,23.666666666666668,23.28604720113398,75
441,1,1,8.826666666666666,9.058225722682813,75
441,1,2,10.466666666666667,9.897018761351397,75
441,1,3,12.666666666666666,12.511006966601082,75
441,1,4,22.413333333333334,22.064899215178528,75
441,1,5,84.02666666666667,86.70245738210896,75
441,1,6,191.58666666666667,193.90148406368016,75
441,1,7,528.4933333333333,516.0471281247695,75
441,1,8,766.4933333333333,769.4534388599659,75
441,1,9,406.14666666666665,402.6310740938711,75
441,1,10,251.18666666666667,275.22705888606515,75
441,1,11,223.06666666666666,247.20711617721594,75
441,1,12,228.41333333333333,255.99947213953865,75
441,1,13,251.89333333333335,267.4080942932231,75
441,1,14,312.26666666666665,332.518069409411,75
441,1,15,455.2,465.9209476273167,75
441,1,16,418.0133333333333,413.92623134183236,75
441,1,17,418.6533333333333,412.94598175095615,75
441,1,18,304.93333333333334,307.71427661316477,75
441,1,19,198.32,208.1454639826292,75
441,1,20,135.77333333333334,131.1544158922855,75
441,1,21,90.64,90.98714722094233,75
441,1,22,56.53333333333333,58.71344715726244,75
441,1,23,67.83783783783784,63.373586476330125,74
441,2,0,24.106666666666666,24.32012951564393,75
441,2,1,9.96,9.596819657320504,75
441,2,2,9.91891891891892,10.151731772381078,74
441,2,3,12.773333333333333,12.547975847099707,75
441,2,4,23.32894736842105,22.21800598479006,76
441,2,5,88.55263157894737,87.67009443070553,76
441,2,6,197.1315789473684,192.10489105308264,76
441,2,7,516.3552631578947,513.5092558511061,76
441,2,8,763.25,765.4709810537361,76
441,2,9,406.67105263157896,397.93714818424945,76
441,2,10,258.4605263157895,274.0617121972613,76
441,2,11,237.64473684210526,249.05178629084836,76
441,2,12,249.75,257.40552069077853,76
441,2,13,265.8157894736842,269.4450724749725,76
441,2,14,317.7105263157895,330.72280796145225,76
441,2,15,462.0394736842105,466.76152195936993,76
441,2,16,415.8157894736842,411.07532143553146,76
441,2,17,415.6578947368421,410.2175905407962,76
441,2,18,304.42105263157896,307.16985599613065,76
441,2,19,198.96052631578948,207.67540272103633,76
441,2,20,132.17105263157896,135.7228437898021,76
441,2,21,92.17105263157895,96.08312732511519,76
441,2,22,57.61842105263158,60.81799832752073,76
441,2,23,71.42666666666666,71.12263556820396,75
441,3,0,26.27027027027027,25.549289028379064,74
441,3,1,11.405405405405405,9.784390033612182,74
441,3,2,10.513513513513514,10.224797338216762,74
441,3,3,12.432432432432432,12.6662494202731,74
441,3,4,23.92,22.272815125313592,75
441,3,5,79.04,84.18732246441178,75
441,3,6,187.30666666666667,188.68067245976192,75
441,3,7,500.2266666666667,501.90870881211555,75
441,3,8,720.5733333333334,744.772070196357,75
441,3,9,400.1066666666667,387.48304558371245,75
441,3,10,259.61333333333334,272.4690331056513,75
441,3,11,236.77333333333334,246.88824556147986,75
441,3,12,238.45333333333335,255.84128810772842,75
441,3,13,260.37333333333333,267.8871407789684,75
441,3,14,310.50666666666666,332.635250661313,75
441,3,15,466.04,464.194345374976,75
441,3,16,414.24,424.93574039229304,75
441,3,17,434.8,424.731027917862,75
441,3,18,324.4266666666667,312.14157999950004,75
441,3,19,204.16,217.46966859128563,75
441,3,20,136.93333333333334,143.29341499293503,75
441,3,21,96.30666666666667,99.90810127996386,75
441,3,22,64.53333333333333,61.87122423209151,75
441,3,23,72.08108108108108,73.78881428224892,74
441,4,0,27.527027027027028,27.043653812935265,74
441,4,1,10.621621621621621,10.954976641255975,74
441,4,2,11.0,10.38129046207743,74
441,4,3,12.891891891891891,12.690534049756035,74
441,4,4,21.16,20.62342256645815,75
441,4,5,75.85333333333334,74.16742060417855,75
441,4,6,172.02666666666667,173.1123287702594,75
441,4,7,447.3333333333333,436.7322788509754,75
441,4,8,576.96,561.4542946003799,75
441,4,9,335.76,346.0711969231514,75
441,4,10,245.52,276.2532771627838,75
441,4,11,233.65333333333334,249.33465215172671,75
441,4,12,255.82666666666665,258.64311792836764,75
441,4,13,277.81333333333333,270.97064793561776,75
441,4,14,339.46666666666664,344.45506784866967,75
441,4,15,475.58666666666664,469.8390707448803,75
441,4,16,415.4266666666667,431.3053956228064,75
441,4,17,412.81333333333333,430.36878360991216,75
441,4,18,350.3466666666667,330.03385398202835,75
441,4,19,252.01333333333332,244.74848994842174,75
441,4,20,168.28,165.93654146805406,75
441,4,21,126.56,125.14917152343301,75
441,4,22,87.78666666666666,82.51896870169924,75
441,4,23,87.06666666666666,92.21995636308705,75
441,5,0,37.986486486486484,39.92775733390999,74
441,5,1,16.45945945945946,17.513773914439263,74
441,5,2,11.986666666666666,11.927819554835882,75
441,5,3,12.547945205479452,13.8413312441567,73
441,5,4,18.2972972972973,17.571290158366068,74
441,5,5,34.945945945945944,32.739156334377974,74
441,5,6,81.71621621621621,81.47277420176292,74
441,5,7,149.7027027027027,147.6977746737591,74
441,5,8,210.8108108108108,208.49988122121886,74
441,5,9,250.3918918918919,245.3689465951696,74
441,5,10,271.1081081081081,255.4999447752828,74
441,5,11,298.85135135135135,297.73330795355656,74
441,5,12,335.56756756756755,307.85370156949114,74
441,5,13,326.56,307.62035017828845,75
441,5,14,329.63513513513516,322.31711470640664,74
441,5,15,352.7567567567568,347.86526565064287,74
441,5,16,319.56756756756755,312.9113886491409,74
441,5,17,309.08,311.70591703944604,75
441,5,18,289.6081081081081,290.5731201162598,74
441,5,19,233.67567567567568,214.78233793600347,74
441,5,20,166.0,163.5748958685804,74
441,5,21,120.14666666666666,122.89644232853438,75
441,5,22,87.28,82.39011644961954,75
441,5,23,85.98648648648648,89.32473979117243,74
441,6,0,38.18666666666667,39.3151357595819,75
441,6,1,17.2972972972973,17.51562613422796,74
441,6,2,10.575342465753424,11.22537556226052,73
441,6,3,13.186666666666667,13.738781244820784,75
441,6,4,15.41891891891892,16.019611399560464,74
441,6,5,29.60810810810811,31.046746504303687,74
441,6,6,64.60810810810811,64.44067575831002,74
441,6,7,116.45945945945945,116.28371388478637,74
441,6,8,158.82432432432432,156.62962015087652,74
441,6,9,198.1081081081081,196.53321300514625,74
441,6,10,241.56756756756758,243.53172146416443,74
441,6,11,267.05405405405406,268.93755595363484,74
441,6,12,297.9864864864865,296.30807899320683,74
441,6,13,292.0945945945946,296.2289336019724,74
441,6,14,303.8918918918919,297.24606925249583,74
441,6,15,307.8783783783784,295.6841169670832,74
441,6,16,260.50666666666666,263.5157887826166,75
441,6,17,251.1891891891892,245.5762346968827,74
441,6,18,209.64864864864865,206.38758136704945,74
441,6,19,155.0,142.10680616835984,74
441,6,20,112.58666666666667,107.15912187765922,75
441,6,21,79.85333333333334,76.54336738626472,75
441,6,22,59.78378378378378,59.35882597222691,74
441,6,23,62.54054054054054,61.00628965138798,74
471,0,0,113.16216216216216,119.3318646132324,74
471,0,1,35.04054054054054,36.92490740008378,74
471,0,2,23.266666666666666,24.999644689086413,75
471,0,3,18.513513513513512,19.23891310769372,74
471,0,4,29.346666666666668,28.457374183286774,75
471,0,5,53.346666666666664,52.50057870707446,75
471,0,6,153.6,158.53649445721507,75
471,0,7,399.9866666666667,391.9866808634299,75
471,0,8,647.28,649.1466195875892,75
471,0,9,473.4054054054054,469.0184207562309,74
471,0,10,398.8933333333333,399.6931041586121,75
471,0,11,514.8933333333333,514.9819522091465,75
471,0,12,660.2837837837837,664.5647718443128,74
471,0,13,822.4666666666667,796.1747121195502,75
471,0,14,1108.08,1105.6824436649565,75
471,0,15,1674.2027027027027,1694.718358134573,74
471,0,16,2329.04,2381.978927226396,75
471,0,17,3718.9189189189187,3706.244618911171,74
471,0,18,2441.4933333333333,2431.3873163299727,75
471,0,19,1273.1733333333334,1308.6552368823925,75
471,0,20,850.56,848.1672603855046,75
471,0,21,635.918918918919,642.0944887449201,74
471,0,22,492.9066666666667,490.92535708563616,75
471,0,23,345.97333333333336,332.78727471343285,75
471,1,0,200.16,213.00668913126245,75
471,1,1,66.74666666666667,76.36992926601143,75
471,1,2,28.66216216216216,27.461729407132943,74
471,1,3,19.8,20.10954687515025,75
471,1,4,27.253333333333334,29.266858497662966,75
471,1,5,64.13333333333334,64.50864576801212,75
471,1,6,177.18666666666667,174.35527207206573,75
471,1,7,453.48,452.5037024539893,75
471,1,8,811.3333333333334,784.7105319163197,75
471,1,9,602.5066666666667,603.8603795058362,75
471,1,10,473.52,463.58808559414075,75
471,1,11,615.7866666666666,596.6500802360034,75
471,1,12,743.44,749.7485879296735,75
471,1,13,922.8533333333334,921.4823429949852,75
471,1,14,1270.4133333333334,1313.2533734189367,75
471,1,15,1906.8666666666666,1915.8016332573409,75
471,1,16,2912.866666666667,2878.26097858608,75
471,1,17,4817.506666666667,4761.091480454682,75
471,1,18,3112.72,3124.9846232403956,75
471,1,19,1509.7733333333333,1524.389861580136,75
471,1,20,995.0666666666667,1018.9390408513966,75
471,1,21,752.92,746.5916367049673,75
471,1,22,582.6266666666667,572.1610816583319,75
471,1,23,386.37333333333333,391.2948875252339,75
471,2,0,244.52631578947367,221.4413514872235,76
471,2,1,94.90789473684211,93.45601165697472,76
471,2,2,36.276315789473685,37.05731905333851,76
471,2,3,27.31578947368421,27.139920555076923,76
471,2,4,33.36842105263158,31.97731631422866,76
471,2,5,67.30263157894737,64.83130708743822,76
471,2,6,174.3815789473684,168.90119356931197,76
471,2,7,441.57894736842104,447.7691190270924,76
471,2,8,791.7894736842105,774.4855555419936,76
471,2,9,591.9605263157895,596.2059501630238,76
471,2,10,482.85526315789474,462.6079050561773,76
471,2,11,637.3157894736842,610.0768649429855,76
471,2,12,784.9342105263158,764.0107367799562,76
471,2,13,966.2631578947369,928.6346273034251,76
471,2,14,1298.9342105263158,1317.1474449793986,76
471,2,15,1935.5263157894738,1912.5911837243505,76
471,2,16,2858.4605263157896,2841.587070776682,76
471,2,17,4672.0,4670.227556883462,76
471,2,18,3131.6710526315787,3094.8697663180656,76
471,2,19,1573.2763157894738,1544.3842037874026,76
471,2,20,1063.0526315789473,1019.4253962380914,76
471,2,21,782.2894736842105,755.017228681133,76
471,2,22,599.1842105263158,588.3995907963056,76
471,2,23,414.82894736842104,400.67945578564604,76
471,3,0,243.92,232.69669350401517,75
471,3,1,105.21621621621621,98.96580224990082,74
471,3,2,43.71621621621622,40.418095336738816,74
471,3,3,30.04054054054054,27.25773237813039,74
471,3,4,37.04,34.64254271919959,75
471,3,5,65.46666666666667,63.28465196006451,75
471,3,6,170.93333333333334,166.77148371827883,75
471,3,7,425.49333333333334,438.4483463510095,75
471,3,8,742.4933333333333,747.5176589906299,75
471,3,9,583.4133333333333,586.8968971990033,75
471,3,10,482.5466666666667,457.6642091065057,75
471,3,11,642.88,604.7258299348839,75
471,3,12,805.5466666666666,776.6229821981948,75
471,3,13,981.84,930.7449779698289,75
471,3,14,1336.44,1315.2011401016064,75
471,3,15,1938.36,1897.4001635418044,75
471,3,16,2767.4666666666667,2742.4569897569904,75
471,3,17,4282.933333333333,4260.4974952737275,75
471,3,18,2923.7066666666665,2904.95593090459,75
471,3,19,1649.2,1590.326398739573,75
471,3,20,1167.7333333333333,1036.3727786436018,75
471,3,21,836.3866666666667,786.0265520649249,75
471,3,22,632.1333333333333,590.6315036625539,75
471,3,23,438.4,432.69339735719643,75
471,4,0,265.26666666666665,247.9579163774654,75
471,4,1,99.2,98.59801453105266,75
471,4,2,40.8,40.98001834053647,75
471,4,3,28.486486486486488,28.636066249732536,74
471,4,4,35.666666666666664,36.06462282888314,75
471,4,5,59.57333333333333,56.86430900935606,75
471,4,6,157.53333333333333,155.3595597020639,75
471,4,7,344.28,345.14932741023415,75
471,4,8,508.26666666666665,530.220740899776,75
471,4,9,405.49333333333334,404.63489334637285,75
471,4,10,432.96,455.76093856368357,75
471,4,11,600.7733333333333,593.3529727082051,75
471,4,12,813.76,782.9814971077907,75
471,4,13,1026.72,975.1131593449398,75
471,4,14,1365.48,1324.7739568290506,75
471,4,15,1938.3066666666666,1905.5684535196442,75
471,4,16,2345.8933333333334,2318.349435983711,75
471,4,17,2551.8133333333335,2540.1146480839093,75
471,4,18,1862.2266666666667,1855.5949016077836,75
471,4,19,1252.1466666666668,1292.9065680995036,75
471,4,20,943.8533333333334,1024.4921790221101,75
471,4,21,781.64,779.5286108302553,75
471,4,22,607.9733333333334,611.9498295064827,75
471,4,23,454.4,461.5421310670012,75
471,5,0,284.58666666666664,279.62061020187946,75
471,5,1,106.88,109.32118725958387,75
471,5,2,58.0958904109589,58.00901815002742,73
471,5,3,44.114285714285714,45.81128141470697,70
471,5,4,41.63513513513514,46.04691911745857,74
471,5,5,33.5945945945946,35.8974845686501,74
471,5,6,78.49333333333334,88.27027987589344,75
471,5,7,129.97333333333333,131.28966164847606,75
471,5,8,137.28378378378378,138.85655317039763,74
471,5,9,215.69014084507043,215.09619854071107,71
471,5,10,334.72972972972974,372.50706041354584,74
471,5,11,530.3428571428572,533.0829946511259,70
471,5,12,663.527027027027,686.8930408644559,74
471,5,13,862.1527777777778,899.8423262879053,72
471,5,14,1058.3285714285714,1027.9352821949008,70
471,5,15,1196.9066666666668,1207.1339114700381,75
471,5,16,1282.445945945946,1289.577525009292,74
471,5,17,1290.236111111111,1272.9297518004519,72
471,5,18,1288.072463768116,1288.1203337612683,69
471,5,19,1042.236111111111,1040.1142090248993,72
471,5,20,805.8378378378378,843.0868687157713,74
471,5,21,672.082191780822,695.5922331809475,73
471,5,22,493.12,504.0126596885088,75
471,5,23,364.9718309859155,373.7526284260746,71
471,6,0,202.65277777777777,206.90691038488916,72
471,6,1,80.90666666666667,82.73087370794946,75
471,6,2,53.657534246575345,55.91637601979301,73
471,6,3,45.507246376811594,45.18569407376831,69
471,6,4,46.916666666666664,48.38149551863606,72
471,6,5,29.64864864864865,30.265622471262194,74
471,6,6,67.2394366197183,69.72305897992723,71
471,6,7,114.66216216216216,118.48244673444242,74
471,6,8,105.41891891891892,107.1038726093701,74
471,6,9,160.29166666666666,160.62365827801824,72
471,6,10,263.7808219178082,276.3448125154656,73
471,6,11,410.2957746478873,429.80760310819784,71
471,6,12,568.7083333333334,593.6664362388282,72
471,6,13,681.2361111111111,733.9186822438097,72
471,6,14,793.4246575342465,816.0757114044005,73
471,6,15,998.2297297297297,981.6346402035927,74
471,6,16,1131.605633802817,1098.5981251302385,71
471,6,17,1180.0,1190.293414411238,70
471,6,18,982.1428571428571,1014.8097089198194,70
471,6,19,812.830985915493,821.9012324577899,71
471,6,20,568.9583333333334,569.0169090783709,72
471,6,21,457.3835616438356,474.903565116137,73
471,6,22,360.48,370.84828536437317,75
471,6,23,249.69333333333333,258.4194983790823,75
475,0,0,45.946666666666665,44.39816078577689,75
475,0,1,16.253333333333334,15.541209206719769,75
475,0,2,10.613333333333333,11.29371923220965,75
475,0,3,13.986666666666666,13.384219789323492,75
475,0,4,44.10666666666667,44.28190962629789,75
475,0,5,129.92,137.06136509634737,75
475,0,6,379.4,378.34300730676114,75
475,0,7,1045.1733333333334,1051.5675166344413,75
475,0,8,1781.9866666666667,1779.4680015813644,75
475,0,9,994.7733333333333,1011.4281007452441,75
475,0,10,616.7333333333333,618.7697860209881,75
475,0,11,644.88,634.7877036076006,75
475,0,12,526.1733333333333,528.8443076523533,75
475,0,13,542.16,564.5581102161401,75
475,0,14,710.0666666666667,685.8591661603842,75
475,0,15,938.5333333333333,901.9931090798782,75
475,0,16,1060.9466666666667,1040.7849813213263,75
475,0,17,1024.3066666666666,1012.5957750054853,75
475,0,18,715.56,750.3910255213034,75
475,0,19,458.52,469.0836453254262,75
475,0,20,303.50666666666666,319.89150921575197,75
475,0,21,217.42666666666668,232.3368608459809,75
475,0,22,166.92,169.40022206496388,75
475,0,23,115.34666666666666,116.02391609264933,75
475,1,0,49.626666666666665,50.66454976342793,75
475,1,1,17.64,16.265641306313043,75
475,1,2,12.586666666666666,11.560075610260883,75
475,1,3,15.946666666666667,14.375214174104395,75
475,1,4,46.52,45.68053369421767,75
475,1,5,146.30666666666667,152.72177008857386,75
475,1,6,433.29333333333335,425.6888060038833,75
475,1,7,1257.76,1258.4663137481894,75
475,1,8,2342.16,2275.13793632781,75
475,1,9,1261.28,1267.2944279012822,75
475,1,10,714.0666666666667,710.0557668134019,75
475,1,11,693.4266666666666,702.2607427077579,75
475,1,12,562.0666666666667,592.5869708870468,75
475,1,13,576.0533333333333,605.6359871337883,75
475,1,14,756.0533333333333,753.4824297026239,75
475,1,15,1057.9466666666667,1025.8908292896945,75
475,1,16,1173.0533333333333,1161.8927466817663,75
475,1,17,1150.2933333333333,1148.4235472296796,75
475,1,18,856.9733333333334,903.8695811795503,75
475,1,19,532.8666666666667,579.076072622694,75
475,1,20,347.61333333333334,368.7167163109301,75
475,1,21,246.66666666666666,276.0617294015374,75
475,1,22,185.92,194.27291572558715,75
475,1,23,119.17333333333333,124.30810417464423,75
475,2,0,51.51315789473684,53.80143975248488,76
475,2,1,19.355263157894736,17.81380914533518,76
475,2,2,13.2,12.32139964449051,75
475,2,3,15.881578947368421,14.998560323836742,76
475,2,4,46.35526315789474,45.44633079940527,76
475,2,5,146.97368421052633,151.3123766458084,76
475,2,6,426.9078947368421,422.2467215348716,76
475,2,7,1229.5394736842106,1245.0154763833868,76
475,2,8,2272.75,2235.3569428134583,76
475,2,9,1243.4736842105262,1254.720367694097,76
475,2,10,712.578947368421,708.2692517319649,76
475,2,11,718.4736842105264,705.5518949919484,76
475,2,12,597.1973684210526,597.7578162431264,76
475,2,13,609.75,617.85214434063,76
475,2,14,765.2631578947369,765.8521014324912,76
475,2,15,1041.8026315789473,1022.1673045854023,76
475,2,16,1176.328947368421,1152.233963928051,76
475,2,17,1165.578947368421,1136.4105304632812,76
475,2,18,868.7631578947369,893.4250531355658,76
475,2,19,552.0921052631579,577.5220690175335,76
475,2,20,345.2368421052632,367.2410546261285,76
475,2,21,255.18421052631578,278.42099681760277,76
475,2,22,187.72368421052633,197.2032854798692,76
475,2,23,130.14666666666668,131.8683070922603,75
475,3,0,57.906666666666666,58.265311236472336,75
475,3,1,19.2,18.25558325510361,75
475,3,2,13.675675675675675,12.736431701702246,74
475,3,3,15.946666666666667,15.028812245132597,75
475,3,4,45.25333333333333,44.771623207423275,75
475,3,5,149.52,148.97709657684652,75
475,3,6,407.6,411.86182992939484,75
475,3,7,1162.2666666666667,1197.7568990820403,75
475,3,8,2122.6133333333332,2161.7429761091653,75
475,3,9,1198.1333333333334,1215.8879848016306,75
475,3,10,706.3866666666667,701.1619688451264,75
475,3,11,703.36,699.8739510249898,75
475,3,12,570.7733333333333,590.0592252495944,75
475,3,13,591.84,610.3222844455296,75
475,3,14,769.04,762.5048594348648,75
475,3,15,1040.6666666666667,1005.3143757346118,75
475,3,16,1164.0266666666666,1138.7855649834864,75
475,3,17,1179.44,1123.5223794523954,75
475,3,18,897.4133333333333,887.6943150566883,75
475,3,19,551.1333333333333,576.714770833799,75
475,3,20,364.96,385.61071089449666,75
475,3,21,260.0133333333333,281.57195912846856,75
475,3,22,203.45333333333335,219.55946416991893,75
475,3,23,128.8,136.78912673502776,75
475,4,0,57.04054054054054,59.34873437482168,74
475,4,1,19.06756756756757,19.1665814656873,74
475,4,2,15.068493150684931,14.53308781984498,73
475,4,3,17.81081081081081,16.71663584735081,74
475,4,4,46.45333333333333,44.853912929933834,75
475,4,5,132.02666666666667,138.2063760317958,75
475,4,6,377.48,367.01319861007727,75
475,4,7,962.1866666666666,955.4704992465317,75
475,4,8,1415.9866666666667,1425.3256309819055,75
475,4,9,902.7066666666667,907.2637038701727,75
475,4,10,650.4266666666666,708.4341899973197,75
475,4,11,717.9733333333334,715.5252615241259,75
475,4,12,609.2666666666667,635.62502181983,75
475,4,13,702.92,669.0862437584326,75
475,4,14,847.6133333333333,809.2300003736804,75
475,4,15,1063.1333333333334,1013.0103479495158,75
475,4,16,1156.4133333333334,1150.7002228967428,75
475,4,17,1168.48,1138.0123298243425,75
475,4,18,964.12,902.6222732639767,75
475,4,19,664.52,602.2978594341413,75
475,4,20,451.61333333333334,413.7140616341598,75
475,4,21,320.12,287.80756699696195,75
475,4,22,256.49333333333334,245.90355926191785,75
475,4,23,176.74666666666667,164.79705780503883,75
475,5,0,82.4,78.21116287377055,75
475,5,1,30.14666666666667,31.780153712651252,75
475,5,2,18.56,19.110599691488446,75
475,5,3,14.173333333333334,14.614144455743578,75
475,5,4,25.905405405405407,25.96832227989845,74
475,5,5,70.70666666666666,67.15930521831945,75
475,5,6,157.08,156.96474955716153,75
475,5,7,305.81333333333333,303.62181561194285,75
475,5,8,432.46666666666664,432.51740435632234,75
475,5,9,540.0266666666666,541.0069024408682,75
475,5,10,633.1333333333333,644.6724630585329,75
475,5,11,712.8933333333333,715.113584283109,75
475,5,12,744.16,726.0003196693235,75
475,5,13,753.3866666666667,718.9544472197392,75
475,5,14,674.0533333333333,703.7799117355613,75
475,5,15,663.9466666666667,672.6171288029582,75
475,5,16,656.4,659.0942261503835,75
475,5,17,650.3866666666667,650.6859654029349,75
475,5,18,657.6933333333334,653.4819069597579,75
475,5,19,561.3866666666667,554.4575371908858,75
475,5,20,386.46666666666664,382.934736797325,75
475,5,21,272.6533333333333,260.8567877564654,75
475,5,22,231.69333333333333,225.65659872163096,75
475,5,23,160.10666666666665,153.37680723244048,75
475,6,0,73.45333333333333,71.91143692639375,75
475,6,1,31.12,31.767140654468378,75
475,6,2,15.067567567567568,18.57031405017368,74
475,6,3,12.786666666666667,13.578162232871186,75
475,6,4,21.68,23.14612662743878,75
475,6,5,53.89333333333333,52.14691173028002,75
475,6,6,125.82666666666667,125.40649248097903,75
475,6,7,242.65333333333334,241.37823194982533,75
475,6,8,326.08,325.4911885784711,75
475,6,9,430.26666666666665,431.77326692636876,75
475,6,10,553.0533333333333,563.5630479212938,75
475,6,11,614.0666666666667,605.7760735748343,75
475,6,12,656.4533333333334,628.9662670111542,75
475,6,13,643.7333333333333,628.5009271775399,75
475,6,14,615.16,619.3914318614788,75
475,6,15,539.8133333333334,544.3643887067287,75
475,6,16,527.84,544.8765853367101,75
475,6,17,460.50666666666666,456.7571785208576,75
475,6,18,404.6666666666667,409.39283921041726,75
475,6,19,302.17333333333335,307.41037220554205,75
475,6,20,235.49333333333334,232.96834300304428,75
475,6,21,174.82666666666665,164.9262827287579,75
475,6,22,145.37333333333333,133.028641594032,75
475,6,23,93.88,95.35704233073103,75
476,0,0,51.57333333333333,50.51053966873521,75
476,0,1,20.933333333333334,19.18302074769767,75
476,0,2,11.666666666666666,11.345293042336873,75
476,0,3,9.4,9.412223335949642,75
476,0,4,15.333333333333334,15.459015410990578,75
476,0,5,78.68,79.90210581060609,75
476,0,6,359.74666666666667,352.5992731184135,75
476,0,7,1204.88,1188.5827230725683,75
476,0,8,2796.4266666666667,2778.841769420719,75
476,0,9,1484.0533333333333,1486.2098584574644,75
476,0,10,774.8666666666667,773.0363829125487,75
476,0,11,661.16,713.8775470099772,75
476,0,12,665.5866666666667,718.213094395924,75
476,0,13,680.9066666666666,692.8091568310739,75
476,0,14,758.5733333333334,752.3539549305158,75
476,0,15,1077.3466666666666,1111.585332029665,75
476,0,16,1331.7733333333333,1357.0802246305955,75
476,0,17,1517.9066666666668,1542.1182740139889,75
476,0,18,1291.4666666666667,1315.8564582528597,75
476,0,19,753.5733333333334,765.5681542834844,75
476,0,20,528.04,550.3965795820104,75
476,0,21,418.82666666666665,435.7117496009113,75
476,0,22,310.4533333333333,317.1169000457368,75
476,0,23,157.85333333333332,151.539952746787,75
476,1,0,50.8,52.574352058799064,75
476,1,1,17.093333333333334,18.9284000569377,75
476,1,2,9.095890410958905,11.429202962862432,73
476,1,3,8.397260273972602,9.421753126561025,73
476,1,4,16.36,15.672330961631166,75
476,1,5,91.93333333333334,86.76900620225213,75
476,1,6,431.81333333333333,413.0649003402081,75
476,1,7,1540.7866666666666,1496.4081565154027,75
476,1,8,3986.96,3937.138991221296,75
476,1,9,2074.2266666666665,2068.556065371916,75
476,1,10,924.4933333333333,917.2929581936274,75
476,1,11,727.7733333333333,775.1796560660067,75
476,1,12,690.1466666666666,757.1837783045835,75
476,1,13,709.5333333333333,764.6241285198273,75
476,1,14,794.3466666666667,823.2255876895669,75
476,1,15,1129.6933333333334,1245.2599785841196,75
476,1,16,1474.8933333333334,1498.520175622753,75
476,1,17,1715.76,1809.59989560261,75
476,1,18,1516.32,1554.3294484172056,75
476,1,19,855.32,1039.9710878588833,75
476,1,20,572.16,671.2520524910046,75
476,1,21,440.04,508.2949329494784,75
476,1,22,343.97333333333336,396.89198117067804,75
476,1,23,160.50666666666666,204.38668483069128,75
476,2,0,57.38666666666666,58.36666037478558,75
476,2,1,24.513157894736842,23.641612910472897,76
476,2,2,12.173333333333334,13.119379683003618,75
476,2,3,8.906666666666666,10.032629983493456,75
476,2,4,17.30666666666667,16.063504275296975,75
476,2,5,86.07894736842105,85.23850631900945,76
476,2,6,412.63157894736844,408.8187183508651,76
476,2,7,1509.4736842105262,1474.2174859341428,76
476,2,8,3864.8684210526317,3834.272427899801,76
476,2,9,2077.657894736842,2110.107393976846,76
476,2,10,950.3684210526316,921.4383066392813,76
476,2,11,774.7894736842105,789.0466584935793,76
476,2,12,750.2894736842105,777.0022007118637,76
476,2,13,768.1184210526316,776.2732992659303,76
476,2,14,792.1578947368421,825.5879786683322,76
476,2,15,1135.8552631578948,1245.2838952387872,76
476,2,16,1441.2236842105262,1484.1334717985767,76
476,2,17,1683.6447368421052,1784.2652142614297,76
476,2,18,1512.8684210526317,1537.5121166255153,76
476,2,19,883.7631578947369,1028.0835736620547,76
476,2,20,582.1184210526316,669.0166637140347,76
476,2,21,467.0263157894737,527.5505186164759,76
476,2,22,377.92105263157896,400.0846062135013,76
476,2,23,178.73684210526315,206.5014129488338,76
476,3,0,61.10958904109589,66.4135820481643,73
476,3,1,25.32,24.113506195869032,75
476,3,2,12.405405405405405,12.96454404000498,74
476,3,3,9.753424657534246,10.049882211895534,73
476,3,4,16.36,16.11911315462228,75
476,3,5,81.21333333333334,82.89270510405505,75
476,3,6,392.94666666666666,398.32312241307153,75
476,3,7,1392.2133333333334,1422.9034874382935,75
476,3,8,3556.653333333333,3537.1549137771667,75
476,3,9,1965.04,1971.3425535101064,75
476,3,10,927.6,908.5298342760477,75
476,3,11,764.84,782.0758686463778,75
476,3,12,740.0933333333334,771.983604423454,75
476,3,13,757.7733333333333,775.7597647030036,75
476,3,14,832.96,826.3265051427221,75
476,3,15,1174.76,1239.1370353265363,75
476,3,16,1497.2533333333333,1477.6547388423958,75
476,3,17,1787.2266666666667,1778.5715372667473,75
476,3,18,1612.2533333333333,1593.0827925380238,75
476,3,19,948.2266666666667,1032.0463926626016,75
476,3,20,622.0266666666666,664.3703735038715,75
476,3,21,506.2266666666667,542.0360560494768,75
476,3,22,391.38666666666666,427.3443587792798,75
476,3,23,204.04054054054055,227.44607084609663,74
476,4,0,69.41891891891892,74.04929078743308,74
476,4,1,27.893333333333334,29.62325775834539,75
476,4,2,15.96,16.542546552358907,75
476,4,3,10.81081081081081,11.590405595978638,74
476,4,4,19.026666666666667,17.244452082633426,75
476,4,5,74.18666666666667,73.28743014889801,75
476,4,6,310.93333333333334,317.78830666037186,75
476,4,7,972.1466666666666,980.2808084234077,75
476,4,8,1829.6133333333332,1831.321602694368,75
476,4,9,1200.6933333333334,1197.664997397752,75
476,4,10,787.2266666666667,824.5228058452406,75
476,4,11,764.1333333333333,793.7573512759941,75
476,4,12,798.64,785.1432533653399,75
476,4,13,834.0933333333334,855.5036899621908,75
476,4,14,967.5466666666666,927.5076542554312,75
476,4,15,1331.5866666666666,1257.6521168946879,75
476,4,16,1574.1866666666667,1523.0518313737205,75
476,4,17,1873.84,1820.2663920323175,75
476,4,18,1841.0933333333332,1810.6384546255758,75
476,4,19,1264.1466666666668,1074.6466393393152,75
476,4,20,838.2533333333333,693.0110395981844,75
476,4,21,670.88,574.3779583430388,75
476,4,22,557.6,495.9364894493001,75
476,4,23,376.70666666666665,308.7675006961983,75
476,5,0,147.88,139.2411008760933,75
476,5,1,57.346666666666664,58.972202446837194,75
476,5,2,29.04,27.88822442631077,75
476,5,3,17.44,16.78387342479845,75
476,5,4,19.2,18.778127806176045,75
476,5,5,37.72,40.12031056169746,75
476,5,6,102.29333333333334,101.37226232294485,75
476,5,7,221.36,222.5967532992483,75
476,5,8,420.14666666666665,418.9888306300752,75
476,5,9,637.84,633.1906284922043,75
476,5,10,860.44,886.2066835292185,75
476,5,11,1086.2133333333334,1097.293182591843,75
476,5,12,1212.84,1188.878308738625,75
476,5,13,1306.84,1212.300998676754,75
476,5,14,1145.7733333333333,1109.848434426784,75
476,5,15,1142.1866666666667,1086.805419726749,75
476,5,16,1181.6266666666668,1157.6343610869778,75
476,5,17,1325.5333333333333,1322.4269070319656,75
476,5,18,1381.8933333333334,1349.3068827029144,75
476,5,19,1172.08,1117.9767668490883,75
476,5,20,767.76,759.7657758693235,75
476,5,21,634.0133333333333,632.9319151848351,75
476,5,22,554.64,550.8734977113425,75
476,5,23,366.14666666666665,323.27459006652236,75
476,6,0,145.30666666666667,143.9755601759578,75
476,6,1,62.46666666666667,60.177091308821566,75
476,6,2,29.33783783783784,27.750254097655098,74
476,6,3,16.866666666666667,16.683461004434367,75
476,6,4,18.573333333333334,18.639783995109166,75
476,6,5,28.586666666666666,30.098249183547164,75
476,6,6,75.8,75.11283273308678,75
476,6,7,160.01333333333332,160.25522475075627,75
476,6,8,305.16,304.9147985937427,75
476,6,9,519.88,515.8144762721774,75
476,6,10,736.8666666666667,746.6441264395161,75
476,6,11,927.2,930.8116839014714,75
476,6,12,1061.0133333333333,1002.7861874185787,75
476,6,13,1056.0266666666666,1000.748084156847,75
476,6,14,1007.0133333333333,955.7274781091637,75
476,6,15,904.2666666666667,892.2276878273087,75
476,6,16,912.72,906.7296953468841,75
476,6,17,938.2266666666667,941.9938409821232,75
476,6,18,793.4666666666667,794.692677178527,75
476,6,19,540.7333333333333,563.984492643413,75
476,6,20,408.25333333333333,404.64132361642123,75
476,6,21,352.82666666666665,347.9849368717917,75
476,6,22,307.94666666666666,304.6357609603254,75
476,6,23,144.54666666666665,148.15289500580923,75
477,0,0,67.53333333333333,67.51317355770023,75
477,0,1,18.4,21.186155427175077,75
477,0,2,9.293333333333333,11.511881822625556,75
477,0,3,8.693333333333333,9.459513352384244,75
477,0,4,13.306666666666667,13.44466246742188,75
477,0,5,49.89333333333333,50.82790847741758,75
477,0,6,253.92,260.4646184193392,75
477,0,7,991.5066666666667,997.2980810699727,75
477,0,8,2099.266666666667,2074.375841292021,75
477,0,9,1204.4533333333334,1163.0357148089233,75
477,0,10,757.36,757.084228574742,75
477,0,11,757.56,751.9685143923879,75
477,0,12,801.24,809.9373259509524,75
477,0,13,915.7466666666667,905.5310135341323,75
477,0,14,1241.8133333333333,1217.4463178770882,75
477,0,15,1893.7866666666666,1863.3348541567102,75
477,0,16,2558.213333333333,2533.9429212709474,75
477,0,17,2940.52,2924.186789858975,75
477,0,18,2025.76,2045.9047494040014,75
477,0,19,1261.7066666666667,1227.7553104098915,75
477,0,20,804.7066666666667,780.7571989802437,75
477,0,21,505.04,500.4540710496857,75
477,0,22,390.04,378.8105634571464,75
477,0,23,257.61333333333334,252.73961647946408,75
477,1,0,83.21333333333334,84.59477521224348,75
477,1,1,22.266666666666666,22.441955898796092,75
477,1,2,12.906666666666666,12.784364783024197,75
477,1,3,10.4,10.496201384064253,75
477,1,4,15.093333333333334,14.605132778823315,75
477,1,5,60.18666666666667,55.523676747682515,75
477,1,6,318.08,300.59977334470733,75
477,1,7,1261.9466666666667,1250.0996353630371,75
477,1,8,2924.24,2913.0720597483705,75
477,1,9,1652.5466666666666,1639.651643777556,75
477,1,10,901.24,869.1536115379462,75
477,1,11,833.3733333333333,834.2051843434166,75
477,1,12,894.3066666666666,905.1882419683515,75
477,1,13,997.4,988.5702315303602,75
477,1,14,1340.6,1369.0877136784868,75
477,1,15,2110.4933333333333,2101.862371984649,75
477,1,16,2909.9866666666667,2886.690143495145,75
477,1,17,3386.866666666667,3374.181970982387,75
477,1,18,2401.6266666666666,2439.8244859261526,75
477,1,19,1418.5466666666666,1414.0637512977814,75
477,1,20,904.0266666666666,957.7620112612618,75
477,1,21,583.04,621.1177490736346,75
477,1,22,423.70666666666665,466.6102214872374,75
477,1,23,274.93333333333334,291.36812361616643,75
477,2,0,94.36842105263158,95.8080263201806,76
477,2,1,26.723684210526315,28.077225640380895,76
477,2,2,14.56578947368421,14.020689543041478,76
477,2,3,12.986842105263158,11.052784524318154,76
477,2,4,14.5,14.779511338796405,76
477,2,5,57.671052631578945,54.94179410719415,76
477,2,6,316.7368421052632,297.03066817438435,76
477,2,7,1241.078947368421,1234.0545739286638,76
477,2,8,2865.8947368421054,2856.7686522507634,76
477,2,9,1642.4473684210527,1617.5488947660504,76
477,2,10,912.921052631579,861.4660478284495,76
477,2,11,877.4868421052631,833.5013844867158,76
477,2,12,945.6447368421053,914.3767203798674,76
477,2,13,1075.7368421052631,1012.6470023149282,76
477,2,14,1369.9342105263158,1373.386209122298,76
477,2,15,2108.3947368421054,2087.9886924545003,76
477,2,16,2850.4473684210525,2842.009151935215,76
477,2,17,3285.157894736842,3305.2085756061097,76
477,2,18,2344.3552631578946,2384.984887528989,76
477,2,19,1447.1184210526317,1443.9828989304456,76
477,2,20,919.078947368421,954.557967085534,76
477,2,21,598.6184210526316,622.6797921704101,76
477,2,22,433.07894736842104,470.4871870128074,76
477,2,23,287.80263157894734,297.16736153169967,76
477,3,0,100.22666666666667,99.17380459889051,75
477,3,1,28.24,28.57266949689653,75
477,3,2,13.973333333333333,14.085574344139577,75
477,3,3,12.14864864864865,11.05875252337348,74
477,3,4,15.253333333333334,15.30707334830008,75
477,3,5,56.46666666666667,53.52097708364467,75
477,3,6,293.6933333333333,288.2983358599362,75
477,3,7,1159.4933333333333,1191.5401604407105,75
477,3,8,2644.6,2660.1281640147376,75
477,3,9,1570.04,1551.7762762527348,75
477,3,10,889.4533333333334,851.7565213086075,75
477,3,11,850.7866666666666,828.9016110212208,75
477,3,12,911.3066666666666,907.1849770049041,75
477,3,13,1018.2933333333333,1009.294855013669,75
477,3,14,1347.4266666666667,1364.0571047771366,75
477,3,15,2052.6666666666665,2047.8357476891263,75
477,3,16,2795.6,2800.302948898645,75
477,3,17,3257.88,3214.518738591939,75
477,3,18,2393.9333333333334,2377.0028418517836,75
477,3,19,1465.8,1457.6672037528915,75
477,3,20,956.2266666666667,951.1014467131166,75
477,3,21,629.5333333333333,637.5225610688178,75
477,3,22,462.85333333333335,480.37974373615447,75
477,3,23,305.37333333333333,309.20179970282044,75
477,4,0,109.32,109.16587732170072,75
477,4,1,29.52,30.930769638524307,75
477,4,2,14.453333333333333,15.674909952479165,75
477,4,3,14.266666666666667,13.499237393797948,75
477,4,4,15.933333333333334,15.902790725839408,75
477,4,5,55.13333333333333,52.17971798600928,75
477,4,6,247.52,255.0351709223223,75
477,4,7,848.28,845.0946618904871,75
477,4,8,1467.72,1470.7369190544757,75
477,4,9,990.1466666666666,997.115723470581,75
477,4,10,772.8933333333333,839.2440367154963,75
477,4,11,835.5333333333333,824.8486260128728,75
477,4,12,953.9733333333334,918.9546361627051,75
477,4,13,1062.12,1057.0220544362126,75
477,4,14,1423.48,1395.9250141260013,75
477,4,15,2100.133333333333,2075.732540443062,75
477,4,16,2631.9066666666668,2629.1707101220013,75
477,4,17,2918.2933333333335,2957.845203693878,75
477,4,18,2279.9733333333334,2279.350030792634,75
477,4,19,1578.7333333333333,1553.7916516391629,75
477,4,20,1050.4133333333334,986.7274739282012,75
477,4,21,697.36,669.9280816025167,75
477,4,22,561.4666666666667,492.5183600393173,75
477,4,23,429.5466666666667,376.49974860951374,75
477,5,0,169.73333333333332,165.2439239188842,75
477,5,1,55.4,49.69483750081874,75
477,5,2,23.8,23.95235624675644,75
477,5,3,13.906666666666666,13.71400983112585,75
477,5,4,15.324324324324325,15.009935087343596,74
477,5,5,33.21333333333333,34.572134371771874,75
477,5,6,101.04,123.8916452935363,75
477,5,7,316.6,318.26814279259105,75
477,5,8,468.29333333333335,464.6340729037466,75
477,5,9,522.56,520.3629442584362,75
477,5,10,680.0533333333333,706.6528426745117,75
477,5,11,846.6666666666666,827.3726399658907,75
477,5,12,976.0933333333334,965.552470099977,75
477,5,13,1082.3466666666666,1020.4685071984164,75
477,5,14,1022.9333333333333,1017.9268746676717,75
477,5,15,1099.28,1112.6999620126485,75
477,5,16,1136.8133333333333,1144.5686917928242,75
477,5,17,1136.8,1152.8184537598274,75
477,5,18,1177.4266666666667,1160.5854740757097,75
477,5,19,1107.08,1092.9839637668383,75
477,5,20,757.48,762.5710328220046,75
477,5,21,540.9333333333333,537.1405934238501,75
477,5,22,457.3333333333333,428.91078731874705,75
477,5,23,339.18666666666667,337.3092252378345,75
477,6,0,147.6,153.3090207032602,75
477,6,1,47.666666666666664,48.239873290947735,75
477,6,2,21.58108108108108,22.864126726142032,74
477,6,3,12.906666666666666,13.118856193687453,75
477,6,4,11.306666666666667,12.526609296889783,75
477,6,5,22.52,25.34755556578556,75
477,6,6,75.2,75.23743013462816,75
477,6,7,244.77333333333334,245.36994582897427,75
477,6,8,363.46666666666664,360.9274199328768,75
477,6,9,410.70666666666665,410.1959786371181,75
477,6,10,567.7733333333333,571.842806459253,75
477,6,11,707.2666666666667,710.7390224741056,75
477,6,12,828.2133333333334,796.555387189454,75
477,6,13,848.6133333333333,812.6208712467261,75
477,6,14,832.1733333333333,833.1419769003871,75
477,6,15,836.2,840.2990154585178,75
477,6,16,874.2666666666667,876.8428175496215,75
477,6,17,801.7733333333333,800.8009730177623,75
477,6,18,764.3333333333334,773.5610712190562,75
477,6,19,603.8,603.5959518081895,75
477,6,20,494.7866666666667,490.71903476576455,75
477,6,21,333.7866666666667,329.21213631808047,75
477,6,22,291.2,292.0502264374178,75
477,6,23,174.92,177.44198834664425,75
601,0,0,254.30666666666667,247.07147795650042,75
601,0,1,99.26666666666667,98.05172424389713,75
601,0,2,57.10666666666667,55.9978482545482,75
601,0,3,34.68,33.38944291361619,75
601,0,4,35.85333333333333,34.07282997113031,75
601,0,5,80.17333333333333,81.13322075229384,75
601,0,6,369.61333333333334,375.47354490842525,75
601,0,7,948.8533333333334,931.4005566080301,75
601,0,8,1860.2,1809.2117363860361,75
601,0,9,1401.2666666666667,1396.0784993467505,75
601,0,10,949.4133333333333,949.6453784160173,75
601,0,11,1025.8666666666666,1061.5346467000168,75
601,0,12,1196.9333333333334,1197.8618849662546,75
601,0,13,1407.1866666666667,1417.4470167899708,75
601,0,14,1809.88,1780.2941024217323,75
601,0,15,2428.08,2417.4378041926866,75
601,0,16,2819.1466666666665,2791.011096019708,75
601,0,17,3329.733333333333,3305.4451314717558,75
601,0,18,2919.266666666667,2924.157632180515,75
601,0,19,2050.7733333333335,2056.676117967713,75
601,0,20,1677.0266666666666,1657.3987307570794,75
601,0,21,1410.4533333333334,1387.8889082541482,75
601,0,22,975.3333333333334,968.4271719664193,75
601,0,23,597.9333333333333,574.0282037569415,75
601,1,0,268.7733333333333,254.35874053980524,75
601,1,1,94.58666666666667,100.941623221282,75
601,1,2,52.093333333333334,55.4458190892674,75
601,1,3,34.45333333333333,33.3098279235394,75
601,1,4,32.54666666666667,32.48053038562296,75
601,1,5,95.4,97.96447655327255,75
601,1,6,435.70666666666665,425.778109704158,75
601,1,7,1124.6266666666668,1096.8798432463727,75
601,1,8,2417.12,2336.1568254647154,75
601,1,9,1808.8266666666666,1802.2778009861315,75
601,1,10,1124.84,1108.3807645427528,75
601,1,11,1133.0266666666666,1209.7669999549842,75
601,1,12,1300.2266666666667,1309.9282627438931,75
601,1,13,1525.88,1574.1585354566819,75
601,1,14,2017.8266666666666,1991.9780840986768,75
601,1,15,2680.7733333333335,2667.172463648247,75
601,1,16,3172.1066666666666,3163.293612282931,75
601,1,17,4101.36,4021.7555818937053,75
601,1,18,3673.8133333333335,3686.796068756228,75
601,1,19,2503.8,2559.3414556389166,75
601,1,20,2073.4666666666667,2064.5340092666197,75
601,1,21,1753.8933333333334,1792.6155651938077,75
601,1,22,1238.5066666666667,1256.8413404230969,75
601,1,23,695.0,781.1838002974,75
601,2,0,322.4605263157895,315.7918565941589,76
601,2,1,114.65789473684211,118.3734971351817,76
601,2,2,64.67105263157895,67.22900811883324,76
601,2,3,40.43421052631579,40.66243351974992,76
601,2,4,37.53947368421053,35.91063405863694,76
601,2,5,98.48684210526316,98.52320516748266,76
601,2,6,430.4342105263158,422.16897291263615,76
601,2,7,1086.2368421052631,1081.1468104403116,76
601,2,8,2342.3815789473683,2301.072750784728,76
601,2,9,1810.5657894736842,1781.719036229602,76
601,2,10,1125.1973684210527,1106.2938832664095,76
601,2,11,1175.4605263157894,1217.6501692105498,76
601,2,12,1380.2368421052631,1371.844713108485,76
601,2,13,1623.7894736842106,1597.3942867505307,76
601,2,14,2048.4473684210525,2021.1719286226419,76
601,2,15,2631.934210526316,2672.3028776819165,76
601,2,16,3174.8815789473683,3143.0663505391935,76
601,2,17,4096.644736842105,3973.649415317622,76
601,2,18,3642.9210526315787,3646.588891430543,76
601,2,19,2564.5131578947367,2568.0079156845036,76
601,2,20,2138.4736842105262,2085.636876333635,76
601,2,21,1802.171052631579,1786.2485561183657,76
601,2,22,1321.1184210526317,1336.896548360508,76
601,2,23,779.7236842105264,818.8984025364015,76
601,3,0,371.68,350.72957086106936,75
601,3,1,137.09333333333333,135.0706417942379,75
601,3,2,77.25333333333333,71.52527480373664,75
601,3,3,47.18666666666667,44.29748856881742,75
601,3,4,42.733333333333334,41.3704732031306,75
601,3,5,99.69333333333333,97.64735378211681,75
601,3,6,409.02666666666664,412.6140161785657,75
601,3,7,1043.9466666666667,1048.134636658905,75
601,3,8,2173.28,2196.868351433483,75
601,3,9,1720.2933333333333,1735.9936943819625,75
601,3,10,1119.1333333333334,1092.6422584374743,75
601,3,11,1166.36,1214.760909900126,75
601,3,12,1343.3466666666666,1361.6520464090704,75
601,3,13,1543.6133333333332,1569.6678704495564,75
601,3,14,1993.8666666666666,2084.3863303542103,75
601,3,15,2671.24,2642.7496094761295,75
601,3,16,3141.6133333333332,3107.4512417971955,75
601,3,17,3952.2933333333335,3917.3056177228823,75
601,3,18,3653.4266666666667,3609.0210630667325,75
601,3,19,2623.8533333333335,2551.307957758521,75
601,3,20,2179.213333333333,2081.6889954889803,75
601,3,21,1848.0666666666666,1769.1124617146002,75
601,3,22,1433.0666666666666,1387.1122319420065,75
601,3,23,901.6,908.0374171781247,75
601,4,0,456.36,443.77812043081036,75
601,4,1,181.22666666666666,181.00741328323633,75
601,4,2,98.96,97.50411017704246,75
601,4,3,61.586666666666666,61.53834352225236,75
601,4,4,47.586666666666666,46.034814378800036,75
601,4,5,91.24,93.7813714840034,75
601,4,6,359.88,356.10894526761183,75
601,4,7,827.4666666666667,821.2961903866847,75
601,4,8,1386.32,1377.893500326838,75
601,4,9,1199.4666666666667,1198.966089447377,75
601,4,10,1047.1866666666667,1071.8750193287444,75
601,4,11,1209.3866666666668,1230.0243043675769,75
601,4,12,1446.2133333333334,1443.3651196526314,75
601,4,13,1719.9466666666667,1735.0912851582907,75
601,4,14,2238.4533333333334,2171.6809111606776,75
601,4,15,2840.9466666666667,2736.3198910876945,75
601,4,16,3058.5866666666666,3106.530190621907,75
601,4,17,3305.7466666666664,3280.6548865236878,75
601,4,18,3158.52,3138.7326342922674,75
601,4,19,2604.133333333333,2536.1212391073336,75
601,4,20,2201.8933333333334,2134.531928893407,75
601,4,21,1956.16,1832.5305268261993,75
601,4,22,1758.64,1661.4867275279516,75
601,4,23,1387.1466666666668,1221.1105383491515,75
601,5,0,863.92,830.0319060726707,75
601,5,1,425.7733333333333,407.7999209074882,75
601,5,2,236.14666666666668,234.7882378119788,75
601,5,3,134.54666666666665,132.61390598450404,75
601,5,4,88.34666666666666,89.37096462182762,75
601,5,5,73.04,71.43538955465802,75
601,5,6,164.57333333333332,160.84754674366474,75
601,5,7,227.62666666666667,224.50222691045022,75
601,5,8,368.8933333333333,366.23168944724847,75
601,5,9,593.44,586.152269933717,75
601,5,10,921.3066666666666,898.7214564527047,75
601,5,11,1301.1733333333334,1268.449459206622,75
601,5,12,1764.4266666666667,1748.7530016463513,75
601,5,13,2113.24,2028.6058983975327,75
601,5,14,2280.7733333333335,2258.1405953402127,75
601,5,15,2485.28,2518.364665601728,75
601,5,16,2613.7733333333335,2662.604712819359,75
601,5,17,2565.6266666666666,2640.8137559348106,75
601,5,18,2503.3333333333335,2610.826988894758,75
601,5,19,2262.5333333333333,2252.186629802039,75
601,5,20,1790.8666666666666,1803.886208962827,75
601,5,21,1637.12,1677.4903193769387,75
601,5,22,1507.0533333333333,1484.8188647830968,75
601,5,23,1260.96,1217.6599296565976,75
601,6,0,778.56,793.9921712784004,75
601,6,1,418.7866666666667,407.43034985499185,75
601,6,2,230.04054054054055,234.53499128050754,74
601,6,3,144.88,131.19988649721287,75
601,6,4,99.89333333333333,94.75355183039314,75
601,6,5,74.57333333333334,71.37639836486518,75
601,6,6,138.46666666666667,135.9410459479899,75
601,6,7,187.06666666666666,184.28147247125997,75
601,6,8,275.5466666666667,272.106627795263,75
601,6,9,470.56,460.8968857434169,75
601,6,10,771.2533333333333,764.9908594352851,75
601,6,11,1176.84,1171.8833560920507,75
601,6,12,1467.88,1467.138013638374,75
601,6,13,1729.5733333333333,1656.4690366572288,75
601,6,14,1878.1333333333334,1810.8183037262781,75
601,6,15,1961.92,1955.1418559666738,75
601,6,16,2030.8,1994.9462259126133,75
601,6,17,1944.36,1953.4972242645574,75
601,6,18,1824.32,1855.725397056337,75
601,6,19,1465.0133333333333,1460.3983259766908,75
601,6,20,1249.5066666666667,1204.5705185788156,75
601,6,21,1080.7466666666667,1072.179531899143,75
601,6,22,859.9066666666666,844.0830881574387,75
601,6,23,537.5466666666666,531.2100120161546,75
602,0,0,525.36,525.3894577186809,75
602,0,1,199.94666666666666,201.48750618844903,75
602,0,2,103.33333333333333,103.12835848459376,75
602,0,3,65.98666666666666,67.46827431699674,75
602,0,4,76.17333333333333,76.30045261179848,75
602,0,5,176.36,177.07835668059943,75
602,0,6,509.85333333333335,526.7022800842568,75
602,0,7,1564.7866666666666,1567.3674278669855,75
602,0,8,2939.7066666666665,2933.081963893776,75
602,0,9,2184.8533333333335,2178.247472669366,75
602,0,10,1787.1066666666666,1779.5982814680544,75
602,0,11,2095.52,2090.4383395899276,75
602,0,12,2560.0,2560.6346856318296,75
602,0,13,3085.306666666667,3092.425972986055,75
602,0,14,4142.2,4147.669941423104,75
602,0,15,5814.52,5834.693381237058,75
602,0,16,6568.76,6549.406695839824,75
602,0,17,7717.866666666667,7688.239334789825,75
602,0,18,6630.066666666667,6597.068213847571,75
602,0,19,4760.32,4689.133106026012,75
602,0,20,3914.2933333333335,3898.5531862336056,75
602,0,21,3181.4533333333334,3167.4077957611794,75
602,0,22,2327.6266666666666,2334.955782625733,75
602,0,23,1376.0266666666666,1366.3409994846782,75
602,1,0,630.6533333333333,627.2566734543669,75
602,1,1,209.18666666666667,209.00616287162381,75
602,1,2,108.18666666666667,106.76395964685199,75
602,1,3,70.93333333333334,72.94537343292869,75
602,1,4,76.30666666666667,75.77325083491873,75
602,1,5,196.45333333333335,196.47545704779432,75
602,1,6,598.2933333333333,593.0599906542066,75
602,1,7,1860.7333333333333,1829.4067047812048,75
602,1,8,3818.1066666666666,3800.6967333112875,75
602,1,9,2824.0266666666666,2843.126228889855,75
602,1,10,2029.3333333333333,2040.84448429222,75
602,1,11,2304.693333333333,2353.710720329432,75
602,1,12,2780.16,2772.6887520603377,75
602,1,13,3331.0266666666666,3343.0329388652362,75
602,1,14,4533.546666666667,4546.694501255906,75
602,1,15,6450.986666666667,6475.319063738804,75
602,1,16,7642.8133333333335,7596.433423428254,75
602,1,17,9717.026666666667,9658.80905795603,75
602,1,18,8370.306666666667,8166.982362278996,75
602,1,19,5841.8533333333335,5787.958583179504,75
602,1,20,4902.64,4900.0318375964525,75
602,1,21,4051.346666666667,4064.057676594441,75
602,1,22,2896.4133333333334,2913.707142940213,75
602,1,23,1614.3066666666666,1677.6978964877876,75
602,2,0,750.0657894736842,746.9222258356457,76
602,2,1,273.8157894736842,271.47946073196493,76
602,2,2,143.10526315789474,140.55392751331294,76
602,2,3,81.36842105263158,80.40476454172806,76
602,2,4,88.5,85.70577958653892,76
602,2,5,199.9078947368421,196.48315559395357,76
602,2,6,590.6447368421053,587.2154551194593,76
602,2,7,1816.1973684210527,1808.0674839336884,76
602,2,8,3753.0131578947367,3745.7019876413165,76
602,2,9,2905.0394736842104,2875.351329177306,76
602,2,10,2160.592105263158,2066.365932339462,76
602,2,11,2483.2236842105262,2436.3475830713446,76
602,2,12,3056.434210526316,3041.460526335472,76
602,2,13,3648.3552631578946,3599.6407490536817,76
602,2,14,4724.828947368421,4718.942826465475,76
602,2,15,6487.0526315789475,6487.343766340963,76
602,2,16,7619.644736842105,7543.423960413574,76
602,2,17,9546.723684210527,9503.206775854647,76
602,2,18,8183.368421052632,8058.403428651573,76
602,2,19,5801.473684210527,5722.553207490115,76
602,2,20,4831.5921052631575,4844.252072525517,76
602,2,21,4067.9605263157896,4058.3561064945825,76
602,2,22,3004.0,3009.0324037516434,76
602,2,23,1785.2368421052631,1814.6192649756704,76
602,3,0,767.7466666666667,760.287708404687,75
602,3,1,278.92,279.5685551126697,75
602,3,2,138.42666666666668,140.67079888730302,75
602,3,3,82.14666666666666,81.06933024596569,75
602,3,4,78.29333333333334,79.10395558405862,75
602,3,5,193.14666666666668,192.77910385336781,75
602,3,6,561.64,570.6572401840091,75
602,3,7,1725.08,1758.1854149247301,75
602,3,8,3426.2933333333335,3415.423287457439,75
602,3,9,2675.36,2690.1090983682225,75
602,3,10,2043.1333333333334,2013.3396499267624,75
602,3,11,2366.5866666666666,2393.7093332754935,75
602,3,12,2865.24,2882.900232626054,75
602,3,13,3383.4133333333334,3411.1971768043377,75
602,3,14,4495.293333333333,4519.723732826068,75
602,3,15,6340.76,6347.478827364212,75
602,3,16,7353.1466666666665,7389.206505515307,75
602,3,17,9043.4,9090.413187141594,75
602,3,18,7862.96,7890.754319302285,75
602,3,19,5750.693333333334,5644.72870901042,75
602,3,20,4869.493333333333,4795.902078634589,75
602,3,21,4107.893333333333,4022.1601863487554,75
602,3,22,3209.5333333333333,3149.9617238751416,75
602,3,23,1999.2933333333333,2000.1887554669997,75
602,4,0,907.3866666666667,908.2386146525206,75
602,4,1,341.8,343.9436490659713,75
602,4,2,173.62666666666667,176.2949670845378,75
602,4,3,104.94666666666667,102.2240038235728,75
602,4,4,111.93333333333334,110.36906306157941,75
602,4,5,181.33333333333334,191.2717229509858,75
602,4,6,493.97333333333336,504.5639759888624,75
602,4,7,1372.56,1400.5935848929917,75
602,4,8,2252.0533333333333,2278.785871753764,75
602,4,9,2032.4133333333334,2056.5903215851667,75
602,4,10,2034.92,2029.8401062030946,75
602,4,11,2524.0533333333333,2453.0435999001015,75
602,4,12,3110.6666666666665,3094.8148001788745,75
602,4,13,3803.68,3829.5500296153887,75
602,4,14,5089.506666666667,5070.3231093782015,75
602,4,15,6557.826666666667,6531.461441240433,75
602,4,16,7017.733333333334,7034.502736974523,75
602,4,17,7312.1866666666665,7283.335337436081,75
602,4,18,6448.613333333334,6557.695598773316,75
602,4,19,5080.293333333333,5068.207405213674,75
602,4,20,4350.933333333333,4316.777744833467,75
602,4,21,3986.9066666666668,3947.804435054987,75
602,4,22,3542.08,3496.234000177897,75
602,4,23,2733.0133333333333,2549.1672364182214,75
602,5,0,1659.8533333333332,1638.6905993422556,75
602,5,1,779.48,766.945063031814,75
602,5,2,392.62666666666667,386.1268926721922,75
602,5,3,225.53333333333333,230.73675909917904,75
602,5,4,170.12,169.5466546106359,75
602,5,5,141.70666666666668,144.6424810065566,75
602,5,6,251.57333333333332,249.56253667763434,75
602,5,7,427.85333333333335,427.7115104609054,75
602,5,8,698.9733333333334,703.5776874874874,75
602,5,9,1084.1733333333334,1090.1495593845723,75
602,5,10,1707.9333333333334,1716.8429799862781,75
602,5,11,2484.4666666666667,2484.4955576480356,75
602,5,12,3389.733333333333,3365.935127450257,75
602,5,13,4204.493333333333,4202.145734981027,75
602,5,14,4718.466666666666,4700.309151588204,75
602,5,15,5318.32,5312.740294672822,75
602,5,16,5484.333333333333,5340.145049251184,75
602,5,17,5187.8533333333335,5176.058669197021,75
602,5,18,4904.1866666666665,4999.598770123703,75
602,5,19,4359.84,4385.960995738973,75
602,5,20,3593.56,3605.568507069832,75
602,5,21,3285.0,3308.8735488979505,75
602,5,22,2959.0533333333333,2961.214411829151,75
602,5,23,2384.72,2425.7172647202656,75
602,6,0,1448.2666666666667,1483.1122216545052,75
602,6,1,719.44,731.5885723559134,75
602,6,2,369.31081081081084,373.82812686033157,74
602,6,3,234.24,233.15377820154677,75
602,6,4,173.96,172.98157985060564,75
602,6,5,135.21333333333334,137.3213703950752,75
602,6,6,202.16,206.4500000351584,75
602,6,7,356.52,357.17513911766366,75
602,6,8,492.24,498.34580475155417,75
602,6,9,719.56,737.3797898490399,75
602,6,10,1191.8666666666666,1207.4493640090348,75
602,6,11,1792.6133333333332,1801.5117255200912,75
602,6,12,2499.5733333333333,2531.9146307931023,75
602,6,13,3111.84,3111.91153094385,75
602,6,14,3641.68,3639.068630874357,75
602,6,15,3982.4133333333334,4003.7258244794125,75
602,6,16,4173.4,4098.105784524924,75
602,6,17,4003.0666666666666,4015.013920696806,75
602,6,18,3801.24,3856.9243010103437,75
602,6,19,3250.0666666666666,3253.7845227522453,75
602,6,20,2736.8533333333335,2732.4843647189673,75
602,6,21,2337.5733333333333,2339.5629338719664,75
602,6,22,1900.0933333333332,1908.1179680619866,75
602,6,23,1100.64,1082.8321252774037,75
605,0,0,64.30666666666667,62.642051363273154,75
605,0,1,22.56,23.56764331504103,75
605,0,2,23.026666666666667,23.85377304596662,75
605,0,3,30.773333333333333,30.71992917793783,75
605,0,4,95.04,94.11249443134217,75
605,0,5,218.78666666666666,221.1053974988489,75
605,0,6,442.61333333333334,455.1261251422999,75
605,0,7,1055.6,1071.5479728967919,75
605,0,8,1081.4133333333334,1085.192221239693,75
605,0,9,696.5866666666667,711.5819534399393,75
605,0,10,630.72,628.3383508585925,75
605,0,11,641.24,660.8525863550755,75
605,0,12,684.4666666666667,675.160197624059,75
605,0,13,779.8133333333334,774.3595506817588,75
605,0,14,1053.4,1055.3644305943142,75
605,0,15,1456.12,1415.8534111701942,75
605,0,16,1921.2933333333333,1933.7730544864805,75
605,0,17,2002.6133333333332,1984.024314028339,75
605,0,18,1035.16,1029.0038090254197,75
605,0,19,744.8666666666667,716.0428578847279,75
605,0,20,433.8666666666667,418.6567199218144,75
605,0,21,229.93333333333334,234.26427876813537,75
605,0,22,194.77333333333334,193.99994417459237,75
605,0,23,172.17333333333335,168.00208561798533,75
605,1,0,76.64,76.62536712565702,75
605,1,1,26.106666666666666,26.1826567062284,75
605,1,2,24.12,24.00602586684556,75
605,1,3,34.70666666666666,33.86849986505344,75
605,1,4,101.54666666666667,100.75529400911574,75
605,1,5,253.72,247.17987995527287,75
605,1,6,504.81333333333333,502.5701160270085,75
605,1,7,1197.4533333333334,1217.5456150105292,75
605,1,8,1293.12,1283.8238777659528,75
605,1,9,805.28,809.0734065590775,75
605,1,10,679.4266666666666,709.9132650664484,75
605,1,11,722.1866666666666,724.7545498317428,75
605,1,12,736.0,740.4815227258566,75
605,1,13,831.3733333333333,869.8840572399567,75
605,1,14,1160.7733333333333,1171.5314331567458,75
605,1,15,1605.7733333333333,1597.5909991957428,75
605,1,16,2230.84,2251.767031416812,75
605,1,17,2446.866666666667,2425.207208118831,75
605,1,18,1252.32,1181.1361868348358,75
605,1,19,848.8,856.7364437625869,75
605,1,20,462.49333333333334,470.9467452026984,75
605,1,21,254.90666666666667,279.68626523155365,75
605,1,22,203.6,212.889664213957,75
605,1,23,190.06666666666666,183.2300565364954,75
605,2,0,85.30263157894737,80.50334747552556,76
605,2,1,30.657894736842106,30.319994078602985,76
605,2,2,26.789473684210527,25.563115777403635,76
605,2,3,35.223684210526315,34.798792917250566,76
605,2,4,102.65789473684211,100.59612065585843,76
605,2,5,250.6578947368421,244.72491191971298,76
605,2,6,492.89473684210526,496.18297903668173,76
605,2,7,1212.5131578947369,1212.2364641359638,76
605,2,8,1284.3552631578948,1275.3697518909719,76
605,2,9,799.1973684210526,798.5401857346144,76
605,2,10,676.0921052631579,706.4970195320167,76
605,2,11,724.5263157894736,722.6614524852492,76
605,2,12,763.7631578947369,746.634201766305,76
605,2,13,838.25,865.8308197119992,76
605,2,14,1150.9736842105262,1164.91409109594,76
605,2,15,1607.921052631579,1582.5626442628693,76
605,2,16,2182.1184210526317,2218.54354965735,76
605,2,17,2302.5131578947367,2374.382896874261,76
605,2,18,1196.6447368421052,1167.1148759557123,76
605,2,19,845.9473684210526,851.2620996856916,76
605,2,20,476.63157894736844,474.0354093051926,76
605,2,21,248.53947368421052,281.25985379397645,76
605,2,22,205.32894736842104,213.40025697477364,76
605,2,23,191.47368421052633,184.0943847297581,76
605,3,0,82.56,79.9398168423454,75
605,3,1,29.64,30.45271166347468,75
605,3,2,25.2,25.50411427158485,75
605,3,3,34.906666666666666,34.641919737778814,75
605,3,4,100.02666666666667,100.32491674067703,75
605,3,5,237.89333333333335,240.11958738670015,75
605,3,6,468.0933333333333,484.86338671236456,75
605,3,7,1161.9466666666667,1183.8851689085604,75
605,3,8,1222.1066666666666,1237.463456519938,75
605,3,9,776.76,784.3217243934163,75
605,3,10,669.64,700.0524490280014,75
605,3,11,715.0533333333333,718.9395757984829,75
605,3,12,741.84,744.2068417617428,75
605,3,13,837.6266666666667,854.437533750698,75
605,3,14,1139.3733333333332,1151.3951906159057,75
605,3,15,1577.16,1553.5001386453096,75
605,3,16,2105.72,2159.6170042652016,75
605,3,17,2288.3333333333335,2279.9918214707327,75
605,3,18,1217.1866666666667,1154.2034622192782,75
605,3,19,825.88,827.3220037160787,75
605,3,20,478.7866666666667,477.5910497207287,75
605,3,21,258.37333333333333,282.7928165767092,75
605,3,22,221.30666666666667,221.52690507875798,75
605,3,23,196.8,193.69709257439638,75
605,4,0,84.06666666666666,85.03443158116464,75
605,4,1,28.56,28.226417570019336,75
605,4,2,24.973333333333333,25.168167318908917,75
605,4,3,36.346666666666664,33.247032939537014,75
605,4,4,102.37333333333333,99.20234870733906,75
605,4,5,230.4,225.53187083892428,75
605,4,6,450.28,443.97149743424427,75
605,4,7,1082.1333333333334,1073.517545191052,75
605,4,8,1058.3866666666668,1049.574400868653,75
605,4,9,709.9066666666666,716.6757956278851,75
605,4,10,642.4266666666666,709.1931397198617,75
605,4,11,720.1333333333333,736.4315542696814,75
605,4,12,776.3066666666666,774.8497157099076,75
605,4,13,878.84,869.0788349961597,75
605,4,14,1198.72,1158.7561105549828,75
605,4,15,1567.04,1520.6777238455443,75
605,4,16,1929.6666666666667,1914.2977703655774,75
605,4,17,1879.9866666666667,1891.359956592815,75
605,4,18,1121.3066666666666,1155.4170351446921,75
605,4,19,815.24,808.6610929274204,75
605,4,20,491.72,482.89190040095224,75
605,4,21,310.32,288.20121127763235,75
605,4,22,247.94666666666666,246.4901908234028,75
605,4,23,204.88,213.14994207071,75
605,5,0,102.57333333333334,108.1000780664945,75
605,5,1,40.626666666666665,41.8329063956389,75
605,5,2,27.87837837837838,29.65167279431824,74
605,5,3,28.2027027027027,31.108612696234196,74
605,5,4,59.6,59.26856983378318,75
605,5,5,129.02666666666667,127.1792593290116,75
605,5,6,248.09333333333333,247.83776064165863,75
605,5,7,546.1066666666667,550.106714951739,75
605,5,8,581.9466666666667,577.0418938745236,75
605,5,9,587.0133333333333,585.8292577335595,75
605,5,10,635.6666666666666,625.0645361950701,75
605,5,11,719.4133333333333,731.5090284630718,75
605,5,12,759.4133333333333,754.1865724021329,75
605,5,13,774.4666666666667,780.8317531062892,75
605,5,14,786.5466666666666,800.46051539744,75
605,5,15,830.92,855.1970195870142,75
605,5,16,750.7866666666666,789.2730484310598,75
605,5,17,636.8666666666667,699.5221419458512,75
605,5,18,587.84,627.7435694858548,75
605,5,19,574.56,592.7773876485018,75
605,5,20,393.64,401.06129917736337,75
605,5,21,272.4533333333333,262.49457240742294,75
605,5,22,226.56,241.79832145542076,75
605,5,23,184.16,199.41203459048967,75
605,6,0,92.6,93.2521423507892,75
605,6,1,39.093333333333334,41.291472747257146,75
605,6,2,27.2027027027027,29.122993892493486,74
605,6,3,24.093333333333334,28.719072747294117,75
605,6,4,39.906666666666666,40.17276236413132,75
605,6,5,97.12,94.95945541631436,75
605,6,6,176.88,175.38946976636424,75
605,6,7,420.17333333333335,423.4333611681678,75
605,6,8,443.50666666666666,438.17629994990807,75
605,6,9,512.6,508.510122663096,75
605,6,10,561.92,557.1976255470062,75
605,6,11,582.6,578.0632705261887,75
605,6,12,609.6266666666667,609.9258902131571,75
605,6,13,629.9333333333333,629.5278280074483,75
605,6,14,633.4533333333334,637.7998125715199,75
605,6,15,644.9866666666667,647.5965229426783,75
605,6,16,573.28,579.635843162585,75
605,6,17,478.28,511.59591377485594,75
605,6,18,423.48,437.3678957572976,75
605,6,19,416.0133333333333,421.2026112018832,75
605,6,20,271.44,273.3983491728804,75
605,6,21,185.42666666666668,184.93687465150538,75
605,6,22,160.77333333333334,163.50935794732993,75
605,6,23,139.08,133.4279700861821,75
607,0,0,645.5466666666666,647.7051781627054,75
607,0,1,259.38666666666666,262.9007618445914,75
607,0,2,136.30666666666667,135.59360703638492,75
607,0,3,79.48,78.87098961608322,75
607,0,4,102.61333333333333,104.13153222989507,75
607,0,5,340.04,344.4967280340341,75
607,0,6,1216.1066666666666,1222.5396345465354,75
607,0,7,2498.3733333333334,2523.3043870590673,75
607,0,8,3933.0133333333333,3918.2581340020492,75
607,0,9,3292.08,3280.8196152551586,75
607,0,10,2458.08,2429.2347333912217,75
607,0,11,2557.5733333333333,2540.766022417736,75
607,0,12,2854.213333333333,2862.462090456067,75
607,0,13,3203.9866666666667,3182.5249755075506,75
607,0,14,3746.5866666666666,3737.6072253428306,75
607,0,15,4735.44,4693.991425619016,75
607,0,16,6365.133333333333,6361.000420593521,75
607,0,17,9874.64,9803.470468248852,75
607,0,18,7529.08,7507.485440762018,75
607,0,19,4712.24,4703.465435360963,75
607,0,20,3767.5066666666667,3748.9131308597794,75
607,0,21,3147.5733333333333,3129.7196976002656,75
607,0,22,2391.8133333333335,2378.4902795890534,75
607,0,23,1464.8266666666666,1388.1518082832713,75
607,1,0,736.3733333333333,716.5056474540738,75
607,1,1,266.76,262.94421031786607,75
607,1,2,127.32,132.25192955900218,75
607,1,3,79.30666666666667,80.15102975587912,75
607,1,4,113.24,113.07675025216297,75
607,1,5,379.5733333333333,380.66939499573664,75
607,1,6,1408.2533333333333,1392.065966120859,75
607,1,7,2951.8,2937.6725352549865,75
607,1,8,5045.48,5029.363665514885,75
607,1,9,4156.133333333333,4136.863094439543,75
607,1,10,2718.9866666666667,2714.7782593557554,75
607,1,11,2705.2533333333336,2704.35540997657,75
607,1,12,3070.733333333333,3088.8430675053864,75
607,1,13,3434.52,3407.1937204651144,75
607,1,14,3983.2533333333336,4004.7171379884185,75
607,1,15,5124.253333333333,5120.695109506946,75
607,1,16,7305.12,7371.997162488727,75
607,1,17,12305.96,12247.47933861952,75
607,1,18,9444.533333333333,9434.689015068254,75
607,1,19,5642.133333333333,5753.83254405923,75
607,1,20,4425.88,4442.0902173035765,75
607,1,21,3637.6133333333332,3766.207912050157,75
607,1,22,2726.5866666666666,2797.064356587418,75
607,1,23,1595.96,1618.2590006267787,75
607,2,0,825.1578947368421,824.6745059901206,76
607,2,1,331.30263157894734,330.7796383882813,76
607,2,2,160.46052631578948,163.59255642015754,76
607,2,3,88.28947368421052,94.10933582006497,76
607,2,4,119.47368421052632,119.38412621259029,76
607,2,5,382.9868421052632,380.257495115981,76
607,2,6,1387.9868421052631,1375.6341903484251,76
607,2,7,2912.7631578947367,2896.8705872043197,76
607,2,8,4943.013157894737,4949.6878719176975,76
607,2,9,4075.407894736842,4078.6199402931256,76
607,2,10,2706.5,2705.566344291052,76
607,2,11,2745.3026315789475,2754.4109460505856,76
607,2,12,3089.342105263158,3117.3737451814704,76
607,2,13,3539.434210526316,3538.5049106853294,76
607,2,14,4064.184210526316,4038.186522240703,76
607,2,15,5205.184210526316,5170.546365157259,76
607,2,16,7278.25,7323.136958350924,76
607,2,17,12116.092105263158,12087.040515932991,76
607,2,18,9307.407894736842,9300.74393701363,76
607,2,19,5711.6973684210525,5712.182049210559,76
607,2,20,4550.210526315789,4528.329007835783,76
607,2,21,3843.8289473684213,3794.004830604874,76
607,2,22,2960.1315789473683,2956.3657382960328,76
607,2,23,1773.8552631578948,1716.9282944022261,76
607,3,0,909.24,901.7992200593161,75
607,3,1,366.18666666666667,363.7122209392433,75
607,3,2,176.30666666666667,170.245715961143,75
607,3,3,99.28,100.40880538276731,75
607,3,4,123.92,120.52774200714865,75
607,3,5,380.2266666666667,373.9287436172425,75
607,3,6,1330.2533333333333,1345.164022372878,75
607,3,7,2771.88,2764.2288031225658,75
607,3,8,4591.533333333334,4598.220825491059,75
607,3,9,3907.68,3926.9789879765617,75
607,3,10,2739.84,2668.986517246335,75
607,3,11,2801.5333333333333,2800.1126726399016,75
607,3,12,3150.5866666666666,3132.400063745519,75
607,3,13,3505.3866666666668,3498.1541257247936,75
607,3,14,4101.453333333333,4084.8666554374227,75
607,3,15,5173.426666666666,5160.612706139501,75
607,3,16,7075.04,7184.931359411485,75
607,3,17,11295.813333333334,11213.397218558126,75
607,3,18,8972.746666666666,9014.969575844747,75
607,3,19,5742.933333333333,5686.4231575947315,75
607,3,20,4635.173333333333,4552.602711046821,75
607,3,21,3921.6266666666666,3824.3957653553816,75
607,3,22,3115.0666666666666,3047.879700503826,75
607,3,23,1939.04,1935.6827641026955,75
607,4,0,1072.8666666666666,1077.5929511980632,75
607,4,1,409.92,407.26025287400444,75
607,4,2,207.92,206.07938534376564,75
607,4,3,116.14666666666666,123.80791081372733,75
607,4,4,131.52,131.0323415710131,75
607,4,5,368.4533333333333,362.860978998856,75
607,4,6,1181.4533333333334,1174.654676965792,75
607,4,7,2179.6133333333332,2181.7379752129596,75
607,4,8,3094.2533333333336,3094.889649786842,75
607,4,9,2868.0266666666666,2866.8327206827685,75
607,4,10,2620.8133333333335,2671.5205920411086,75
607,4,11,2905.826666666667,2882.2971097400614,75
607,4,12,3330.2933333333335,3359.0873548457075,75
607,4,13,3939.9866666666667,3889.675318455762,75
607,4,14,4649.213333333333,4624.925209339578,75
607,4,15,5774.306666666666,5735.071399081008,75
607,4,16,7047.2,7094.479767127391,75
607,4,17,8321.52,8300.683579870472,75
607,4,18,6952.746666666667,6916.625602936708,75
607,4,19,5368.64,5335.6384048917525,75
607,4,20,4416.48,4413.221066052857,75
607,4,21,3902.9333333333334,3882.8813955966757,75
607,4,22,3741.5866666666666,3692.8116465034987,75
607,4,23,2736.5333333333333,2662.3620562269816,75
607,5,0,1739.08,1686.568129346979,75
607,5,1,802.0666666666667,801.2275254318362,75
607,5,2,434.24,423.22432546780817,75
607,5,3,256.06666666666666,238.14244270439247,75
607,5,4,198.36,199.41855512429422,75
607,5,5,198.24,195.9516148499599,75
607,5,6,428.73333333333335,426.9107388465997,75
607,5,7,619.48,621.621813779291,75
607,5,8,939.96,943.3512793270083,75
607,5,9,1439.52,1442.9934246243124,75
607,5,10,2088.4266666666667,2100.592421903433,75
607,5,11,2784.0533333333333,2843.406036962442,75
607,5,12,3255.48,3265.6577975597324,75
607,5,13,3727.48,3727.922243233241,75
607,5,14,4168.053333333333,4176.598076264292,75
607,5,15,4696.786666666667,4669.741470053268,75
607,5,16,5068.346666666666,5071.605940788169,75
607,5,17,5038.026666666667,5010.903400342988,75
607,5,18,4965.066666666667,4960.635091365513,75
607,5,19,4427.106666666667,4409.869787154192,75
607,5,20,3712.0133333333333,3667.842906961347,75
607,5,21,3400.48,3397.055153509839,75
607,5,22,3270.2,3140.576808298403,75
607,5,23,2587.8533333333335,2559.3586140165735,75
607,6,0,1561.6933333333334,1571.8589532890883,75
607,6,1,828.4933333333333,816.1829019592933,75
607,6,2,430.6756756756757,433.07444910371555,74
607,6,3,263.06666666666666,255.9891255283372,75
607,6,4,202.96,205.28724038211882,75
607,6,5,191.76,192.10564640995068,75
607,6,6,320.93333333333334,324.7745896624026,75
607,6,7,543.1866666666666,544.2016211130284,75
607,6,8,739.7733333333333,744.3646773393617,75
607,6,9,1194.8666666666666,1194.5637719152774,75
607,6,10,1710.32,1719.1418116812167,75
607,6,11,2214.5066666666667,2228.99172858399,75
607,6,12,2742.826666666667,2695.535249968387,75
607,6,13,3066.96,3049.750101803539,75
607,6,14,3419.4,3408.2143171024336,75
607,6,15,3700.3733333333334,3692.915365929353,75
607,6,16,3939.04,3975.1182682556496,75
607,6,17,4090.64,4066.601488865175,75
607,6,18,3916.2266666666665,3898.685860708736,75
607,6,19,3407.28,3386.4842557953207,75
607,6,20,2938.786666666667,2882.136611737342,75
607,6,21,2621.48,2604.42871418816,75
607,6,22,1978.3333333333333,1959.8185835693102,75
607,6,23,1248.96,1253.9819881108035,75
609,0,0,284.97333333333336,287.23182520393175,75
609,0,1,114.77333333333333,116.11694462016276,75
609,0,2,58.42666666666667,57.75241449498707,75
609,0,3,36.21333333333333,35.677535523811905,75
609,0,4,39.946666666666665,41.15831950508145,75
609,0,5,85.97333333333333,85.78157284542729,75
609,0,6,209.12,210.30127548863135,75
609,0,7,409.70666666666665,409.0594393637328,75
609,0,8,610.9866666666667,618.4911497773293,75
609,0,9,743.8133333333334,744.0172910612448,75
609,0,10,901.4,890.2328249097037,75
609,0,11,1128.6133333333332,1100.2097019006967,75
609,0,12,1387.1466666666668,1377.4316878900447,75
609,0,13,1601.6666666666667,1579.730640238743,75
609,0,14,2026.8,2016.925817585889,75
609,0,15,2765.2533333333336,2777.4631677338107,75
609,0,16,4076.6666666666665,4058.1099023792667,75
609,0,17,7293.053333333333,7237.707539129253,75
609,0,18,5217.666666666667,5165.506414303369,75
609,0,19,2835.5066666666667,2799.4926921453293,75
609,0,20,1991.5866666666666,1924.5471219590295,75
609,0,21,1446.9333333333334,1444.6332988395548,75
609,0,22,1021.5733333333334,1005.9292003647553,75
609,0,23,603.72,601.8986188498243,75
609,1,0,468.84,466.07027387186236,75
609,1,1,138.18666666666667,135.1348945312408,75
609,1,2,62.42666666666667,63.142342204918506,75
609,1,3,36.37837837837838,37.560745981658094,74
609,1,4,40.04,42.37916741008925,75
609,1,5,102.98666666666666,100.22217469466659,75
609,1,6,234.05333333333334,233.40937352088912,75
609,1,7,452.28,447.85034032115277,75
609,1,8,720.4666666666667,710.7794298952306,75
609,1,9,855.0133333333333,848.803122568229,75
609,1,10,984.4,989.0524425607997,75
609,1,11,1237.0133333333333,1216.786310206997,75
609,1,12,1532.5333333333333,1535.6864531756087,75
609,1,13,1806.32,1821.1530119608396,75
609,1,14,2314.8533333333335,2357.443267962939,75
609,1,15,3176.0,3178.2630779646765,75
609,1,16,5014.56,4941.355246583596,75
609,1,17,9590.066666666668,9535.313313553963,75
609,1,18,6811.973333333333,6791.390273880909,75
609,1,19,3711.44,3677.5912702586543,75
609,1,20,2508.72,2402.08938259762,75
609,1,21,1954.0666666666666,1913.7320409839895,75
609,1,22,1253.12,1325.2982438959073,75
609,1,23,709.68,763.4265609805898,75
609,2,0,566.5263157894736,557.2634047354717,76
609,2,1,168.39473684210526,170.83227890515872,76
609,2,2,80.01315789473684,75.89910713212923,76
609,2,3,46.05263157894737,43.50402924152664,76
609,2,4,47.86842105263158,46.458601517750914,76
609,2,5,103.22368421052632,99.8789096940592,76
609,2,6,235.53947368421052,231.60497360705668,76
609,2,7,450.5921052631579,444.1259317318677,76
609,2,8,707.3815789473684,701.5858308167949,76
609,2,9,854.9473684210526,841.6892504248356,76
609,2,10,981.7631578947369,989.4372623988426,76
609,2,11,1239.342105263158,1227.386735565117,76
609,2,12,1566.592105263158,1565.0298760791916,76
609,2,13,1879.75,1848.8728293981912,76
609,2,14,2379.1052631578946,2388.979162228077,76
609,2,15,3236.1973684210525,3210.596784980511,76
609,2,16,5138.8026315789475,5044.993256030995,76
609,2,17,9374.723684210527,9355.924918771903,76
609,2,18,6676.25,6663.657866515036,76
609,2,19,3743.4868421052633,3684.647395153598,76
609,2,20,2586.4605263157896,2401.6291151310816,76
609,2,21,1920.171052631579,1902.1239941642802,76
609,2,22,1325.0526315789473,1353.1184299566212,76
609,2,23,800.5657894736842,789.4444366444594,76
609,3,0,597.0533333333333,584.6228916764163,75
609,3,1,187.06666666666666,179.60004598258556,75
609,3,2,82.50666666666666,78.50935909990986,75
609,3,3,45.42666666666667,44.13141966019446,75
609,3,4,47.82666666666667,46.774480215258954,75
609,3,5,100.13333333333334,98.76922570800502,75
609,3,6,222.38666666666666,227.37678488519813,75
609,3,7,438.06666666666666,436.6444072725051,75
609,3,8,670.76,682.6057849422339,75
609,3,9,827.76,828.4641177001636,75
609,3,10,994.48,990.640252831979,75
609,3,11,1306.96,1254.3107639440684,75
609,3,12,1599.0533333333333,1588.4303460476065,75
609,3,13,1883.1333333333334,1847.502812975212,75
609,3,14,2378.0266666666666,2395.9736771893963,75
609,3,15,3206.2,3170.174528343303,75
609,3,16,4730.28,4730.765058363651,75
609,3,17,8471.146666666667,8452.111598987862,75
609,3,18,6137.1466666666665,6211.268602513621,75
609,3,19,3493.1866666666665,3505.50632166634,75
609,3,20,2504.76,2316.6931719916206,75
609,3,21,2047.2666666666667,1908.1210184491135,75
609,3,22,1406.68,1380.5144957627072,75
609,3,23,837.4133333333333,836.8634300401474,75
609,4,0,594.04,583.5239241626739,75
609,4,1,201.18666666666667,195.8497042312317,75
609,4,2,89.42666666666666,87.18117606345719,75
609,4,3,48.74666666666667,47.853284739049634,75
609,4,4,49.86666666666667,49.282268517203036,75
609,4,5,97.06666666666666,95.71833353693599,75
609,4,6,212.08,202.97451933310904,75
609,4,7,392.62666666666667,387.43385888119803,75
609,4,8,565.6533333333333,554.9670054900287,75
609,4,9,796.4533333333334,780.8736876967238,75
609,4,10,1045.2933333333333,999.3290920352854,75
609,4,11,1298.6,1237.7660153110075,75
609,4,12,1642.0533333333333,1601.5174151308152,75
609,4,13,1965.1066666666666,1921.1323275624425,75
609,4,14,2506.9866666666667,2464.2082582615394,75
609,4,15,3342.4266666666667,3285.3459265748834,75
609,4,16,4234.72,4219.811343328029,75
609,4,17,5394.533333333334,5370.95869437213,75
609,4,18,3893.4,3872.2370059708087,75
609,4,19,2572.0666666666666,2576.8100824361013,75
609,4,20,1985.9066666666668,2130.5064776382474,75
609,4,21,1824.56,1842.4605321591782,75
609,4,22,1514.52,1424.5887114316135,75
609,4,23,1034.68,927.2288255814495,75
609,5,0,709.0133333333333,702.9758509814372,75
609,5,1,285.97333333333336,291.0647365213697,75
609,5,2,136.0,140.14166642904993,75
609,5,3,78.61333333333333,81.19288222354055,75
609,5,4,59.13333333333333,60.41739586397463,75
609,5,5,54.81333333333333,54.398359701147044,75
609,5,6,98.78666666666666,94.52383058159145,75
609,5,7,179.46666666666667,176.67019257195736,75
609,5,8,261.14666666666665,261.6835120523902,75
609,5,9,486.46666666666664,492.4600380084341,75
609,5,10,798.1333333333333,793.4738731293621,75
609,5,11,1039.0133333333333,1049.6910101659107,75
609,5,12,1217.8,1218.9199417518282,75
609,5,13,1390.36,1383.913479740889,75
609,5,14,1667.5333333333333,1702.1851396722282,75
609,5,15,1963.2933333333333,1987.3131390453138,75
609,5,16,2288.173333333333,2278.589477746363,75
609,5,17,2302.24,2294.712274899806,75
609,5,18,1920.44,1930.879009800988,75
609,5,19,1552.9333333333334,1547.957083208011,75
609,5,20,1321.7733333333333,1331.7427829774576,75
609,5,21,1234.28,1249.1587146149034,75
609,5,22,1271.56,1273.7481240544043,75
609,5,23,927.3066666666666,915.2579488591978,75
609,6,0,555.4133333333333,550.1886984636217,75
609,6,1,277.0,277.0789815433179,75
609,6,2,137.55405405405406,138.99987650409122,74
609,6,3,82.68,80.7316670375814,75
609,6,4,60.45333333333333,60.555061065242796,75
609,6,5,51.57333333333333,54.50544544761799,75
609,6,6,82.01333333333334,80.4703703490644,75
609,6,7,161.08,157.33447753067355,75
609,6,8,241.49333333333334,243.82960535693502,75
609,6,9,424.26666666666665,423.9433337664533,75
609,6,10,657.7866666666666,649.1729873832682,75
609,6,11,837.3733333333333,834.4526303041462,75
609,6,12,960.4533333333334,966.4696647872316,75
609,6,13,1045.2933333333333,1024.8010636964761,75
609,6,14,1259.6,1250.1375801157508,75
609,6,15,1501.1333333333334,1518.5018711032785,75
609,6,16,1756.64,1742.6792693997597,75
609,6,17,1787.12,1801.6908678570478,75
609,6,18,1519.5466666666666,1534.7422959411786,75
609,6,19,1170.7466666666667,1180.7816253124836,75
609,6,20,966.6533333333333,958.9763228083619,75
609,6,21,879.6,887.5002928526673,75
609,6,22,732.6266666666667,724.8242478806635,75
609,6,23,473.12,477.1884509230348,75
610,0,0,403.8666666666667,415.8917803771545,75
610,0,1,162.28,164.4680549120115,75
610,0,2,76.10666666666667,78.07505646038379,75
610,0,3,39.72,41.08112625944791,75
610,0,4,52.4,52.69858820026781,75
610,0,5,720.4266666666666,700.4532554877874,75
610,0,6,2576.2,2576.27204827557,75
610,0,7,6163.6,6181.71502547211,75
610,0,8,9178.56,9217.33996969433,75
610,0,9,6296.306666666666,6302.764748449851,75
610,0,10,4052.3733333333334,4071.9712235415222,75
610,0,11,3715.84,3733.353742994424,75
610,0,12,3925.0133333333333,3920.7414538040493,75
610,0,13,4225.8533333333335,4233.103803769191,75
610,0,14,5136.373333333333,5132.578195722658,75
610,0,15,6685.973333333333,6647.715887217452,75
610,0,16,9320.613333333333,9305.263141654808,75
610,0,17,15616.786666666667,15589.936615695622,75
610,0,18,11308.426666666666,11319.963625829052,75
610,0,19,6031.893333333333,5988.538282585894,75
610,0,20,3657.2,3659.5336716574266,75
610,0,21,2516.3866666666668,2513.7208960878647,75
610,0,22,1917.9333333333334,1928.4607534491247,75
610,0,23,1268.1466666666668,1229.2205842841126,75
610,1,0,892.8933333333333,891.4781991658106,75
610,1,1,245.46666666666667,239.39895967204905,75
610,1,2,103.6,100.62172743107448,75
610,1,3,48.78666666666667,48.86375206900533,75
610,1,4,67.18666666666667,67.0531325115184,75
610,1,5,861.64,836.4280493874518,75
610,1,6,2954.6133333333332,2945.5283110695377,75
610,1,7,7699.053333333333,7658.682957755389,75
610,1,8,12724.786666666667,12709.92110901065,75
610,1,9,8502.12,8462.645839624818,75
610,1,10,4707.426666666666,4707.748537718627,75
610,1,11,4058.5333333333333,4046.0329435844706,75
610,1,12,4266.106666666667,4292.1400599591325,75
610,1,13,4658.333333333333,4655.614735513912,75
610,1,14,5707.08,5682.2105698410205,75
610,1,15,7601.293333333333,7583.277953428451,75
610,1,16,11477.72,11437.167153599152,75
610,1,17,20461.106666666667,20344.648104002186,75
610,1,18,14600.306666666667,14593.736847706332,75
610,1,19,7428.906666666667,7455.7043144607405,75
610,1,20,4395.92,4437.99084663815,75
610,1,21,2987.52,2999.858302329773,75
610,1,22,2264.36,2309.6571940483304,75
610,1,23,1407.72,1428.6720608995822,75
610,2,0,1001.8684210526316,1012.8010821374465,76
610,2,1,290.0263157894737,291.0084591644247,76
610,2,2,128.05263157894737,118.98897195716354,76
610,2,3,59.11842105263158,57.37168805745373,76
610,2,4,70.61842105263158,69.248873186374,76
610,2,5,850.2631578947369,826.4562889552184,76
610,2,6,2900.7894736842104,2898.3560706367875,76
610,2,7,7482.289473684211,7526.515288305905,76
610,2,8,12370.078947368422,12417.376925629871,76
610,2,9,8336.802631578947,8309.882400728058,76
610,2,10,4704.328947368421,4682.393841707354,76
610,2,11,4158.210526315789,4166.7756188884805,76
610,2,12,4388.1578947368425,4407.877502659273,76
610,2,13,4796.973684210527,4789.539157535737,76
610,2,14,5775.605263157895,5784.098744077574,76
610,2,15,7695.3421052631575,7607.053441856732,76
610,2,16,11347.5,11277.001855780623,76
610,2,17,19967.605263157893,20001.12221665528,76
610,2,18,14285.671052631578,14279.558110872234,76
610,2,19,7536.671052631579,7382.899355024126,76
610,2,20,4553.5526315789475,4501.514760444137,76
610,2,21,3209.8947368421054,3154.1212611428155,76
610,2,22,2415.0131578947367,2408.160719991589,76
610,2,23,1527.1052631578948,1526.5620077684923,76
610,3,0,1048.6266666666668,1026.5877554028057,75
610,3,1,311.56,300.0746942030665,75
610,3,2,128.14666666666668,120.02107133867348,75
610,3,3,65.21333333333334,63.535289426539734,75
610,3,4,69.42666666666666,69.58236832028572,75
610,3,5,816.56,805.7509428553471,75
610,3,6,2710.7466666666664,2748.8477474713172,75
610,3,7,6837.706666666667,6871.439280181914,75
610,3,8,11245.56,11228.218768146286,75
610,3,9,7839.32,7917.581221236627,75
610,3,10,4630.08,4623.820521156155,75
610,3,11,4223.693333333334,4184.139027556931,75
610,3,12,4446.346666666666,4424.678565926353,75
610,3,13,4830.266666666666,4796.467520379086,75
610,3,14,5872.84,5829.399887878999,75
610,3,15,7676.7733333333335,7515.906853886894,75
610,3,16,10946.213333333333,10974.800509972556,75
610,3,17,18335.453333333335,18276.929598504015,75
610,3,18,13324.133333333333,13343.929315576304,75
610,3,19,7248.506666666667,7225.424281022195,75
610,3,20,4531.1466666666665,4488.688413922545,75
610,3,21,3267.6666666666665,3171.5688712210845,75
610,3,22,2547.4533333333334,2490.2322633660897,75
610,3,23,1646.3466666666666,1644.4290271097364,75
610,4,0,1090.6,1030.784608193099,75
610,4,1,328.8,318.81937055087985,75
610,4,2,132.96,124.90357425430079,75
610,4,3,64.52,63.301716376635426,75
610,4,4,72.05333333333333,71.58192509164437,75
610,4,5,742.76,718.5716170728599,75
610,4,6,2264.0266666666666,2222.647661520085,75
610,4,7,4825.8533333333335,4834.449678291674,75
610,4,8,6335.546666666667,6337.907074620522,75
610,4,9,4805.7733333333335,4805.251111782693,75
610,4,10,4148.413333333333,4146.810787756011,75
610,4,11,4090.1066666666666,4074.114613552833,75
610,4,12,4430.013333333333,4418.074683727316,75
610,4,13,4933.32,4925.50659818401,75
610,4,14,6037.946666666667,6011.464101898635,75
610,4,15,7703.4,7671.3397750464155,75
610,4,16,9601.04,9547.650433731545,75
610,4,17,12045.813333333334,12052.128708504435,75
610,4,18,9116.626666666667,9142.824160407037,75
610,4,19,5817.8533333333335,5785.763430353064,75
610,4,20,3816.56,3808.887470727867,75
610,4,21,2952.0933333333332,2976.5093241613695,75
610,4,22,2647.3333333333335,2537.798539458493,75
610,4,23,1888.8533333333332,1845.8783920971875,75
610,5,0,1251.6,1248.8419225893952,75
610,5,1,448.94666666666666,444.76291990003415,75
610,5,2,175.64,178.57353051830623,75
610,5,3,82.98648648648648,82.3408962307988,74
610,5,4,79.01333333333334,78.67815129615275,75
610,5,5,128.09333333333333,128.06837124984858,75
610,5,6,602.2666666666667,596.2816084288838,75
610,5,7,1005.44,1009.0544359579651,75
610,5,8,1537.2533333333333,1532.2915825167393,75
610,5,9,2366.0266666666666,2369.2885937880205,75
610,5,10,3435.653333333333,3433.5361650249442,75
610,5,11,4313.586666666667,4318.412643768095,75
610,5,12,4649.44,4648.760069459838,75
610,5,13,4549.56,4588.851480428883,75
610,5,14,4631.48,4624.32398782304,75
610,5,15,4904.8133333333335,4956.866369361942,75
610,5,16,4988.066666666667,5002.616379823745,75
610,5,17,5039.52,4994.806353755986,75
610,5,18,4654.506666666667,4641.447173218153,75
610,5,19,3863.4533333333334,3879.2016318868427,75
610,5,20,2957.6666666666665,2984.287155361001,75
610,5,21,2436.5466666666666,2491.2069063111194,75
610,5,22,2197.866666666667,2159.8789701931846,75
610,5,23,1659.76,1668.871247209402,75
610,6,0,819.5333333333333,819.3954635146284,75
610,6,1,402.0133333333333,402.6766599362379,75
610,6,2,154.01351351351352,160.27094005998939,74
610,6,3,76.02666666666667,79.7349174889919,75
610,6,4,64.49333333333334,64.17665729925316,75
610,6,5,114.04,113.05339186352418,75
610,6,6,427.97333333333336,421.64482928592355,75
610,6,7,723.6133333333333,729.620856517688,75
610,6,8,1111.3733333333332,1118.3616789509872,75
610,6,9,1825.8666666666666,1841.964232034632,75
610,6,10,2869.7466666666664,2890.1413486316455,75
610,6,11,3520.7466666666664,3487.7090822955356,75
610,6,12,3933.8133333333335,3883.2531561787832,75
610,6,13,3642.653333333333,3638.9771319024862,75
610,6,14,3642.133333333333,3651.941814741729,75
610,6,15,3739.3866666666668,3804.009528775572,75
610,6,16,3949.48,3948.2654652216247,75
610,6,17,3931.48,3934.6303278857026,75
610,6,18,3611.5733333333333,3692.50239934881,75
610,6,19,2905.8933333333334,2947.484750876964,75
610,6,20,2425.56,2475.739286230193,75
610,6,21,1952.2133333333334,1949.8623970276506,75
610,6,22,1458.48,1463.768053127047,75
610,6,23,949.7866666666666,966.2894350871019,75
611,0,0,1604.1466666666668,1648.7820351140585,75
611,0,1,627.24,639.6256012851397,75
611,0,2,325.94666666666666,323.14725218407983,75
611,0,3,220.14666666666668,218.85428990498878,75
611,0,4,316.14666666666665,317.34307091098367,75
611,0,5,2370.16,2369.5813177961886,75
611,0,6,5966.973333333333,5970.43404211238,75
611,0,7,8939.653333333334,8996.890946693004,75
611,0,8,11323.586666666666,11325.854614153772,75
611,0,9,8333.253333333334,8378.50220639819,75
611,0,10,5522.7733333333335,5551.285709793892,75
611,0,11,4777.1866666666665,4778.887550091925,75
611,0,12,4672.346666666666,4678.457453242794,75
611,0,13,4917.533333333334,4940.987516859257,75
611,0,14,5964.0,5962.088828427481,75
611,0,15,6765.666666666667,6713.3964889432755,75
611,0,16,8855.266666666666,8800.438892177357,75
611,0,17,13067.04,13048.749039708919,75
611,0,18,10316.84,10285.686115105333,75
611,0,19,6231.96,6229.701768289292,75
611,0,20,5070.653333333334,5076.939631126981,75
611,0,21,4979.453333333333,4958.889681983454,75
611,0,22,4201.666666666667,4221.941602299471,75
611,0,23,2720.5866666666666,2651.6950187662105,75
611,1,0,1679.7466666666667,1644.0883994635956,75
611,1,1,602.5066666666667,604.9440206159726,75
611,1,2,299.72,304.9984037400293,75
611,1,3,209.53333333333333,211.09919593369753,75
611,1,4,326.81333333333333,326.81877385618805,75
611,1,5,2647.12,2649.3023155751043,75
611,1,6,6773.96,6721.853974403424,75
611,1,7,10421.493333333334,10405.854962586533,75
611,1,8,13926.106666666667,13931.60093909887,75
611,1,9,10489.2,10383.279253584882,75
611,1,10,6090.253333333333,6104.391081972895,75
611,1,11,5047.906666666667,5015.173889036677,75
611,1,12,4929.8,4973.140479794607,75
611,1,13,5210.426666666666,5211.609335331053,75
611,1,14,6396.0,6409.288294224878,75
611,1,15,7403.986666666667,7521.757443149399,75
611,1,16,10265.773333333333,10230.393477365951,75
611,1,17,16294.226666666667,16249.677341105715,75
611,1,18,12528.253333333334,12461.33041184828,75
611,1,19,7375.533333333334,7453.259919670527,75
611,1,20,6078.253333333333,6111.930080490932,75
611,1,21,8547.52,8377.702007593607,75
611,1,22,6519.066666666667,6835.511268600654,75
611,1,23,3193.8933333333334,3185.0858974420744,75
611,2,0,1950.6447368421052,1944.3499825702793,76
611,2,1,724.6578947368421,717.6458054313963,76
611,2,2,372.9868421052632,366.60630059492723,76
611,2,3,258.2236842105263,257.64566175566677,76
611,2,4,353.80263157894734,349.30274769518144,76
611,2,5,2644.5131578947367,2625.0975075699957,76
611,2,6,6596.289473684211,6616.01848231079,76
611,2,7,10195.473684210527,10213.19027577829,76
611,2,8,13445.565789473685,13543.692597652407,76
611,2,9,10488.53947368421,10475.461451935093,76
611,2,10,6131.078947368421,6174.204635696934,76
611,2,11,5031.236842105263,5065.17702553363,76
611,2,12,5051.828947368421,5058.754500134688,76
611,2,13,5450.4078947368425,5464.036722667007,76
611,2,14,6538.355263157895,6543.0432539140975,76
611,2,15,7822.3421052631575,7690.261800292436,76
611,2,16,11434.118421052632,11410.065424716055,76
611,2,17,16525.71052631579,16579.933028413136,76
611,2,18,12612.065789473685,12558.526202389252,76
611,2,19,7614.355263157895,7494.010142902914,76
611,2,20,6322.223684210527,6310.383195140021,76
611,2,21,7355.710526315789,7476.020916564175,76
611,2,22,7408.4078947368425,7283.015501411425,76
611,2,23,3562.434210526316,3549.8856517460363,76
611,3,0,2079.786666666667,2057.1009307218396,75
611,3,1,789.3866666666667,787.5318767879885,75
611,3,2,389.97333333333336,378.8568472490106,75
611,3,3,258.56,258.08964581692453,75
611,3,4,347.61333333333334,347.27827663934283,75
611,3,5,2557.2533333333336,2543.6051690343274,75
611,3,6,6321.56,6313.478088807022,75
611,3,7,9661.946666666667,9672.546193417258,75
611,3,8,12923.146666666667,13001.828542133619,75
611,3,9,9820.866666666667,9917.862534684227,75
611,3,10,6191.2,6185.898380666717,75
611,3,11,5299.16,5244.232498301017,75
611,3,12,5195.76,5190.393026280037,75
611,3,13,5485.413333333333,5488.354141394192,75
611,3,14,6650.04,6603.65206737637,75
611,3,15,7643.36,7684.521328080779,75
611,3,16,10085.466666666667,10025.427118734824,75
611,3,17,14951.106666666667,14942.79493648665,75
611,3,18,11952.786666666667,11976.892443782779,75
611,3,19,7565.386666666666,7494.205554320402,75
611,3,20,6415.28,6354.458932624505,75
611,3,21,8788.306666666667,8395.065126036006,75
611,3,22,7055.8133333333335,7152.355559614236,75
611,3,23,3742.9733333333334,3725.890473811698,75
611,4,0,2317.3733333333334,2327.0163529307347,75
611,4,1,888.3866666666667,894.5146814381791,75
611,4,2,415.0,412.13472371233814,75
611,4,3,271.62666666666667,274.8372640872238,75
611,4,4,357.97333333333336,358.1307901181627,75
611,4,5,2411.6266666666666,2406.237202279615,75
611,4,6,5638.253333333333,5650.803060441492,75
611,4,7,7880.893333333333,7919.600622018577,75
611,4,8,9068.946666666667,9162.215304164887,75
611,4,9,7115.746666666667,7077.995626966494,75
611,4,10,5755.426666666666,5776.191988736854,75
611,4,11,5251.88,5262.158030358935,75
611,4,12,5310.32,5313.205649249141,75
611,4,13,5759.613333333334,5761.456275580727,75
611,4,14,6937.613333333334,6942.285413552066,75
611,4,15,7961.16,7788.608166711556,75
611,4,16,9512.16,9477.28042606372,75
611,4,17,11073.973333333333,11054.726843642185,75
611,4,18,9400.893333333333,9326.261568105045,75
611,4,19,7185.386666666666,7348.11332790603,75
611,4,20,6417.96,6368.760766729986,75
611,4,21,8162.6,8312.621466955368,75
611,4,22,8087.333333333333,7806.825447996626,75
611,4,23,4826.666666666667,4803.075543654219,75
611,5,0,3184.1066666666666,3178.4660187900104,75
611,5,1,1490.5333333333333,1513.6437186123353,75
611,5,2,730.7866666666666,741.3321708881257,75
611,5,3,441.41333333333336,441.7562948546122,75
611,5,4,361.93333333333334,361.37977568214336,75
611,5,5,553.2533333333333,550.7208229158533,75
611,5,6,1396.2533333333333,1395.0000239203698,75
611,5,7,2139.96,2146.525316395188,75
611,5,8,3221.8533333333335,3232.4587452320357,75
611,5,9,4468.7733333333335,4486.335392721167,75
611,5,10,5256.493333333333,5275.495304929574,75
611,5,11,5365.76,5372.394629513325,75
611,5,12,5517.946666666667,5501.763455366447,75
611,5,13,5781.333333333333,5793.969873406537,75
611,5,14,6268.12,6269.369290128252,75
611,5,15,6932.693333333334,6935.053911391618,75
611,5,16,8918.8,8890.735103096458,75
611,5,17,8130.733333333334,8134.393341485213,75
611,5,18,7435.466666666666,7416.641738321628,75
611,5,19,6466.76,6449.372442996213,75
611,5,20,5856.693333333334,5870.623843322752,75
611,5,21,6163.293333333333,6207.611838848529,75
611,5,22,8514.306666666667,8511.258094137036,75
611,5,23,5593.72,5678.245646565471,75
611,6,0,3080.2933333333335,3130.3909399026343,75
611,6,1,1514.72,1520.5598360433548,75
611,6,2,755.3513513513514,760.0795925264913,74
611,6,3,460.88,462.43381162098956,75
611,6,4,363.8,366.7943305883886,75
611,6,5,372.06666666666666,374.821590930775,75
611,6,6,958.7733333333333,959.2345643642058,75
611,6,7,1506.3733333333332,1505.1028602393203,75
611,6,8,2523.72,2524.3276280972113,75
611,6,9,3823.5333333333333,3845.6490223544974,75
611,6,10,4428.1466666666665,4429.583905042117,75
611,6,11,4667.106666666667,4662.292748275716,75
611,6,12,4745.786666666667,4734.096210445074,75
611,6,13,4894.133333333333,4896.247466697662,75
611,6,14,5090.666666666667,5106.880626406186,75
611,6,15,5919.92,5852.258937122853,75
611,6,16,6810.533333333334,6789.440411002392,75
611,6,17,7360.2266666666665,7398.586687870771,75
611,6,18,6504.413333333333,6569.908414798211,75
611,6,19,5221.333333333333,5156.806096337565,75
611,6,20,4808.96,4826.20776671211,75
611,6,21,4777.04,4810.279820897651,75
611,6,22,4424.973333333333,4430.738297236795,75
611,6,23,2690.92,2691.674461709089,75
612,0,0,154.64,153.49176612885017,75
612,0,1,56.973333333333336,59.25783815158926,75
612,0,2,31.493333333333332,32.38050023859837,75
612,0,3,23.973333333333333,26.629784219388043,75
612,0,4,35.346666666666664,35.32248393866321,75
612,0,5,80.50666666666666,80.9315382954102,75
612,0,6,279.18666666666667,268.03233815500874,75
612,0,7,825.92,818.3206874152494,75
612,0,8,1709.4666666666667,1690.840486787956,75
612,0,9,1457.3333333333333,1439.4845123186894,75
612,0,10,1253.0,1232.613464410948,75
612,0,11,1336.6,1330.29904306234,75
612,0,12,1540.4933333333333,1552.3166571700506,75
612,0,13,1748.8666666666666,1733.4532732329812,75
612,0,14,2527.68,2408.5119948617557,75
612,0,15,3292.4266666666667,3235.5256517471453,75
612,0,16,4489.72,4416.740750934321,75
612,0,17,7214.7733333333335,7147.5049977167555,75
612,0,18,5172.333333333333,5108.721871836539,75
612,0,19,2748.2266666666665,2695.173990343511,75
612,0,20,1636.4933333333333,1587.189596517055,75
612,0,21,1103.1333333333334,1096.7130362498572,75
612,0,22,833.3866666666667,815.8862684126212,75
612,0,23,545.48,532.4666703531814,75
612,1,0,384.8933333333333,383.14406077463116,75
612,1,1,104.62666666666667,97.08955214647523,75
612,1,2,42.93333333333333,43.49204346013224,75
612,1,3,26.76,27.215845234642284,75
612,1,4,39.413333333333334,38.34736325638526,75
612,1,5,89.92,89.76358931384961,75
612,1,6,309.64,295.3727170871125,75
612,1,7,982.68,958.7629565792977,75
612,1,8,2216.7066666666665,2180.0850856381758,75
612,1,9,1778.4133333333334,1778.00464868572,75
612,1,10,1396.5066666666667,1400.7057101082855,75
612,1,11,1491.28,1497.6284023877479,75
612,1,12,1714.3066666666666,1735.7588975366089,75
612,1,13,1992.5733333333333,1976.173310432637,75
612,1,14,2842.5333333333333,2789.908833023561,75
612,1,15,3792.4933333333333,3776.8208155065618,75
612,1,16,5522.213333333333,5454.7087895465265,75
612,1,17,9491.346666666666,9456.059947082593,75
612,1,18,6739.586666666667,6750.780970598966,75
612,1,19,3495.6666666666665,3505.6909826314727,75
612,1,20,2069.213333333333,2011.8697387513612,75
612,1,21,1414.6,1404.1231097287018,75
612,1,22,1002.4133333333333,989.1505707040869,75
612,1,23,615.24,675.4551837753203,75
612,2,0,438.14473684210526,430.03370234599566,76
612,2,1,125.60526315789474,117.01799104331629,76
612,2,2,51.63157894736842,49.479829460341755,76
612,2,3,31.157894736842106,31.478825077244846,76
612,2,4,40.75,39.61861227926266,76
612,2,5,90.85526315789474,89.89720697807194,76
612,2,6,301.2105263157895,292.47334718178064,76
612,2,7,964.328947368421,948.4350281938367,76
612,2,8,2155.7105263157896,2142.2908392648264,76
612,2,9,1760.171052631579,1758.5685723051927,76
612,2,10,1388.3157894736842,1396.5453723015721,76
612,2,11,1506.8552631578948,1513.7759289638627,76
612,2,12,1768.0657894736842,1754.3104456796907,76
612,2,13,2059.7105263157896,2008.168414878988,76
612,2,14,2881.8684210526317,2794.0731248596344,76
612,2,15,3811.8552631578946,3747.999030851733,76
612,2,16,5496.276315789473,5373.888924332157,76
612,2,17,9250.21052631579,9244.629117097302,76
612,2,18,6607.973684210527,6623.641593818898,76
612,2,19,3528.7105263157896,3475.1603186721904,76
612,2,20,2128.2368421052633,2014.7880630854638,76
612,2,21,1450.9736842105262,1413.478840129853,76
612,2,22,1109.5526315789473,1045.6431684323427,76
612,2,23,676.1052631578947,692.7319361951843,76
612,3,0,439.64,434.27162129491035,75
612,3,1,136.34666666666666,123.31000954311513,75
612,3,2,55.10666666666667,52.237948516138225,75
612,3,3,31.626666666666665,31.656349293318137,75
612,3,4,41.28,39.89928137137154,75
612,3,5,91.2,90.80997188281664,75
612,3,6,290.06666666666666,284.92518301867716,75
612,3,7,912.1466666666666,928.369070299473,75
612,3,8,2028.4,2018.3233316329145,75
612,3,9,1719.28,1720.752850417693,75
612,3,10,1429.56,1384.3445511686307,75
612,3,11,1560.6,1547.513711653093,75
612,3,12,1783.9333333333334,1758.6317809044538,75
612,3,13,2067.133333333333,2027.2717064693027,75
612,3,14,2884.7066666666665,2752.2897983752514,75
612,3,15,3787.44,3696.073939845053,75
612,3,16,5259.213333333333,5254.317564405,75
612,3,17,8529.506666666666,8442.106745175453,75
612,3,18,6149.386666666666,6177.480138579805,75
612,3,19,3393.76,3407.609489285944,75
612,3,20,2102.6,1988.963109399204,75
612,3,21,1496.6666666666667,1417.080715805656,75
612,3,22,1140.36,1088.8405142007116,75
612,3,23,738.9733333333334,708.3507780581643,75
612,4,0,471.6666666666667,460.2115049924007,75
612,4,1,145.37333333333333,130.5886519903533,75
612,4,2,57.88,55.374060497839295,75
612,4,3,35.82666666666667,35.11861441189015,75
612,4,4,43.54666666666667,41.51481631036507,75
612,4,5,92.6,90.65568922153086,75
612,4,6,267.81333333333333,267.3251597441811,75
612,4,7,750.5866666666667,747.6987980667974,75
612,4,8,1416.36,1400.2181411651013,75
612,4,9,1367.84,1346.1401908919152,75
612,4,10,1338.44,1338.4441280084943,75
612,4,11,1551.6266666666668,1551.8505391764945,75
612,4,12,1814.5066666666667,1824.7667472170367,75
612,4,13,2123.3866666666668,2067.8207199840735,75
612,4,14,2941.1066666666666,2801.2845466762865,75
612,4,15,3691.92,3703.699567874879,75
612,4,16,4559.7733333333335,4535.596158103798,75
612,4,17,5458.92,5454.868317316541,75
612,4,18,3914.1866666666665,3918.0528394498824,75
612,4,19,2591.9066666666668,2598.935830882254,75
612,4,20,1799.6133333333332,1818.9981283906409,75
612,4,21,1394.9466666666667,1427.8773949736749,75
612,4,22,1211.0133333333333,1221.1665383529496,75
612,4,23,908.1333333333333,776.9952685696317,75
612,5,0,580.0266666666666,576.600250788005,75
612,5,1,198.92,191.62560844368736,75
612,5,2,86.69333333333333,82.41100114998099,75
612,5,3,51.18666666666667,49.640087065140214,75
612,5,4,46.653333333333336,47.32576946361431,75
612,5,5,69.96,67.34369570182511,75
612,5,6,133.04,133.0288853010447,75
612,5,7,271.6666666666667,275.90580654880927,75
612,5,8,461.7733333333333,459.0229924726068,75
612,5,9,733.36,732.0861734776513,75
612,5,10,1022.16,1018.3848326242463,75
612,5,11,1224.2933333333333,1231.449350534701,75
612,5,12,1353.28,1354.1563084199502,75
612,5,13,1449.9733333333334,1466.8788963427048,75
612,5,14,1561.3733333333332,1571.2141936424025,75
612,5,15,1687.16,1676.6570971194549,75
612,5,16,1709.12,1716.587431209176,75
612,5,17,1675.3733333333332,1675.8698695739608,75
612,5,18,1615.3733333333332,1620.9425860567349,75
612,5,19,1408.2266666666667,1415.6175525524297,75
612,5,20,1052.24,1070.8251186934406,75
612,5,21,925.0533333333333,934.3241901920806,75
612,5,22,918.5733333333334,910.0053545906684,75
612,5,23,729.2,733.9254655066763,75
612,6,0,377.16,378.46400908388597,75
612,6,1,161.2,163.62708631979595,75
612,6,2,73.95945945945945,77.76541904236045,74
612,6,3,48.61333333333334,48.524480694264305,75
612,6,4,45.18666666666667,47.3092741552197,75
612,6,5,62.77333333333333,61.058254823762596,75
612,6,6,111.64,111.96684605805672,75
612,6,7,223.65333333333334,226.92316028622827,75
612,6,8,378.7866666666667,381.44455670053316,75
612,6,9,604.88,607.6905792563288,75
612,6,10,834.9866666666667,824.7387550408552,75
612,6,11,1025.2133333333334,1040.42790392951,75
612,6,12,1123.4933333333333,1109.123298047977,75
612,6,13,1163.96,1169.5884166862008,75
612,6,14,1224.5066666666667,1225.9792614515045,75
612,6,15,1268.4933333333333,1271.3341188195345,75
612,6,16,1331.2666666666667,1336.3566604357597,75
612,6,17,1289.28,1292.111701769146,75
612,6,18,1186.0266666666666,1193.4587398726262,75
612,6,19,852.9866666666667,852.4337615973084,75
612,6,20,673.24,677.672479068024,75
612,6,21,558.72,571.7067113980517,75
612,6,22,536.68,535.0112105533069,75
612,6,23,350.6533333333333,351.2085477072527,75
613,0,0,187.84,187.699571734081,75
613,0,1,54.653333333333336,55.91038957700868,75
613,0,2,35.013333333333335,35.05988236714859,75
613,0,3,29.266666666666666,29.80754481461772,75
613,0,4,43.026666666666664,43.65202115273696,75
613,0,5,103.2,106.63180680661645,75
613,0,6,326.0933333333333,334.5562071440951,75
613,0,7,820.4933333333333,823.0496408990942,75
613,0,8,1401.7066666666667,1400.7065821978356,75
613,0,9,1119.4933333333333,1121.7658369775072,75
613,0,10,1039.28,1030.741032332662,75
613,0,11,1184.5866666666666,1185.3807058486173,75
613,0,12,1413.5866666666666,1399.5671145648457,75
613,0,13,1622.8666666666666,1599.368845117476,75
613,0,14,2198.68,2170.4956867046144,75
613,0,15,3073.9733333333334,3047.279885321624,75
613,0,16,4179.7733333333335,4147.545429773061,75
613,0,17,5732.2,5714.447615203867,75
613,0,18,3916.5066666666667,3912.1826515298376,75
613,0,19,2262.4533333333334,2219.3683735871155,75
613,0,20,1597.88,1582.3033578798597,75
613,0,21,1008.7866666666666,991.0430386585336,75
613,0,22,800.7733333333333,800.0581885461371,75
613,0,23,556.8,550.9514252982233,75
613,1,0,292.28,291.9939173777129,75
613,1,1,83.70666666666666,90.76386462132687,75
613,1,2,42.906666666666666,41.389806902759744,75
613,1,3,34.12,30.58910281852709,75
613,1,4,48.46666666666667,45.700996941508215,75
613,1,5,115.65333333333334,116.55858055584181,75
613,1,6,368.36,375.14640499254295,75
613,1,7,954.5466666666666,957.986010803424,75
613,1,8,1820.4666666666667,1802.301619511265,75
613,1,9,1382.6133333333332,1381.6547861930746,75
613,1,10,1170.84,1174.8096339884444,75
613,1,11,1328.1066666666666,1339.9005207340597,75
613,1,12,1571.6666666666667,1557.6352997125325,75
613,1,13,1807.5733333333333,1816.7078467665053,75
613,1,14,2454.4533333333334,2458.8205458958555,75
613,1,15,3451.72,3434.3174834515967,75
613,1,16,4816.013333333333,4834.011636823768,75
613,1,17,6972.52,6835.250159029317,75
613,1,18,4805.96,4744.101161320092,75
613,1,19,2684.9066666666668,2627.7146009095336,75
613,1,20,1856.36,1848.2717904232284,75
613,1,21,1199.8133333333333,1206.2912982478986,75
613,1,22,946.24,1005.1229831598026,75
613,1,23,632.84,687.4808910556886,75
613,2,0,334.38157894736844,337.16996446577735,76
613,2,1,109.6842105263158,104.42549933998981,76
613,2,2,48.88157894736842,47.746476397316165,76
613,2,3,34.13157894736842,33.85079845303335,76
613,2,4,46.60526315789474,46.58658357509438,76
613,2,5,121.47368421052632,119.87545406270793,76
613,2,6,372.1578947368421,373.7548572613396,76
613,2,7,944.5657894736842,948.6924314349093,76
613,2,8,1768.078947368421,1772.7263527607445,76
613,2,9,1376.1973684210527,1363.882574364851,76
613,2,10,1191.7368421052631,1175.5541146813734,76
613,2,11,1365.2368421052631,1345.0934417037256,76
613,2,12,1598.657894736842,1586.6013952392943,76
613,2,13,1848.6973684210527,1835.7287146370234,76
613,2,14,2466.6973684210525,2476.6806845543724,76
613,2,15,3420.1184210526317,3415.6932492006645,76
613,2,16,4748.276315789473,4763.710838283966,76
613,2,17,6718.434210526316,6698.504459473666,76
613,2,18,4650.644736842105,4650.368816528491,76
613,2,19,2669.0789473684213,2616.5053504771017,76
613,2,20,1861.921052631579,1829.0844672687895,76
613,2,21,1230.5394736842106,1215.6173753553978,76
613,2,22,989.4342105263158,1005.9516661879626,76
613,2,23,679.8157894736842,697.3081433313627,76
613,3,0,357.38666666666666,357.6390661439695,75
613,3,1,123.84,109.39434461414203,75
613,3,2,52.29333333333334,49.71367952753524,75
613,3,3,36.22666666666667,34.77528771874231,75
613,3,4,47.946666666666665,46.79916252384264,75
613,3,5,116.04,117.36457897807095,75
613,3,6,358.5733333333333,365.743422732922,75
613,3,7,903.88,928.2690114897815,75
613,3,8,1677.3333333333333,1706.584140992602,75
613,3,9,1337.0,1337.0057813423261,75
613,3,10,1201.4666666666667,1166.4776574227803,75
613,3,11,1376.3733333333332,1336.8208149643688,75
613,3,12,1608.8933333333334,1586.9219398032337,75
613,3,13,1848.6133333333332,1809.224192894563,75
613,3,14,2485.4,2479.7297858900106,75
613,3,15,3437.0266666666666,3381.0103223332862,75
613,3,16,4658.466666666666,4682.460026484469,75
613,3,17,6365.826666666667,6243.225801773502,75
613,3,18,4495.293333333333,4544.425146008547,75
613,3,19,2640.2933333333335,2585.5349040980013,75
613,3,20,1854.9066666666668,1807.7159640574887,75
613,3,21,1266.4533333333334,1218.1255267122306,75
613,3,22,1053.2533333333333,1010.9481651274497,75
613,3,23,714.8266666666667,711.9866519921809,75
613,4,0,375.08,370.42912161283726,75
613,4,1,127.48,114.05815785977619,75
613,4,2,54.026666666666664,51.17271649148042,75
613,4,3,37.22666666666667,35.928760187762926,75
613,4,4,45.77333333333333,46.35471911945059,75
613,4,5,112.26666666666667,112.62822224625357,75
613,4,6,327.93333333333334,328.0253002441934,75
613,4,7,753.2533333333333,750.4833118259866,75
613,4,8,1134.3066666666666,1151.0091833976815,75
613,4,9,1046.64,1032.4843627488112,75
613,4,10,1097.4533333333334,1091.4620417623428,75
613,4,11,1334.84,1299.6123070584144,75
613,4,12,1622.8,1604.586957765715,75
613,4,13,1891.6533333333334,1878.8335466053259,75
613,4,14,2554.2933333333335,2524.744356334693,75
613,4,15,3484.9866666666667,3379.1316319881316,75
613,4,16,4326.92,4311.610101822996,75
613,4,17,4805.933333333333,4824.135683216837,75
613,4,18,3526.24,3545.0166603240773,75
613,4,19,2312.0266666666666,2395.0940225532872,75
613,4,20,1687.9333333333334,1782.273186216586,75
613,4,21,1206.2933333333333,1237.264178572827,75
613,4,22,1062.2133333333334,1025.0940115318547,75
613,4,23,816.2266666666667,760.1923517667307,75
613,5,0,462.02666666666664,460.986815515203,75
613,5,1,174.86666666666667,171.92488697394495,75
613,5,2,83.17333333333333,81.82803469275424,75
613,5,3,50.10666666666667,48.87774616481258,75
613,5,4,42.17333333333333,41.5986637954614,75
613,5,5,68.62666666666667,67.11656234511446,75
613,5,6,188.44,180.4784381915682,75
613,5,7,312.1066666666667,293.6474573452643,75
613,5,8,424.25333333333333,408.9151021596319,75
613,5,9,567.8,559.1244907352894,75
613,5,10,832.3466666666667,832.8659600467464,75
613,5,11,1144.16,1189.5038748563172,75
613,5,12,1412.52,1427.536177460188,75
613,5,13,1573.6533333333334,1584.3874760855583,75
613,5,14,1779.96,1742.3373990225255,75
613,5,15,2066.9866666666667,2020.0028678811325,75
613,5,16,2117.306666666667,2104.8954946261797,75
613,5,17,2040.3333333333333,2043.74178012134,75
613,5,18,2030.5866666666666,2015.3310190191887,75
613,5,19,1608.7066666666667,1595.6987694620004,75
613,5,20,1296.2266666666667,1289.4450024020489,75
613,5,21,907.5333333333333,932.4950261977432,75
613,5,22,825.3066666666666,857.4198502995142,75
613,5,23,666.2533333333333,677.233874249726,75
613,6,0,368.76,372.1467753309037,75
613,6,1,156.81333333333333,165.50344095332883,75
613,6,2,72.0945945945946,79.09926298203558,74
613,6,3,44.82666666666667,47.55343613030223,75
613,6,4,42.093333333333334,41.474717901581116,75
613,6,5,59.06666666666667,61.87564507941606,75
613,6,6,145.86666666666667,145.71526611978842,75
613,6,7,252.06666666666666,244.6494161911731,75
613,6,8,325.73333333333335,322.12122800971775,75
613,6,9,442.52,429.3013588660028,75
613,6,10,641.5466666666666,649.2352766066641,75
613,6,11,907.2933333333333,910.2277296792809,75
613,6,12,1180.2666666666667,1222.4951770260352,75
613,6,13,1277.9733333333334,1279.2614469509901,75
613,6,14,1449.16,1395.9263871538924,75
613,6,15,1540.8666666666666,1525.0646687462654,75
613,6,16,1637.2666666666667,1632.7259493245765,75
613,6,17,1581.7066666666667,1572.9018762463734,75
613,6,18,1427.6,1423.973575472492,75
613,6,19,1251.2533333333333,1233.3914688231318,75
613,6,20,821.1733333333333,816.1783411408884,75
613,6,21,638.76,635.6324080521573,75
613,6,22,597.52,580.7697434703405,75
613,6,23,389.7866666666667,389.37500560030657,75
614,0,0,340.4,339.6443480010975,75
614,0,1,116.08,112.32674971618432,75
614,0,2,70.68,70.61125400322426,75
614,0,3,43.93333333333333,42.63052266685069,75
614,0,4,67.04,65.62696502433378,75
614,0,5,174.64,174.49953558820354,75
614,0,6,399.38666666666666,407.9718703421923,75
614,0,7,1185.4533333333334,1195.7157986845068,75
614,0,8,2162.2,2161.624291269119,75
614,0,9,1796.1066666666666,1778.0383068614558,75
614,0,10,1636.4933333333333,1635.8490512055357,75
614,0,11,1712.9066666666668,1744.0335910887918,75
614,0,12,2164.8133333333335,2167.233827239177,75
614,0,13,2484.88,2481.3833477165676,75
614,0,14,3026.12,3034.581599642045,75
614,0,15,4283.306666666666,4285.280957809914,75
614,0,16,5273.48,5224.072311926872,75
614,0,17,6083.2,6034.063352050896,75
614,0,18,4704.64,4700.228641022039,75
614,0,19,3310.866666666667,3303.011585753169,75
614,0,20,2561.1466666666665,2542.322769733389,75
614,0,21,1861.5866666666666,1879.8307748677962,75
614,0,22,1437.1333333333334,1463.355064686568,75
614,0,23,963.24,933.8454448856147,75
614,1,0,438.06666666666666,426.3909041477849,75
614,1,1,137.54666666666665,136.24153029876373,75
614,1,2,68.82666666666667,70.83649752574196,75
614,1,3,44.22666666666667,44.818992555757355,75
614,1,4,67.02666666666667,66.4129501193172,75
614,1,5,190.49333333333334,194.992123911887,75
614,1,6,467.8,460.2375778238431,75
614,1,7,1428.1866666666667,1423.5359720623826,75
614,1,8,2717.88,2714.1159580680637,75
614,1,9,2201.213333333333,2172.8012150476056,75
614,1,10,1816.0266666666666,1809.6659722669683,75
614,1,11,1868.0133333333333,1928.425072390443,75
614,1,12,2385.76,2375.08042661718,75
614,1,13,2723.2,2710.0095455581154,75
614,1,14,3265.1466666666665,3340.7879439363064,75
614,1,15,4700.346666666666,4764.028787251999,75
614,1,16,6043.16,6006.889779069826,75
614,1,17,7316.92,7270.8249473004025,75
614,1,18,5605.106666666667,5565.958731850789,75
614,1,19,3924.5466666666666,3923.0075225210308,75
614,1,20,2971.9733333333334,2862.8365790751245,75
614,1,21,2320.266666666667,2341.0922320101486,75
614,1,22,1913.04,1925.2140686277608,75
614,1,23,1118.6533333333334,1195.412620237936,75
614,2,0,535.9736842105264,542.797900606304,76
614,2,1,177.27631578947367,175.31426894816875,76
614,2,2,87.0657894736842,86.86093190661559,76
614,2,3,54.9078947368421,53.88957794094766,76
614,2,4,71.4342105263158,69.05351788187234,76
614,2,5,195.5921052631579,194.94426090443932,76
614,2,6,460.38157894736844,456.7683005423937,76
614,2,7,1408.328947368421,1408.5001362493947,76
614,2,8,2652.342105263158,2663.9649122215565,76
614,2,9,2202.5131578947367,2146.3095626044287,76
614,2,10,1833.342105263158,1816.1962658739062,76
614,2,11,1893.3815789473683,1949.1849575873996,76
614,2,12,2370.592105263158,2379.7532538177657,76
614,2,13,2746.6052631578946,2729.5111588738187,76
614,2,14,3372.5,3356.747767139601,76
614,2,15,4745.855263157895,4771.1300749929305,76
614,2,16,5999.1578947368425,5954.213058338209,76
614,2,17,7274.0921052631575,7194.409602951948,76
614,2,18,5527.3026315789475,5502.507624272933,76
614,2,19,3877.592105263158,3894.0182263502593,76
614,2,20,2967.2368421052633,2851.287499697708,76
614,2,21,2402.842105263158,2385.629421482667,76
614,2,22,2023.2631578947369,1991.7342249176236,76
614,2,23,1233.6973684210527,1218.7450863577305,76
614,3,0,603.2666666666667,565.5919332749472,75
614,3,1,194.54666666666665,183.61773155312036,75
614,3,2,89.96,88.28831979101234,75
614,3,3,55.64,54.92279602692299,75
614,3,4,73.05333333333333,70.14967716892671,75
614,3,5,196.18666666666667,193.16678555032135,75
614,3,6,452.41333333333336,452.45291972293705,75
614,3,7,1357.9333333333334,1379.160794276661,75
614,3,8,2507.84,2531.6364571280747,75
614,3,9,2150.0,2107.6573126983753,75
614,3,10,1883.9466666666667,1840.9560178695383,75
614,3,11,1990.6,1998.9220080015393,75
614,3,12,2442.9333333333334,2384.3081049543352,75
614,3,13,2724.76,2718.6983850216825,75
614,3,14,3279.28,3332.2256403436595,75
614,3,15,4638.986666666667,4679.929374003757,75
614,3,16,5794.64,5830.283388038485,75
614,3,17,6783.933333333333,6937.874388969228,75
614,3,18,5290.4,5379.787066535395,75
614,3,19,3783.346666666667,3842.2670171432137,75
614,3,20,2983.653333333333,2812.359080968671,75
614,3,21,2558.5866666666666,2414.450557264761,75
614,3,22,2136.4533333333334,2074.363512416986,75
614,3,23,1231.48,1236.972928356993,75
614,4,0,595.4533333333334,611.930072913567,75
614,4,1,194.6,201.22870005879926,75
614,4,2,96.42666666666666,101.331629752158,75
614,4,3,61.45333333333333,62.32720805735017,75
614,4,4,76.96,76.00168380169754,75
614,4,5,198.93333333333334,195.3665544236217,75
614,4,6,408.32,414.4802229757335,75
614,4,7,1140.12,1146.448747555385,75
614,4,8,1789.4933333333333,1789.8000322902774,75
614,4,9,1632.2666666666667,1694.8658942473658,75
614,4,10,1638.76,1701.2298170659453,75
614,4,11,1923.48,1994.3581181126608,75
614,4,12,2311.96,2352.3353740842226,75
614,4,13,2732.173333333333,2735.512219371427,75
614,4,14,3452.6666666666665,3396.481413530629,75
614,4,15,4589.04,4586.080018210138,75
614,4,16,5057.013333333333,5044.817687246576,75
614,4,17,5174.573333333334,5153.24546472989,75
614,4,18,4210.653333333334,4204.603237798917,75
614,4,19,3184.0666666666666,3203.0099556182417,75
614,4,20,2587.346666666667,2674.435220986762,75
614,4,21,2382.653333333333,2426.6515345943153,75
614,4,22,2357.84,2247.323658536481,75
614,4,23,1537.0666666666666,1293.1003186803598,75
614,5,0,873.88,882.6006977704715,75
614,5,1,332.72972972972974,327.7126686588083,74
614,5,2,157.14864864864865,159.3841146046248,74
614,5,3,105.37837837837837,108.14763382882387,74
614,5,4,89.63513513513513,87.9014285160699,74
614,5,5,154.4,154.35083179648436,75
614,5,6,223.09333333333333,221.04656613148327,75
614,5,7,496.72,495.18578920620894,75
614,5,8,658.3733333333333,655.3923185917112,75
614,5,9,1046.6,1051.4734665510907,75
614,5,10,1513.1333333333334,1516.6651453283368,75
614,5,11,1958.84,1993.6927071686,75
614,5,12,2381.96,2421.4235851480435,75
614,5,13,2602.1066666666666,2579.562510459081,75
614,5,14,2911.8,2912.169822653677,75
614,5,15,3373.5333333333333,3354.842347239006,75
614,5,16,3739.68,3726.0740949776855,75
614,5,17,3567.4666666666667,3540.014389708573,75
614,5,18,3160.88,3132.366981075502,75
614,5,19,2601.4533333333334,2661.210282539011,75
614,5,20,2052.6666666666665,2082.1622138665102,75
614,5,21,1931.4933333333333,1997.4185547586019,75
614,5,22,1935.8933333333334,1967.3131084297963,75
614,5,23,1421.48,1421.587860829027,75
614,6,0,773.8,801.7971674162212,75
614,6,1,318.18666666666667,320.21755170330533,75
614,6,2,160.98648648648648,158.47519086970428,74
614,6,3,106.21333333333334,107.24192370806851,75
614,6,4,88.48,88.65249119146473,75
614,6,5,147.16,146.1043139352112,75
614,6,6,206.45333333333335,209.12247358065812,75
614,6,7,424.05333333333334,424.12268964455546,75
614,6,8,563.2133333333334,562.2691157038272,75
614,6,9,978.8533333333334,967.1322066769965,75
614,6,10,1332.6266666666668,1306.206728090282,75
614,6,11,1785.1333333333334,1737.5385716977405,75
614,6,12,2099.28,2093.4784539903494,75
614,6,13,2201.653333333333,2199.522926686179,75
614,6,14,2378.6,2371.530170058027,75
614,6,15,2730.5866666666666,2712.2444490275034,75
614,6,16,3018.306666666667,3012.7000666718077,75
614,6,17,3000.36,3004.038013802313,75
614,6,18,2734.7733333333335,2711.282787190897,75
614,6,19,2098.2,2101.6019761056823,75
614,6,20,1489.1066666666666,1495.5031621079893,75
614,6,21,1238.6133333333332,1247.8055752616442,75
614,6,22,1045.2666666666667,1059.129786489734,75
614,6,23,743.1733333333333,760.1058725352053,75
618,0,0,307.3466666666667,300.5077803262997,75
618,0,1,123.16,123.02193539586246,75
618,0,2,65.70666666666666,67.69170793845002,75
618,0,3,47.52,47.77987040023068,75
618,0,4,47.626666666666665,48.31543741046364,75
618,0,5,93.89333333333333,93.32993107613684,75
618,0,6,268.6,279.9878398463316,75
618,0,7,666.0933333333334,671.5534621478412,75
618,0,8,1252.3333333333333,1258.066897770257,75
618,0,9,918.7333333333333,923.5384343393089,75
618,0,10,747.9333333333333,763.8173759360449,75
618,0,11,888.6533333333333,903.7409154506156,75
618,0,12,1146.6533333333334,1150.1385608481796,75
618,0,13,1441.84,1454.5961843272933,75
618,0,14,2268.12,2278.7235633351515,75
618,0,15,3070.2266666666665,3070.0267032393704,75
618,0,16,3261.32,3252.937745603163,75
618,0,17,3743.12,3737.752640266069,75
618,0,18,3065.7733333333335,3084.7208764628645,75
618,0,19,2173.0933333333332,2166.680412693069,75
618,0,20,1721.44,1713.4769209222318,75
618,0,21,1424.2133333333334,1415.4702710727297,75
618,0,22,1125.9066666666668,1136.5891062892536,75
618,0,23,665.3333333333334,654.2708063776848,75
618,1,0,334.37333333333333,339.3799862780001,75
618,1,1,123.44,126.39972770384664,75
618,1,2,63.61333333333334,62.92997869895176,75
618,1,3,44.92,44.38413123526381,75
618,1,4,46.653333333333336,48.56045176054905,75
618,1,5,113.82666666666667,114.36645494619232,75
618,1,6,320.7866666666667,319.3707039151484,75
618,1,7,779.4,775.1171793266514,75
618,1,8,1617.2533333333333,1588.2523362697277,75
618,1,9,1161.8133333333333,1177.5365678260619,75
618,1,10,838.0533333333333,863.6407288579423,75
618,1,11,956.6533333333333,980.5707793718188,75
618,1,12,1211.32,1216.3833924664762,75
618,1,13,1530.36,1532.277668332633,75
618,1,14,2398.72,2474.866243243292,75
618,1,15,3408.9466666666667,3427.7122214618903,75
618,1,16,3866.5866666666666,3946.636760539182,75
618,1,17,4894.8,4875.985249115199,75
618,1,18,4044.9066666666668,4022.3024431840076,75
618,1,19,2673.7466666666664,2672.369984685198,75
618,1,20,2096.3733333333334,2106.366998201059,75
618,1,21,1830.1333333333334,1893.773790388892,75
618,1,22,1404.0266666666666,1424.7916923844132,75
618,1,23,811.92,875.5571107512907,75
618,2,0,412.35526315789474,430.48296740962905,76
618,2,1,165.22368421052633,166.7800274102964,76
618,2,2,79.67105263157895,79.14697842981609,76
618,2,3,48.73684210526316,51.31179405063936,76
618,2,4,48.828947368421055,52.028706052705026,76
618,2,5,115.67105263157895,117.43770332315403,76
618,2,6,311.8421052631579,312.8212901555454,76
618,2,7,770.0131578947369,766.0415528104753,76
618,2,8,1557.1052631578948,1553.0520233274708,76
618,2,9,1153.4736842105262,1161.3486421948212,76
618,2,10,844.5394736842105,857.8922003056872,76
618,2,11,999.2236842105264,1000.0991168326159,76
618,2,12,1334.8157894736842,1317.3751580564374,76
618,2,13,1761.1842105263158,1762.3638218439755,76
618,2,14,2411.315789473684,2485.682758886164,76
618,2,15,3227.092105263158,3358.2609813167232,76
618,2,16,3877.2631578947367,3910.9066677896467,76
618,2,17,4924.855263157895,4835.3794399378985,76
618,2,18,4048.8815789473683,3979.2424290880167,76
618,2,19,2791.407894736842,2733.7068301013874,76
618,2,20,2149.4473684210525,2144.7791363629353,76
618,2,21,1901.0657894736842,1936.9948243198523,76
618,2,22,1531.0131578947369,1540.4026915836566,76
618,2,23,898.5394736842105,939.2465726593772,76
618,3,0,478.70666666666665,500.42992689584224,75
618,3,1,206.97333333333333,202.96353901375522,75
618,3,2,104.56,101.86650484796999,75
618,3,3,72.86666666666666,73.91591529840066,75
618,3,4,65.41333333333333,66.6262429478402,75
618,3,5,118.38666666666667,117.41221510795803,75
618,3,6,303.53333333333336,307.4651066680621,75
618,3,7,729.56,744.6326763641619,75
618,3,8,1437.92,1457.9647320259346,75
618,3,9,1128.7733333333333,1141.7124281850854,75
618,3,10,873.3466666666667,851.754244097024,75
618,3,11,1011.6933333333334,1017.6474237394913,75
618,3,12,1287.84,1300.6044862425956,75
618,3,13,1589.3866666666668,1661.1075846372764,75
618,3,14,2454.8133333333335,2499.342958259843,75
618,3,15,3431.2266666666665,3372.5486467664846,75
618,3,16,3862.4666666666667,3881.3456827690197,75
618,3,17,4726.573333333334,4721.305064489905,75
618,3,18,4091.5333333333333,3932.7611215578168,75
618,3,19,2828.9333333333334,2715.8786966591547,75
618,3,20,2213.2266666666665,2160.0124697649117,75
618,3,21,1977.04,1952.522815824782,75
618,3,22,1660.8133333333333,1617.331267426572,75
618,3,23,1064.1333333333334,1049.487615817773,75
618,4,0,596.16,611.6163509273828,75
618,4,1,264.82666666666665,261.5742577669179,75
618,4,2,157.08,151.94828406841796,75
618,4,3,98.28,101.54430382815474,75
618,4,4,78.44,77.15075882865705,75
618,4,5,114.30666666666667,112.96297395308181,75
618,4,6,276.02666666666664,281.3017229143971,75
618,4,7,575.9066666666666,581.4649521444167,75
618,4,8,937.7333333333333,955.636348887077,75
618,4,9,829.96,832.798438250685,75
618,4,10,833.7866666666666,852.5062044907913,75
618,4,11,1069.6533333333334,1069.525028014884,75
618,4,12,1433.0666666666666,1419.5884804182542,75
618,4,13,1802.96,1790.1434188897877,75
618,4,14,2727.68,2616.643043754182,75
618,4,15,3613.826666666667,3474.7698560942995,75
618,4,16,3662.306666666667,3695.8571234345522,75
618,4,17,3738.693333333333,3728.0226309829545,75
618,4,18,3329.4266666666667,3299.0871732133346,75
618,4,19,2743.9066666666668,2726.9612710765236,75
618,4,20,2257.4666666666667,2182.588874271445,75
618,4,21,2178.3733333333334,2063.364177250268,75
618,4,22,1943.96,1868.412138314267,75
618,4,23,1525.08,1467.9506493651802,75
618,5,0,1036.2,1002.6445904500491,75
618,5,1,583.3733333333333,573.9010818991281,75
618,5,2,341.6216216216216,340.9186775475496,74
618,5,3,199.32,190.092609302878,75
618,5,4,131.4,130.11678105403826,75
618,5,5,79.94666666666667,78.94205533893407,75
618,5,6,138.8,146.13895324724348,75
618,5,7,207.53333333333333,207.69362009457188,75
618,5,8,309.38666666666666,308.73803755459437,75
618,5,9,488.6,485.6312994486614,75
618,5,10,746.3866666666667,740.0141871658369,75
618,5,11,1084.2933333333333,1077.506778422909,75
618,5,12,1575.7066666666667,1574.404440591029,75
618,5,13,2080.733333333333,2044.2145113157233,75
618,5,14,2335.92,2421.272947855319,75
618,5,15,2673.133333333333,2740.8390833007757,75
618,5,16,2841.24,2798.2928401538825,75
618,5,17,2759.7066666666665,2772.0632405076162,75
618,5,18,2760.28,2731.6994430668146,75
618,5,19,2421.1866666666665,2467.269455445019,75
618,5,20,1872.52,1918.9562149350652,75
618,5,21,1721.1866666666667,1725.1910853876664,75
618,5,22,1516.04,1521.6355495582723,75
618,5,23,1324.92,1302.7037193754688,75
618,6,0,952.3866666666667,945.8005499402885,75
618,6,1,557.4933333333333,556.7581775188529,75
618,6,2,323.6216216216216,327.37738942190737,74
618,6,3,206.8,192.93480753675837,75
618,6,4,146.50666666666666,146.85840707018454,75
618,6,5,81.48,79.94589814077789,75
618,6,6,113.65333333333334,112.27341251949032,75
618,6,7,182.41333333333333,179.80847165267565,75
618,6,8,253.69333333333333,251.3929210190921,75
618,6,9,397.04,399.21329713354936,75
618,6,10,645.6533333333333,640.6731467779707,75
618,6,11,934.16,915.6752844765076,75
618,6,12,1324.0933333333332,1311.8413151446684,75
618,6,13,1684.0133333333333,1678.5349544177898,75
618,6,14,1910.84,1943.6996125536741,75
618,6,15,2087.96,2091.870699710478,75
618,6,16,2201.0266666666666,2152.054468778147,75
618,6,17,2180.1866666666665,2163.874688214009,75
618,6,18,2041.7066666666667,2043.8659891413622,75
618,6,19,1599.7466666666667,1607.0522140244223,75
618,6,20,1374.56,1368.0913037991415,75
618,6,21,1176.24,1172.7097673303629,75
618,6,22,950.2133333333334,955.5343487276097,75
618,6,23,568.5333333333333,567.8015796282567,75
619,0,0,223.68,228.0814842110435,75
619,0,1,85.05333333333333,86.43268487465092,75
619,0,2,48.61333333333334,48.713230827425114,75
619,0,3,33.733333333333334,32.168397662381864,75
619,0,4,32.04,32.387614395629356,75
619,0,5,51.81333333333333,51.72822854612633,75
619,0,6,185.85333333333332,195.32537248014978,75
619,0,7,601.7466666666667,583.6127629926466,75
619,0,8,1307.0266666666666,1284.7977775824897,75
619,0,9,939.96,925.5754991968155,75
619,0,10,743.4533333333334,755.873199070871,75
619,0,11,885.96,887.9547220319156,75
619,0,12,1154.3866666666668,1156.3131989226754,75
619,0,13,1421.1733333333334,1423.2175878369408,75
619,0,14,1709.7066666666667,1724.7598311583847,75
619,0,15,2228.6,2246.179963954979,75
619,0,16,2716.3333333333335,2721.268583512845,75
619,0,17,3382.88,3355.6453806709155,75
619,0,18,3241.84,3247.51509625778,75
619,0,19,2426.213333333333,2426.146367402814,75
619,0,20,1670.8133333333333,1661.8847053671561,75
619,0,21,1223.2533333333333,1199.7409988299605,75
619,0,22,837.48,847.4519866944813,75
619,0,23,483.16,473.53659975805783,75
619,1,0,237.24,226.57117087446056,75
619,1,1,81.78666666666666,97.94945030535229,75
619,1,2,44.18666666666667,52.31328343187184,75
619,1,3,25.32,30.418990963597214,75
619,1,4,28.69333333333333,30.19670413858499,75
619,1,5,55.85333333333333,56.54689076173431,75
619,1,6,238.41333333333333,224.5789565912854,75
619,1,7,739.3466666666667,706.670875083611,75
619,1,8,1716.6666666666667,1655.2186247089317,75
619,1,9,1219.08,1216.404687453787,75
619,1,10,872.4,866.0393490581441,75
619,1,11,967.64,982.1480316633558,75
619,1,12,1224.28,1225.0838321073118,75
619,1,13,1514.4,1553.7578589872649,75
619,1,14,1823.44,1911.4769478872681,75
619,1,15,2397.786666666667,2536.4292823411006,75
619,1,16,3025.3733333333334,3081.524176562964,75
619,1,17,4032.88,3990.0963209134843,75
619,1,18,3930.0133333333333,3985.1796674135508,75
619,1,19,2844.5466666666666,2842.309045670761,75
619,1,20,2031.8533333333332,2053.0275310947063,75
619,1,21,1564.3733333333332,1575.6513709425788,75
619,1,22,1066.48,1185.0200501215602,75
619,1,23,591.9866666666667,606.0834767759399,75
619,2,0,286.39473684210526,289.7067868876166,76
619,2,1,110.53947368421052,114.458340133257,76
619,2,2,61.973684210526315,65.78335248939128,76
619,2,3,32.828947368421055,34.47569307542216,76
619,2,4,32.19736842105263,31.965524091772796,76
619,2,5,59.96052631578947,57.80043747341436,76
619,2,6,225.89473684210526,222.43501824749742,76
619,2,7,711.3947368421053,696.8806865080156,76
619,2,8,1633.8157894736842,1628.7516164711571,76
619,2,9,1192.5526315789473,1196.531047100558,76
619,2,10,876.3947368421053,859.572362354556,76
619,2,11,1009.3026315789474,1004.7500594627221,76
619,2,12,1267.7105263157894,1287.3813737684525,76
619,2,13,1581.907894736842,1578.0103228178602,76
619,2,14,1863.3157894736842,1953.5425222512888,76
619,2,15,2447.75,2536.735050898003,76
619,2,16,3063.2105263157896,3079.2797368950705,76
619,2,17,4031.907894736842,3940.8043481412797,76
619,2,18,3891.0263157894738,3930.3457413150645,76
619,2,19,2842.2894736842104,2809.3200262242294,76
619,2,20,2053.7763157894738,2066.006244365852,76
619,2,21,1605.9736842105262,1567.9011831091648,76
619,2,22,1129.6184210526317,1207.4043009467366,76
619,2,23,650.328947368421,662.2079740863734,76
619,3,0,316.41333333333336,318.51165786661045,75
619,3,1,136.54666666666665,139.9619685230296,75
619,3,2,73.26666666666667,71.0133971577804,75
619,3,3,38.093333333333334,39.15724569970178,75
619,3,4,35.06666666666667,34.36366926532258,75
619,3,5,54.85333333333333,56.05088801424742,75
619,3,6,217.82666666666665,218.13210165136505,75
619,3,7,668.2533333333333,677.6715492529519,75
619,3,8,1534.1066666666666,1545.009439866414,75
619,3,9,1172.92,1160.7218177724303,75
619,3,10,899.6666666666666,849.4645235461306,75
619,3,11,1002.5333333333333,1000.3038575650181,75
619,3,12,1286.3066666666666,1279.9006615272529,75
619,3,13,1581.8,1565.1897401161707,75
619,3,14,1899.9466666666667,2017.6363401367091,75
619,3,15,2459.28,2509.358745878005,75
619,3,16,3051.173333333333,3052.7421689186685,75
619,3,17,3899.5333333333333,3881.2926525827475,75
619,3,18,3808.133333333333,3874.6117463640007,75
619,3,19,2882.2933333333335,2777.9232829874677,75
619,3,20,2113.266666666667,2059.3030635199098,75
619,3,21,1653.04,1617.1289402238997,75
619,3,22,1253.1066666666666,1210.454696958554,75
619,3,23,789.68,772.3218164544936,75
619,4,0,434.50666666666666,438.5743303497804,75
619,4,1,182.56,182.48782230434873,75
619,4,2,93.22666666666667,98.57396334471655,75
619,4,3,51.266666666666666,59.628022322858705,75
619,4,4,45.36,45.415806758000656,75
619,4,5,57.04,55.954207141635685,75
619,4,6,190.96,190.55999811136272,75
619,4,7,511.68,514.8243780413364,75
619,4,8,960.24,963.211384771009,75
619,4,9,861.0666666666667,845.7561655119636,75
619,4,10,860.08,856.9612107344196,75
619,4,11,1067.52,1051.4971871839382,75
619,4,12,1403.7866666666666,1387.5068523229872,75
619,4,13,1794.92,1791.081024842679,75
619,4,14,2200.133333333333,2122.6422112553255,75
619,4,15,2875.0133333333333,2707.436275757326,75
619,4,16,3359.6133333333332,3243.8321124440577,75
619,4,17,3654.733333333333,3639.9511288442586,75
619,4,18,3362.0533333333333,3308.7967380956566,75
619,4,19,2799.5333333333333,2806.289067411242,75
619,4,20,2023.0266666666666,2107.2652904842844,75
619,4,21,1576.9466666666667,1602.8492186266965,75
619,4,22,1315.6533333333334,1243.580748924654,75
619,4,23,1104.4533333333334,1065.893077776001,75
619,5,0,827.44,829.8093633696041,75
619,5,1,482.8933333333333,466.3334317794486,75
619,5,2,280.5466666666667,268.1339895380936,75
619,5,3,162.74666666666667,155.5498308882752,75
619,5,4,103.13333333333334,101.7575299544155,75
619,5,5,54.77333333333333,54.29930848628104,75
619,5,6,82.42666666666666,80.44258953870803,75
619,5,7,134.70666666666668,135.03692516402492,75
619,5,8,233.50666666666666,235.923612323324,75
619,5,9,392.41333333333336,392.5561655633218,75
619,5,10,633.6133333333333,632.7759600202829,75
619,5,11,1007.9333333333333,1033.3921386455481,75
619,5,12,1444.52,1463.8068892974104,75
619,5,13,1914.52,1961.447637805879,75
619,5,14,2334.1866666666665,2278.746333041074,75
619,5,15,2833.213333333333,2735.4659663107504,75
619,5,16,3097.1866666666665,2963.0426878049257,75
619,5,17,2971.0533333333333,2906.303877648088,75
619,5,18,2767.5466666666666,2769.2435111883788,75
619,5,19,2484.213333333333,2515.814311866481,75
619,5,20,1719.3466666666666,1713.2088855493594,75
619,5,21,1342.4266666666667,1360.7584392708993,75
619,5,22,1175.3466666666666,1198.0729808515016,75
619,5,23,1025.3466666666666,1035.3464819391954,75
619,6,0,815.8533333333334,818.0374102043932,75
619,6,1,489.6533333333333,495.3512986092861,75
619,6,2,267.77027027027026,259.4119960551471,74
619,6,3,166.78666666666666,154.6674872123357,75
619,6,4,113.50666666666666,111.95634341224128,75
619,6,5,58.36,56.4300926861824,75
619,6,6,62.78666666666667,60.641646471887,75
619,6,7,108.46666666666667,109.02092373955045,75
619,6,8,183.32,186.67129488489124,75
619,6,9,298.6533333333333,297.0160030283794,75
619,6,10,496.14666666666665,498.753325379335,75
619,6,11,793.84,804.2010055609752,75
619,6,12,1162.52,1176.7247465607234,75
619,6,13,1541.9733333333334,1586.4198877955344,75
619,6,14,1836.12,1797.5049300397452,75
619,6,15,2104.4,2109.750163591463,75
619,6,16,2328.44,2241.2698235360454,75
619,6,17,2226.2533333333336,2221.5036076048664,75
619,6,18,2130.5733333333333,2144.728386893215,75
619,6,19,1566.4266666666667,1581.8571259376267,75
619,6,20,1171.04,1164.2844452113636,75
619,6,21,876.04,886.878715826296,75
619,6,22,688.2666666666667,698.1588220464405,75
619,6,23,409.4266666666667,415.3467291837153,75
622,0,0,76.48,74.38752643363523,75
622,0,1,30.04,29.650243828619733,75
622,0,2,17.346666666666668,18.88413123336923,75
622,0,3,12.64,13.770095538405343,75
622,0,4,18.493333333333332,19.075474513232063,75
622,0,5,46.74666666666667,47.29675475943848,75
622,0,6,167.38666666666666,167.65315534184074,75
622,0,7,574.92,566.1445499113469,75
622,0,8,918.6933333333334,890.1790556458114,75
622,0,9,721.84,720.9043716423845,75
622,0,10,733.2266666666667,724.351303212038,75
622,0,11,804.96,767.4576423119142,75
622,0,12,950.6533333333333,936.6948290041989,75
622,0,13,958.6133333333333,938.5844669383607,75
622,0,14,1292.8533333333332,1316.4576134573097,75
622,0,15,1882.4266666666667,1869.1178716349664,75
622,0,16,2737.693333333333,2730.1987180718434,75
622,0,17,3002.0666666666666,3007.6350841105404,75
622,0,18,1611.4533333333334,1601.8595224320402,75
622,0,19,881.6933333333334,877.1259894207836,75
622,0,20,629.9866666666667,618.5839679103108,75
622,0,21,415.28,411.33908185294126,75
622,0,22,281.49333333333334,282.1644936296796,75
622,0,23,201.22666666666666,199.197810085171,75
622,1,0,107.44,104.87079756393143,75
622,1,1,37.38666666666666,34.8049767930855,75
622,1,2,20.04,19.717741319627738,75
622,1,3,15.626666666666667,14.31213026087879,75
622,1,4,24.106666666666666,20.3500842893356,75
622,1,5,57.25333333333333,53.40268529562936,75
622,1,6,193.88,189.20538802338794,75
622,1,7,672.7066666666667,653.8225953371652,75
622,1,8,1117.04,1080.8309274129783,75
622,1,9,869.5866666666667,853.3844947297936,75
622,1,10,818.0133333333333,764.2811123423844,75
622,1,11,895.72,872.6724665849711,75
622,1,12,1006.24,1042.4998220628802,75
622,1,13,1056.0,1044.4853079521067,75
622,1,14,1417.3333333333333,1391.0182674386526,75
622,1,15,2156.84,2050.138058290379,75
622,1,16,3036.9333333333334,3063.29639085675,75
622,1,17,3467.5333333333333,3496.444482425197,75
622,1,18,1909.6,1906.8813713614622,75
622,1,19,1031.76,1017.9243119911278,75
622,1,20,720.2933333333333,718.1694350964526,75
622,1,21,465.02666666666664,486.9593034000386,75
622,1,22,331.64,330.8400963640112,75
622,1,23,219.13333333333333,227.30342874493178,75
622,2,0,133.77631578947367,132.49744011247483,76
622,2,1,49.39473684210526,45.48622924759193,76
622,2,2,23.19736842105263,21.806410207281743,76
622,2,3,17.986842105263158,15.59680633995578,76
622,2,4,22.513157894736842,20.64372788198559,76
622,2,5,56.36842105263158,53.13495827593915,76
622,2,6,187.5921052631579,186.89422344554734,76
622,2,7,652.828947368421,647.9480199005604,76
622,2,8,1086.2631578947369,1068.33681127881,76
622,2,9,852.2105263157895,843.2169467299757,76
622,2,10,823.9473684210526,761.9135343958914,76
622,2,11,916.9342105263158,874.1522300458265,76
622,2,12,1054.157894736842,1049.5845247540458,76
622,2,13,1139.0526315789473,1082.3360168705033,76
622,2,14,1433.1973684210527,1395.3465643297893,76
622,2,15,2079.8026315789475,2035.5132115931276,76
622,2,16,3150.0394736842104,3092.4195884796795,76
622,2,17,3522.184210526316,3478.0382966578372,76
622,2,18,1932.0394736842106,1890.4900843968164,76
622,2,19,1064.3815789473683,1015.6541883805722,76
622,2,20,731.1842105263158,728.3063683713054,76
622,2,21,468.8157894736842,488.3033566662245,76
622,2,22,331.3157894736842,331.13660295043974,76
622,2,23,233.46052631578948,229.38148026678763,76
622,3,0,152.37333333333333,138.7367372159823,75
622,3,1,52.56,45.45046334509893,75
622,3,2,25.293333333333333,23.41778582472791,75
622,3,3,20.14666666666667,15.573211856442224,75
622,3,4,23.986666666666668,22.58759128447408,75
622,3,5,56.946666666666665,52.86983112014174,75
622,3,6,184.70666666666668,183.38707555392656,75
622,3,7,630.72,635.7425045227202,75
622,3,8,1009.6133333333333,1015.8673081213457,75
622,3,9,830.4,825.7653328625382,75
622,3,10,813.5066666666667,751.3495541351887,75
622,3,11,918.3466666666667,858.9324746158029,75
622,3,12,1050.0666666666666,1041.022748354212,75
622,3,13,1098.7066666666667,1065.573238539743,75
622,3,14,1450.4533333333334,1383.1291330278204,75
622,3,15,2114.6666666666665,2020.8822453487994,75
622,3,16,2827.04,2840.607310174634,75
622,3,17,3141.64,3145.34077813237,75
622,3,18,1808.0666666666666,1854.1506785987674,75
622,3,19,1043.5866666666666,1004.6481052814154,75
622,3,20,733.5733333333334,707.3973433394181,75
622,3,21,507.6933333333333,492.84031206848914,75
622,3,22,364.76,346.15740663528175,75
622,3,23,254.77333333333334,246.03807065533226,75
622,4,0,148.48,137.82671482184585,75
622,4,1,55.52,50.96193955818991,75
622,4,2,29.88,28.249587359424865,75
622,4,3,20.30666666666667,18.867379061917187,75
622,4,4,26.026666666666667,23.17505340895591,75
622,4,5,54.013333333333335,51.69222988376164,75
622,4,6,162.72,158.59980049741733,75
622,4,7,503.61333333333334,507.4321577372502,75
622,4,8,709.24,709.3652101161205,75
622,4,9,639.6666666666666,648.7306386797218,75
622,4,10,697.1466666666666,732.6980901869803,75
622,4,11,850.24,862.5749568005541,75
622,4,12,1053.0,1049.1966861858566,75
622,4,13,1033.0,1048.257313895588,75
622,4,14,1411.76,1392.687188152703,75
622,4,15,1950.5866666666666,1955.7693054155725,75
622,4,16,2525.0266666666666,2513.5924990531194,75
622,4,17,2519.48,2519.2226671382564,75
622,4,18,1465.9733333333334,1466.5697965645975,75
622,4,19,908.16,1006.4064196825979,75
622,4,20,683.64,698.7627755101435,75
622,4,21,526.0933333333334,507.65349343440613,75
622,4,22,437.14666666666665,426.5083671418564,75
622,4,23,316.62666666666667,294.3064263382996,75
622,5,0,201.66666666666666,195.784303749056,75
622,5,1,87.24,87.5636810995137,75
622,5,2,37.04,35.029767403468476,75
622,5,3,28.986666666666668,27.64559735795814,75
622,5,4,28.226666666666667,27.10937195956324,75
622,5,5,33.74666666666667,29.261325123793206,75
622,5,6,61.18666666666667,59.30727713840888,75
622,5,7,158.68,157.42446865321986,75
622,5,8,219.34666666666666,215.87981938577664,75
622,5,9,280.32,279.9121075664778,75
622,5,10,424.06666666666666,429.2462702637732,75
622,5,11,589.8933333333333,591.5555293043059,75
622,5,12,725.64,763.42363215573,75
622,5,13,797.1866666666666,781.449449573788,75
622,5,14,866.6933333333334,856.1318552533421,75
622,5,15,962.0,926.8341327986374,75
622,5,16,955.36,952.3815732629339,75
622,5,17,931.2933333333333,941.0231920959061,75
622,5,18,808.3866666666667,820.5998338219223,75
622,5,19,667.44,660.8415619227939,75
622,5,20,540.3866666666667,527.6685468705475,75
622,5,21,423.52,406.5332622732972,75
622,5,22,323.8933333333333,342.25898076623247,75
622,5,23,269.5466666666667,281.86540188806674,75
622,6,0,173.14666666666668,174.60780162443126,75
622,6,1,81.16,86.29102091439542,75
622,6,2,34.810810810810814,34.0894959985935,74
622,6,3,25.546666666666667,26.889266294879597,75
622,6,4,24.48,26.281946512188828,75
622,6,5,26.12,26.24077800519674,75
622,6,6,49.6,47.208649341197265,75
622,6,7,126.2,125.57904056089374,75
622,6,8,158.21333333333334,157.098785872791,75
622,6,9,222.28,221.32124006330122,75
622,6,10,342.1066666666667,334.2240034741294,75
622,6,11,464.1066666666667,494.65115615654554,75
622,6,12,571.8666666666667,569.520308602706,75
622,6,13,605.7866666666666,592.4277569206306,75
622,6,14,652.7066666666667,636.4493269433231,75
622,6,15,706.3333333333334,684.2962102577052,75
622,6,16,715.88,698.4790502381372,75
622,6,17,698.7466666666667,696.8915492907918,75
622,6,18,586.3733333333333,603.996597960736,75
622,6,19,478.5466666666667,466.6228323061794,75
622,6,20,424.72,415.7802765434365,75
622,6,21,306.17333333333335,288.4940878068949,75
622,6,22,220.74666666666667,222.58338971283646,75
622,6,23,152.38666666666666,147.19522200409935,75
623,0,0,158.61333333333334,160.50721710017214,75
623,0,1,69.92,70.15320684852335,75
623,0,2,32.06666666666667,35.00208072162823,75
623,0,3,22.30666666666667,23.04567786788851,75
623,0,4,26.186666666666667,26.883704750779906,75
623,0,5,50.88,49.47251539344607,75
623,0,6,150.32,148.13596181407556,75
623,0,7,413.49333333333334,412.20492475474975,75
623,0,8,798.2,801.3560577029828,75
623,0,9,814.04,807.4785641758251,75
623,0,10,938.5333333333333,926.0958815658015,75
623,0,11,1230.4266666666667,1217.9391606118902,75
623,0,12,1608.6,1600.1672577515558,75
623,0,13,1900.4,1918.2488874067242,75
623,0,14,2203.0133333333333,2234.2071906880083,75
623,0,15,2735.68,2726.6296827130336,75
623,0,16,3423.36,3408.9578262733494,75
623,0,17,4469.733333333334,4472.47409522949,75
623,0,18,3525.866666666667,3511.4634590904748,75
623,0,19,2406.88,2411.653674595748,75
623,0,20,1743.96,1761.4082239885154,75
623,0,21,1378.5066666666667,1382.3961659987726,75
623,0,22,747.2666666666667,749.6753607835093,75
623,0,23,386.0133333333333,384.53224863310095,75
623,1,0,169.41333333333333,164.53637125460037,75
623,1,1,66.58666666666667,72.68186305534857,75
623,1,2,30.30666666666667,34.448708225400324,75
623,1,3,21.506666666666668,23.292303685234838,75
623,1,4,26.826666666666668,26.751300796308538,75
623,1,5,48.44,49.54901857139224,75
623,1,6,156.21333333333334,154.7779687007403,75
623,1,7,463.85333333333335,458.94096360820697,75
623,1,8,960.3466666666667,953.8436944003762,75
623,1,9,943.16,930.8246598243543,75
623,1,10,1033.84,1011.7000125776235,75
623,1,11,1307.8666666666666,1285.050480711297,75
623,1,12,1695.0266666666666,1682.9085586263768,75
623,1,13,1970.04,1981.377213388292,75
623,1,14,2285.9066666666668,2446.4904902471153,75
623,1,15,2838.733333333333,2890.121892330288,75
623,1,16,3691.12,3707.793303056566,75
623,1,17,5224.066666666667,5185.85939314651,75
623,1,18,4152.733333333334,4148.173659339748,75
623,1,19,2696.173333333333,2719.3730233001047,75
623,1,20,1970.7066666666667,2038.7836583022467,75
623,1,21,1495.9466666666667,1673.8318213062428,75
623,1,22,838.1866666666666,936.1344230973457,75
623,1,23,438.76,445.2665634913758,75
623,2,0,199.1184210526316,196.47599626378417,76
623,2,1,88.47368421052632,98.18566795757445,76
623,2,2,40.776315789473685,40.025371107622874,76
623,2,3,26.67105263157895,27.443567030125894,76
623,2,4,26.75,27.750114606513733,76
623,2,5,48.0921052631579,49.60780380832096,76
623,2,6,160.5921052631579,151.7162733993679,76
623,2,7,462.9868421052632,455.47955868796015,76
623,2,8,949.1973684210526,942.9396142592842,76
623,2,9,907.8157894736842,915.763793423989,76
623,2,10,988.8552631578947,1006.0374798492837,76
623,2,11,1291.7105263157894,1292.2348869854761,76
623,2,12,1680.4605263157894,1688.2601708850746,76
623,2,13,1990.3947368421052,1997.2100218107673,76
623,2,14,2273.7105263157896,2447.5985361380285,76
623,2,15,2857.9868421052633,2899.4785545963764,76
623,2,16,3651.2631578947367,3709.873217815156,76
623,2,17,5096.671052631579,5093.240182053217,76
623,2,18,4147.381578947368,4123.004340906691,76
623,2,19,2707.7105263157896,2727.8425148762017,76
623,2,20,2004.6052631578948,2082.770137840391,76
623,2,21,1583.25,1689.439494808496,76
623,2,22,914.1578947368421,979.5019894155236,76
623,2,23,487.44736842105266,503.3104759136,76
623,3,0,217.69333333333333,212.3218046944156,75
623,3,1,100.96,105.47829712152142,75
623,3,2,46.13333333333333,45.37684823754721,75
623,3,3,28.933333333333334,30.070990379912214,75
623,3,4,28.546666666666667,29.210234140032007,75
623,3,5,49.8,50.505975348224624,75
623,3,6,146.86666666666667,148.11347346574476,75
623,3,7,436.2133333333333,443.20970958354667,75
623,3,8,887.76,922.061962873676,75
623,3,9,900.5866666666667,901.7082572020049,75
623,3,10,1007.1066666666667,997.8386985074116,75
623,3,11,1302.8133333333333,1291.2437461073546,75
623,3,12,1697.8133333333333,1677.3675195301337,75
623,3,13,2013.1733333333334,2013.4169200341044,75
623,3,14,2336.7466666666664,2451.5765149067765,75
623,3,15,2936.28,2959.545799419204,75
623,3,16,3742.76,3736.6910566044007,75
623,3,17,4987.44,4983.633425216807,75
623,3,18,4077.266666666667,4069.1932462354957,75
623,3,19,2836.3866666666668,2809.1445513918484,75
623,3,20,2163.9066666666668,2166.5545571923494,75
623,3,21,1725.68,1736.8465107780266,75
623,3,22,1061.8266666666666,1049.9103342430028,75
623,3,23,578.7466666666667,545.4103115903429,75
623,4,0,265.56,260.47759338897885,75
623,4,1,129.33333333333334,130.79176171051841,75
623,4,2,64.21333333333334,62.14669625750019,75
623,4,3,35.57333333333333,37.1046042320563,75
623,4,4,33.46666666666667,32.891872561551565,75
623,4,5,51.28,51.735309290049166,75
623,4,6,147.44,146.62955018031357,75
623,4,7,372.61333333333334,380.1207017326264,75
623,4,8,694.3333333333334,693.2460461510525,75
623,4,9,767.0533333333333,807.1409409674287,75
623,4,10,977.6,1011.4049533673569,75
623,4,11,1347.96,1333.266496582442,75
623,4,12,1796.4666666666667,1812.415502015113,75
623,4,13,2246.72,2250.968366269967,75
623,4,14,2701.9466666666667,2714.808966463518,75
623,4,15,3271.786666666667,3238.3851613963025,75
623,4,16,3930.6266666666666,3880.177807581531,75
623,4,17,4616.666666666667,4600.4943638383365,75
623,4,18,3772.4133333333334,3723.8623276389303,75
623,4,19,2988.6266666666666,2918.414012116951,75
623,4,20,2372.213333333333,2226.313865668308,75
623,4,21,1920.32,1833.2368261286867,75
623,4,22,1428.76,1308.4206190345087,75
623,4,23,891.84,875.4752273218425,75
623,5,0,518.0533333333333,512.3783164264023,75
623,5,1,256.26666666666665,228.6273826768739,75
623,5,2,135.49333333333334,129.14664648890837,75
623,5,3,71.01333333333334,68.61749134810579,75
623,5,4,53.54666666666667,52.318585800158104,75
623,5,5,47.08,44.17543666712315,75
623,5,6,87.33333333333333,94.32109082577075,75
623,5,7,170.8,171.84965334579903,75
623,5,8,297.1333333333333,294.4446662678067,75
623,5,9,483.49333333333334,485.3540155359566,75
623,5,10,792.8533333333334,794.1079879134435,75
623,5,11,1242.6133333333332,1265.3048527524204,75
623,5,12,1830.96,1843.0144630525708,75
623,5,13,2444.9866666666667,2440.3705568101054,75
623,5,14,2966.5866666666666,2823.3821202860586,75
623,5,15,3400.3733333333334,3201.2591426829263,75
623,5,16,3598.04,3543.2771584558714,75
623,5,17,3643.0133333333333,3566.6079683481144,75
623,5,18,3389.0133333333333,3372.7727648954974,75
623,5,19,2922.0266666666666,2829.9767440911264,75
623,5,20,2284.84,2228.775395274143,75
623,5,21,1813.04,1781.9156079390382,75
623,5,22,1298.4,1277.9238962830623,75
623,5,23,842.8133333333334,853.6065601567985,75
623,6,0,503.58666666666664,505.14410316575794,75
623,6,1,256.9066666666667,248.39140849611718,75
623,6,2,132.67567567567568,125.49814303857241,74
623,6,3,73.05333333333333,68.89783187607645,75
623,6,4,54.25333333333333,52.59155667976348,75
623,6,5,38.96,42.9198100730898,75
623,6,6,71.46666666666667,70.69036323545758,75
623,6,7,144.72,145.55526182245532,75
623,6,8,243.84,247.67333750805886,75
623,6,9,404.2133333333333,405.9746792457201,75
623,6,10,658.2666666666667,654.6448091789123,75
623,6,11,1016.1466666666666,1013.4891938703728,75
623,6,12,1467.1333333333334,1468.7508770180937,75
623,6,13,1963.44,1940.279685964273,75
623,6,14,2397.92,2371.3142121176525,75
623,6,15,2656.346666666667,2622.5705630392576,75
623,6,16,2793.5866666666666,2755.529003758285,75
623,6,17,2755.1866666666665,2714.881463366124,75
623,6,18,2537.0666666666666,2525.2789421047532,75
623,6,19,2061.826666666667,2037.3586704172737,75
623,6,20,1700.0133333333333,1669.8846964743711,75
623,6,21,1284.16,1249.2244245506192,75
623,6,22,732.8933333333333,726.9377543603935,75
623,6,23,389.38666666666666,385.1163979678243,75
624,0,0,116.2,116.31250581798221,75
624,0,1,56.4,53.465753961958235,75
624,0,2,33.32,36.37186877335568,75
624,0,3,39.78666666666667,37.62116523460971,75
624,0,4,77.90666666666667,75.59745668653238,75
624,0,5,231.73333333333332,233.74743232710597,75
624,0,6,653.56,666.6735048438776,75
624,0,7,1412.5066666666667,1389.5148467235042,75
624,0,8,2163.64,2146.068466110102,75
624,0,9,1653.4933333333333,1673.6579975231887,75
624,0,10,1250.5733333333333,1245.5748640382562,75
624,0,11,1419.2133333333334,1404.7639585228987,75
624,0,12,1725.6266666666668,1715.5365157209494,75
624,0,13,1980.1333333333334,1953.8981224903248,75
624,0,14,2417.04,2387.503242045899,75
624,0,15,3392.76,3382.207763622794,75
624,0,16,4958.346666666666,5042.371983705144,75
624,0,17,6960.76,7009.071497268135,75
624,0,18,4507.48,4499.994404859026,75
624,0,19,2387.16,2376.657101123675,75
624,0,20,1413.6,1392.2063596864662,75
624,0,21,869.9466666666667,855.0814884085914,75
624,0,22,597.7466666666667,593.1885139573956,75
624,0,23,374.70666666666665,363.63498962390895,75
624,1,0,202.50666666666666,204.84182938901,75
624,1,1,77.90666666666667,77.58027355501959,75
624,1,2,36.906666666666666,36.5741470985509,75
624,1,3,38.76,37.46901989979065,75
624,1,4,81.74666666666667,79.39398974323032,75
624,1,5,268.2,267.34096978972997,75
624,1,6,750.64,760.6222629596506,75
624,1,7,1655.9066666666668,1633.9898298200558,75
624,1,8,2800.9066666666668,2765.240924272402,75
624,1,9,2162.4133333333334,2144.3310392408885,75
624,1,10,1426.1333333333334,1409.9678943592728,75
624,1,11,1562.5866666666666,1556.151341102326,75
624,1,12,1848.1866666666667,1901.7133936370494,75
624,1,13,2106.5866666666666,2110.50325709363,75
624,1,14,2678.9866666666667,2733.0989415612826,75
624,1,15,3895.5733333333333,3948.4066444407886,75
624,1,16,6202.64,6124.942552145591,75
624,1,17,9620.106666666667,9576.315847649086,75
624,1,18,5841.013333333333,5874.357904910467,75
624,1,19,2845.133333333333,2835.09370423772,75
624,1,20,1658.9333333333334,1668.129611235183,75
624,1,21,1050.36,1040.5657982115713,75
624,1,22,736.3066666666666,729.8619625819115,75
624,1,23,442.38666666666666,479.8325515491913,75
624,2,0,238.05263157894737,229.5816134689545,76
624,2,1,94.97368421052632,95.6568054134021,76
624,2,2,42.39473684210526,41.14144403240585,76
624,2,3,39.88157894736842,39.977174862146796,76
624,2,4,78.0657894736842,77.41178078664727,76
624,2,5,274.75,266.66925428075115,76
624,2,6,739.6447368421053,751.8438361469623,76
624,2,7,1604.9342105263158,1608.1436785366561,76
624,2,8,2738.407894736842,2717.3646943902427,76
624,2,9,2155.3552631578946,2127.5496417155255,76
624,2,10,1456.8684210526317,1412.022689430703,76
624,2,11,1643.0,1606.192906646399,76
624,2,12,1971.1842105263158,1965.1827091455668,76
624,2,13,2337.5131578947367,2260.1940170595994,76
624,2,14,2810.1052631578946,2757.624732898906,76
624,2,15,3922.5526315789475,3944.023426707965,76
624,2,16,6207.934210526316,6075.659301424126,76
624,2,17,9454.368421052632,9431.336057223085,76
624,2,18,5881.4473684210525,5862.5948253333845,76
624,2,19,2925.5526315789475,2849.976718713094,76
624,2,20,1738.6184210526317,1698.7339642153242,76
624,2,21,1058.9342105263158,1038.63889988445,76
624,2,22,755.5394736842105,741.4186906620105,76
624,2,23,456.1842105263158,485.68354779115094,76
624,3,0,248.6,241.0354396718075,75
624,3,1,96.08,95.9957532605168,75
624,3,2,44.28,43.319878433076255,75
624,3,3,44.08,41.41167945625691,75
624,3,4,80.72,79.16928092686612,75
624,3,5,261.37333333333333,261.78702382986825,75
624,3,6,712.2266666666667,732.4070420440875,75
624,3,7,1523.1733333333334,1535.8211865470037,75
624,3,8,2516.76,2503.521620970469,75
624,3,9,2042.0266666666666,2065.5736706494977,75
624,3,10,1433.7333333333333,1391.4660345333964,75
624,3,11,1608.2666666666667,1601.308868565571,75
624,3,12,1958.4266666666667,1947.2573298624434,75
624,3,13,2247.9466666666667,2211.045826048261,75
624,3,14,2818.4133333333334,2739.1713505363987,75
624,3,15,4018.24,3924.744179188008,75
624,3,16,5817.373333333333,5853.857920863177,75
624,3,17,8481.973333333333,8450.313885127951,75
624,3,18,5515.093333333333,5563.196371515226,75
624,3,19,2895.28,2804.898678038014,75
624,3,20,1778.3866666666668,1700.1526263362437,75
624,3,21,1147.2266666666667,1049.7039119942076,75
624,3,22,822.1866666666666,782.9580756692047,75
624,3,23,507.48,511.5563334922156,75
624,4,0,271.49333333333334,256.938277488236,75
624,4,1,106.62666666666667,102.90050110862359,75
624,4,2,49.81333333333333,46.06023341747137,75
624,4,3,45.92,45.439593811635966,75
624,4,4,84.28,81.00745707724573,75
624,4,5,260.08,255.76580544444772,75
624,4,6,630.7733333333333,617.8505912321313,75
624,4,7,1223.0133333333333,1205.3977030268911,75
624,4,8,1677.5466666666666,1665.3648313812841,75
624,4,9,1442.8533333333332,1426.7682048598056,75
624,4,10,1258.3733333333332,1311.7203902161743,75
624,4,11,1573.04,1588.1750266694635,75
624,4,12,1956.2533333333333,1962.713476898717,75
624,4,13,2238.4,2208.7238493562836,75
624,4,14,2827.3333333333335,2760.1807731833464,75
624,4,15,3748.1466666666665,3722.277303467321,75
624,4,16,4792.946666666667,4772.695566471785,75
624,4,17,5469.946666666667,5434.373854937,75
624,4,18,3793.8133333333335,3788.9180618397295,75
624,4,19,2322.4266666666667,2409.3201237547264,75
624,4,20,1526.1733333333334,1560.3210945755256,75
624,4,21,1082.8666666666666,1067.5317689282065,75
624,4,22,925.24,910.723304814233,75
624,4,23,637.5066666666667,543.7498338585144,75
624,5,0,371.37333333333333,354.7447891388036,75
624,5,1,161.86666666666667,153.27287541325148,75
624,5,2,69.58666666666667,66.12675745021555,75
624,5,3,51.0,54.012749672606475,75
624,5,4,58.08,56.816196697974505,75
624,5,5,104.48,110.48458726535232,75
624,5,6,228.28,224.98197480969955,75
624,5,7,388.16,388.57775119178814,75
624,5,8,478.32,469.4600439305256,75
624,5,9,672.5333333333333,662.2235435027925,75
624,5,10,962.5866666666667,961.8876799485475,75
624,5,11,1365.2933333333333,1365.9279659941703,75
624,5,12,1657.12,1668.5006974649293,75
624,5,13,1874.8666666666666,1819.9990359131293,75
624,5,14,1988.24,1991.6171794118216,75
624,5,15,2216.5333333333333,2172.2075927630844,75
624,5,16,2273.173333333333,2251.911620645581,75
624,5,17,2161.56,2162.8397633624827,75
624,5,18,1881.4666666666667,1870.9872649449344,75
624,5,19,1558.56,1553.0887818195922,75
624,5,20,1143.48,1155.4371678947703,75
624,5,21,887.72,886.0751796578105,75
624,5,22,764.0533333333333,756.4550410838239,75
624,5,23,572.36,565.2898994658974,75
624,6,0,278.9866666666667,275.85206702877525,75
624,6,1,122.01333333333334,140.2247438886914,75
624,6,2,62.74324324324324,64.80507157433092,74
624,6,3,52.4,54.553119636105706,75
624,6,4,54.86666666666667,53.21411210368134,75
624,6,5,72.54666666666667,73.01417960692936,75
624,6,6,174.42666666666668,172.74825482772013,75
624,6,7,265.25333333333333,262.60921715160094,75
624,6,8,364.28,362.42918275011874,75
624,6,9,554.28,544.7100166931425,75
624,6,10,807.28,802.7661787180838,75
624,6,11,1089.5066666666667,1090.1682657495264,75
624,6,12,1322.1333333333334,1315.8620142816314,75
624,6,13,1429.2,1405.8714145498307,75
624,6,14,1541.8666666666666,1533.625684270677,75
624,6,15,1607.3866666666668,1604.0732167895926,75
624,6,16,1692.7466666666667,1687.9340709755922,75
624,6,17,1608.5066666666667,1605.3542024735327,75
624,6,18,1429.6,1439.2869826665833,75
624,6,19,1129.3333333333333,1135.7136672511888,75
624,6,20,812.0266666666666,814.06183317213,75
624,6,21,622.52,618.6704564413789,75
624,6,22,497.3066666666667,485.28672030686363,75
624,6,23,301.62666666666667,302.2491983836976,75
625,0,0,241.98666666666668,242.1371281192633,75
625,0,1,109.02666666666667,108.36917858412957,75
625,0,2,61.48,60.93846541335811,75
625,0,3,48.21333333333333,46.877398283218,75
625,0,4,60.38666666666666,59.61734785263533,75
625,0,5,107.14666666666666,107.81727521932022,75
625,0,6,330.14666666666665,325.0555044134552,75
625,0,7,899.3466666666667,895.2598786646564,75
625,0,8,1776.0666666666666,1773.676092292829,75
625,0,9,1128.36,1121.3066432815187,75
625,0,10,762.7066666666667,758.001343249503,75
625,0,11,733.6666666666666,750.2001724295388,75
625,0,12,803.2266666666667,795.2928499784547,75
625,0,13,952.5866666666667,952.2062312156783,75
625,0,14,1325.84,1290.3776311532265,75
625,0,15,1723.5466666666666,1712.4482530372563,75
625,0,16,1757.96,1728.1782707448108,75
625,0,17,1686.8666666666666,1687.8196690973216,75
625,0,18,1461.3733333333332,1485.1332526415724,75
625,0,19,1174.68,1179.4588748112737,75
625,0,20,1025.5333333333333,1031.4431468001685,75
625,0,21,891.96,905.4407353793692,75
625,0,22,674.48,669.8731680381547,75
625,0,23,467.81333333333333,452.1993193556696,75
625,1,0,258.48,250.2276598268935,75
625,1,1,94.94666666666667,112.89732201838984,75
625,1,2,57.373333333333335,57.59358799251987,75
625,1,3,37.653333333333336,41.667133866872796,75
625,1,4,54.76,54.58101717339008,75
625,1,5,119.50666666666666,121.01580257966044,75
625,1,6,383.16,370.45607880408676,75
625,1,7,1078.1066666666666,1075.6276444486516,75
625,1,8,2334.9333333333334,2324.2777197697637,75
625,1,9,1451.96,1454.7149814165466,75
625,1,10,856.3866666666667,850.7158749824239,75
625,1,11,781.2933333333333,813.9658868601988,75
625,1,12,822.9733333333334,832.3517046857418,75
625,1,13,975.8133333333334,1015.4776770706379,75
625,1,14,1366.8,1364.1408993751647,75
625,1,15,1877.7466666666667,1878.869150340448,75
625,1,16,1773.9333333333334,1832.5714035653448,75
625,1,17,1832.6666666666667,1862.8758810142529,75
625,1,18,1643.5866666666666,1777.9274138370754,75
625,1,19,1378.1066666666666,1394.9378106487634,75
625,1,20,1285.92,1373.6119082456573,75
625,1,21,1158.2933333333333,1207.7281346945706,75
625,1,22,906.5333333333333,955.6281669803916,75
625,1,23,573.4,592.9979336301051,75
625,2,0,312.88157894736844,308.5842501258232,76
625,2,1,137.1184210526316,146.50123757045878,76
625,2,2,78.71052631578948,76.55835667111343,76
625,2,3,46.28947368421053,48.25028177017216,76
625,2,4,58.10526315789474,57.70425318941004,76
625,2,5,127.32894736842105,122.16032025828156,76
625,2,6,379.7368421052632,367.3567724693162,76
625,2,7,1053.0526315789473,1065.1090133785199,76
625,2,8,2307.157894736842,2293.1636274975467,76
625,2,9,1445.1052631578948,1437.9517296211577,76
625,2,10,874.4736842105264,849.1070444674637,76
625,2,11,794.0526315789474,817.6787367024909,76
625,2,12,859.75,881.9215108320817,76
625,2,13,1026.157894736842,1035.342063450369,76
625,2,14,1411.7894736842106,1401.1041297873458,76
625,2,15,1837.407894736842,1866.5834477589383,76
625,2,16,1776.5,1822.7782320870374,76
625,2,17,1847.7368421052631,1848.463687055786,76
625,2,18,1639.2368421052631,1757.2286975240775,76
625,2,19,1411.578947368421,1418.4776663431442,76
625,2,20,1327.1842105263158,1373.126589954614,76
625,2,21,1181.157894736842,1219.4627018158264,76
625,2,22,949.6973684210526,992.5181476743932,76
625,2,23,627.4736842105264,643.0867931382771,76
625,3,0,337.24,333.23082042772893,75
625,3,1,147.28,154.00414017316155,75
625,3,2,84.34666666666666,80.78135186344139,75
625,3,3,52.373333333333335,51.04837635354602,75
625,3,4,64.17333333333333,63.24040746934611,75
625,3,5,120.42666666666666,120.94175316883803,75
625,3,6,363.25333333333333,360.8458568106721,75
625,3,7,999.5333333333333,1017.6727409888177,75
625,3,8,2137.5333333333333,2190.6446591168124,75
625,3,9,1395.4533333333334,1406.16904802504,75
625,3,10,865.8533333333334,842.4537660927127,75
625,3,11,828.04,818.7798003838442,75
625,3,12,869.5733333333334,876.8894107323536,75
625,3,13,1014.2666666666667,1032.4620260484473,75
625,3,14,1406.92,1410.9968028374703,75
625,3,15,1792.44,1845.8976584227787,75
625,3,16,1845.8533333333332,1810.9399458818602,75
625,3,17,1863.8666666666666,1846.2777204100062,75
625,3,18,1684.5333333333333,1752.50071700324,75
625,3,19,1505.12,1499.0971767275855,75
625,3,20,1458.4266666666667,1387.7935340771862,75
625,3,21,1316.8133333333333,1226.7950890903364,75
625,3,22,1131.84,1055.485565890617,75
625,3,23,796.7733333333333,776.4669436218549,75
625,4,0,449.12,445.45877218420304,75
625,4,1,211.38666666666666,208.99082706767456,75
625,4,2,130.21333333333334,128.08910984277477,75
625,4,3,78.42666666666666,85.2224529876137,75
625,4,4,75.72,74.56496773023365,75
625,4,5,112.97333333333333,115.17042067912968,75
625,4,6,330.38666666666666,322.11844823732116,75
625,4,7,806.8666666666667,794.6171646208785,75
625,4,8,1419.4933333333333,1397.9159273323557,75
625,4,9,1019.04,1017.2893033139035,75
625,4,10,815.3333333333334,846.036917472239,75
625,4,11,840.28,829.9387410006993,75
625,4,12,935.8666666666667,905.7179098731211,75
625,4,13,1104.2266666666667,1071.5403030963453,75
625,4,14,1553.1466666666668,1529.5003047024545,75
625,4,15,2027.1733333333334,1948.2898086167143,75
625,4,16,1931.4266666666667,1903.5893846019264,75
625,4,17,1985.0933333333332,1926.2043564963883,75
625,4,18,1854.76,1823.0542906741914,75
625,4,19,1644.6,1605.310437587437,75
625,4,20,1484.9333333333334,1410.7079658452203,75
625,4,21,1359.6666666666667,1260.6514662891095,75
625,4,22,1345.08,1267.9103884718143,75
625,4,23,1187.8666666666666,1124.9742827287628,75
625,5,0,938.9333333333333,907.4496927528386,75
625,5,1,617.5866666666667,563.6340662066018,75
625,5,2,428.64,410.66250377916003,75
625,5,3,278.58666666666664,272.27532856850297,75
625,5,4,181.3783783783784,181.82183674001266,74
625,5,5,86.02666666666667,83.84964982476608,75
625,5,6,127.29333333333334,127.30054831582716,75
625,5,7,223.73333333333332,223.62993868627473,75
625,5,8,365.7733333333333,365.16683022447523,75
625,5,9,501.4533333333333,503.4221464947292,75
625,5,10,657.56,649.0109961373129,75
625,5,11,840.6666666666666,878.0894904076383,75
625,5,12,1055.76,1031.5501920706683,75
625,5,13,1252.9333333333334,1234.0666810235916,75
625,5,14,1372.4933333333333,1382.7285438007043,75
625,5,15,1528.6266666666668,1545.8881869343347,75
625,5,16,1578.2533333333333,1550.495536898592,75
625,5,17,1603.32,1568.101334506031,75
625,5,18,1643.1866666666667,1583.1727797976935,75
625,5,19,1537.5466666666666,1489.505881139898,75
625,5,20,1344.8,1304.0964460868383,75
625,5,21,1213.24,1211.0404702885698,75
625,5,22,1186.36,1156.0037726039795,75
625,5,23,1132.4933333333333,1110.8338721061675,75
625,6,0,958.4266666666666,928.3512062402281,75
625,6,1,634.3866666666667,608.3089938487808,75
625,6,2,405.3918918918919,394.23565656586413,74
625,6,3,286.7733333333333,268.2601115147721,75
625,6,4,189.73333333333332,186.95977291703034,75
625,6,5,81.42666666666666,81.2034867722296,75
625,6,6,104.74666666666667,105.91473020379235,75
625,6,7,166.09333333333333,166.40949213007588,75
625,6,8,290.4,287.03854283973175,75
625,6,9,400.06666666666666,402.68401752962376,75
625,6,10,563.56,565.1188489665652,75
625,6,11,713.0266666666666,712.4821946196377,75
625,6,12,882.64,902.209539708038,75
625,6,13,1060.3066666666666,1041.573664531324,75
625,6,14,1170.0266666666666,1177.6378653315037,75
625,6,15,1264.0533333333333,1267.3673999315154,75
625,6,16,1277.0533333333333,1266.6978020646864,75
625,6,17,1295.08,1249.5089468754647,75
625,6,18,1260.5466666666666,1220.3636058836428,75
625,6,19,1043.1466666666668,1019.3926218665389,75
625,6,20,890.3733333333333,841.1306000656957,75
625,6,21,799.0666666666667,751.2728779589099,75
625,6,22,680.76,656.1597977401512,75
625,6,23,433.56,431.02653187363586,75
628,0,0,243.69333333333333,248.3574649892632,75
628,0,1,103.57333333333334,108.4189952930791,75
628,0,2,52.733333333333334,53.791788583931094,75
628,0,3,49.2,50.583397255554395,75
628,0,4,85.72,86.03687549549666,75
628,0,5,406.8933333333333,408.69347176120266,75
628,0,6,1205.8133333333333,1213.2768273024815,75
628,0,7,2674.44,2651.910160280585,75
628,0,8,3962.9866666666667,3941.5778757301578,75
628,0,9,2747.6133333333332,2747.9712202453347,75
628,0,10,1913.28,1875.6733103179886,75
628,0,11,1960.3866666666668,1993.5670133553324,75
628,0,12,2201.3333333333335,2263.0883510269996,75
628,0,13,2417.64,2461.8355992329384,75
628,0,14,3111.693333333333,3124.5910021376826,75
628,0,15,4343.08,4342.964281424485,75
628,0,16,6282.426666666666,6285.190030445033,75
628,0,17,8979.226666666667,9040.604661771342,75
628,0,18,5822.173333333333,5879.5785012895185,75
628,0,19,3112.0133333333333,3146.6495854710806,75
628,0,20,2007.8533333333332,2019.50353448045,75
628,0,21,1416.7066666666667,1434.7439201875175,75
628,0,22,1017.4666666666667,1025.5329365519567,75
628,0,23,665.2933333333333,642.365436060673,75
628,1,0,392.56,395.5980015690222,75
628,1,1,137.28,135.21358457343618,75
628,1,2,60.08,61.840663440805194,75
628,1,3,55.45333333333333,54.19598867276196,75
628,1,4,93.38666666666667,91.32098954209101,75
628,1,5,454.25333333333333,455.63043037154534,75
628,1,6,1369.3466666666666,1352.6377468203507,75
628,1,7,3164.3733333333334,3129.224655736654,75
628,1,8,4981.866666666667,4986.480952195117,75
628,1,9,3454.1066666666666,3439.0055456170953,75
628,1,10,2098.7066666666665,2057.1057794781827,75
628,1,11,2093.4266666666667,2130.849628111502,75
628,1,12,2347.5333333333333,2426.7322659232686,75
628,1,13,2613.2933333333335,2657.856376552186,75
628,1,14,3440.1866666666665,3517.554681124014,75
628,1,15,4984.826666666667,4990.293815813345,75
628,1,16,7888.306666666666,7757.777994207215,75
628,1,17,12527.706666666667,12600.329292162329,75
628,1,18,7914.946666666667,7938.720433000421,75
628,1,19,3924.76,3992.771777137902,75
628,1,20,2470.9333333333334,2534.292707325095,75
628,1,21,1792.7866666666666,1857.2855939259302,75
628,1,22,1312.0133333333333,1335.6031199353408,75
628,1,23,753.6266666666667,777.7156129742252,75
628,2,0,457.11842105263156,468.0416801117288,76
628,2,1,169.78947368421052,172.40481982528928,76
628,2,2,72.73684210526316,72.55859987656633,76
628,2,3,55.5,57.67139976487199,76
628,2,4,88.27631578947368,90.64927373782248,76
628,2,5,464.2763157894737,457.2851834783076,76
628,2,6,1324.7631578947369,1335.5828104696675,76
628,2,7,3086.0394736842104,3081.917728094429,76
628,2,8,4874.105263157895,4906.176639176037,76
628,2,9,3422.2894736842104,3406.900981227511,76
628,2,10,2139.1447368421054,2080.4779859789614,76
628,2,11,2160.4210526315787,2189.2447396320113,76
628,2,12,2464.7368421052633,2485.1433164699047,76
628,2,13,2810.2368421052633,2789.7005822564206,76
628,2,14,3599.8684210526317,3586.2810774844893,76
628,2,15,5081.526315789473,4993.646759747308,76
628,2,16,7992.973684210527,7724.154339622735,76
628,2,17,12416.28947368421,12453.692421597105,76
628,2,18,7981.973684210527,7909.893161013851,76
628,2,19,4096.565789473684,3975.8976811072844,76
628,2,20,2577.184210526316,2570.5059308884934,76
628,2,21,1832.671052631579,1866.0239699489775,76
628,2,22,1390.2631578947369,1411.877263925384,76
628,2,23,819.0263157894736,805.8878406195762,76
628,3,0,487.3466666666667,491.30104255065254,75
628,3,1,181.58666666666667,179.5928927992354,75
628,3,2,75.81333333333333,75.90320864567644,75
628,3,3,63.44,62.912647873200534,75
628,3,4,93.12,93.72702265782702,75
628,3,5,436.82666666666665,443.81852736404494,75
628,3,6,1302.9866666666667,1302.3720567237324,75
628,3,7,2945.7066666666665,2972.720772479681,75
628,3,8,4576.08,4590.297175903831,75
628,3,9,3275.9733333333334,3305.8514022516138,75
628,3,10,2122.68,2047.6071270734417,75
628,3,11,2179.306666666667,2175.9555565622036,75
628,3,12,2504.2533333333336,2506.1820733625073,75
628,3,13,2826.5733333333333,2822.1348003476596,75
628,3,14,3590.96,3577.1033975733794,75
628,3,15,5016.306666666666,4938.767560857333,75
628,3,16,7346.733333333334,7401.892362986752,75
628,3,17,10982.306666666667,11064.464170077543,75
628,3,18,7387.613333333334,7418.606421926918,75
628,3,19,4054.4266666666667,3937.7072172327908,75
628,3,20,2654.733333333333,2561.5281283490754,75
628,3,21,1926.0133333333333,1893.9660612336495,75
628,3,22,1539.6933333333334,1548.9745845960194,75
628,3,23,930.9466666666667,922.859624372486,75
628,4,0,537.8533333333334,546.3380476626469,75
628,4,1,212.12,210.19999167381712,75
628,4,2,87.16,87.59600995742296,75
628,4,3,68.41333333333333,64.5283539868745,75
628,4,4,95.58666666666667,94.9607281821097,75
628,4,5,438.12,424.78784825883537,75
628,4,6,1170.04,1175.7096475762403,75
628,4,7,2418.5333333333333,2411.1071132686316,75
628,4,8,3200.3733333333334,3184.359547145425,75
628,4,9,2528.7733333333335,2528.22155646082,75
628,4,10,1977.6666666666667,2019.0193822115696,75
628,4,11,2187.133333333333,2213.7428790973577,75
628,4,12,2609.8,2565.0106303672846,75
628,4,13,2910.04,2889.4160417952435,75
628,4,14,3658.4933333333333,3631.8192117018825,75
628,4,15,4752.76,4723.451054831168,75
628,4,16,6032.066666666667,6046.189525563786,75
628,4,17,7053.373333333333,7075.944590292795,75
628,4,18,5023.2,5052.7582732418805,75
628,4,19,3287.7066666666665,3282.2406034842516,75
628,4,20,2366.3866666666668,2442.682942861597,75
628,4,21,1891.7066666666667,1897.6527430378917,75
628,4,22,1871.8133333333333,1789.5725156463131,75
628,4,23,1247.7733333333333,1149.7729074560507,75
628,5,0,737.8133333333334,736.8369390235215,75
628,5,1,331.4533333333333,331.67568428179067,75
628,5,2,149.6216216216216,146.1343260620885,74
628,5,3,86.54666666666667,87.19514596675258,75
628,5,4,75.18666666666667,74.37016408711166,75
628,5,5,130.25333333333333,132.8522637742263,75
628,5,6,331.70666666666665,327.6374206362539,75
628,5,7,661.7733333333333,649.9793444477716,75
628,5,8,929.8666666666667,936.8431426349096,75
628,5,9,1332.1333333333334,1349.8996309582262,75
628,5,10,1725.64,1738.1942223803815,75
628,5,11,2256.68,2288.9939317325734,75
628,5,12,2593.9333333333334,2635.4263560243753,75
628,5,13,2773.6666666666665,2844.338315074558,75
628,5,14,2881.28,2901.6111753375963,75
628,5,15,3127.2933333333335,3184.7361034003757,75
628,5,16,3130.6666666666665,3176.80943574582,75
628,5,17,3160.52,3200.816559684152,75
628,5,18,2913.3866666666668,2979.3725990234743,75
628,5,19,2494.1866666666665,2604.3005889060955,75
628,5,20,1992.64,2031.8653612354972,75
628,5,21,1674.7466666666667,1691.776858264309,75
628,5,22,1521.52,1545.1705557372306,75
628,5,23,1063.5866666666666,1088.4972372169752,75
628,6,0,601.8666666666667,619.7672588064758,75
628,6,1,299.64,302.75533482073274,75
628,6,2,137.6081081081081,140.3559996308584,74
628,6,3,87.44,87.07513181616041,75
628,6,4,68.62666666666667,68.70877245154199,75
628,6,5,101.38666666666667,104.58450651824269,75
628,6,6,254.25333333333333,256.9685364779756,75
628,6,7,449.8666666666667,452.9805066692324,75
628,6,8,689.5866666666667,704.7281216683866,75
628,6,9,1081.48,1100.6382889057572,75
628,6,10,1494.0933333333332,1508.2942798484103,75
628,6,11,1904.4133333333334,1911.887105699651,75
628,6,12,2104.76,2147.770646695843,75
628,6,13,2137.5866666666666,2175.4289391279235,75
628,6,14,2228.2933333333335,2247.6032639941723,75
628,6,15,2330.0933333333332,2389.9598242951674,75
628,6,16,2373.28,2422.4764860390196,75
628,6,17,2359.3733333333334,2397.9256905502207,75
628,6,18,2135.7466666666664,2176.357865072409,75
628,6,19,1696.6266666666668,1733.2360130049212,75
628,6,20,1345.3066666666666,1362.943528678983,75
628,6,21,1105.4133333333334,1123.4833447042456,75
628,6,22,870.2,882.6072399490546,75
628,6,23,538.7066666666667,544.827789514957,75
635,0,0,74.76,73.86152669449656,75
635,0,1,41.77333333333333,41.06843369487511,75
635,0,2,25.733333333333334,22.78523972050137,75
635,0,3,34.48,32.52291610419899,75
635,0,4,71.94666666666667,72.16573249017083,75
635,0,5,286.4533333333333,292.56200126585736,75
635,0,6,565.16,574.0169950713057,75
635,0,7,1278.68,1280.5194712191162,75
635,0,8,1477.7733333333333,1461.5883849436689,75
635,0,9,863.1733333333333,825.0382981830296,75
635,0,10,636.7333333333333,626.8631354218012,75
635,0,11,763.1333333333333,744.0908357074602,75
635,0,12,922.9866666666667,919.0294349351096,75
635,0,13,1069.8133333333333,1066.2110930502588,75
635,0,14,1379.7466666666667,1369.6261553319512,75
635,0,15,1731.68,1747.8274099337111,75
635,0,16,2188.52,2214.601095118891,75
635,0,17,2688.0,2696.1640216642877,75
635,0,18,1419.9733333333334,1412.5716278021341,75
635,0,19,766.1866666666666,758.2642256346986,75
635,0,20,510.3066666666667,509.99375241994323,75
635,0,21,364.16,365.28951515144587,75
635,0,22,250.8,257.4183366031564,75
635,0,23,142.26666666666668,137.35714560731049,75
635,1,0,122.48,115.65580098708573,75
635,1,1,46.666666666666664,44.94576151393451,75
635,1,2,28.106666666666666,23.35059795016642,75
635,1,3,38.42666666666667,33.158283175150025,75
635,1,4,83.6,80.4496030707115,75
635,1,5,310.85333333333335,316.3485176419197,75
635,1,6,621.24,618.2081720924587,75
635,1,7,1491.1066666666666,1474.9702911982333,75
635,1,8,1817.8933333333334,1785.3560731170614,75
635,1,9,1024.6266666666668,976.9800384845271,75
635,1,10,650.8533333333334,653.2100925735101,75
635,1,11,802.6933333333334,802.8924941682693,75
635,1,12,960.7866666666666,973.538222372036,75
635,1,13,1129.04,1178.7552245290387,75
635,1,14,1387.6,1384.0763105128322,75
635,1,15,1966.7866666666666,1961.4238196578683,75
635,1,16,2635.32,2615.224497575367,75
635,1,17,3557.96,3517.1166689711204,75
635,1,18,1763.9866666666667,1748.7398858364602,75
635,1,19,828.5866666666667,858.7583847260662,75
635,1,20,548.92,558.1626942871454,75
635,1,21,384.5466666666667,387.85378992997505,75
635,1,22,260.2133333333333,297.07413447231795,75
635,1,23,153.12,161.02024601716997,75
635,2,0,146.1578947368421,134.92885474362515,76
635,2,1,50.46052631578947,49.18198662934543,76
635,2,2,29.69736842105263,27.78392334038017,76
635,2,3,37.96052631578947,35.47815415177158,76
635,2,4,83.97368421052632,80.13654738919918,76
635,2,5,317.7368421052632,314.36429767202026,76
635,2,6,606.3552631578947,612.8179575264876,76
635,2,7,1460.171052631579,1459.8103077146486,76
635,2,8,1815.3026315789473,1767.0192618380966,76
635,2,9,1033.1447368421052,967.2007073223325,76
635,2,10,674.5657894736842,651.0007023968109,76
635,2,11,809.7631578947369,807.0661851444713,76
635,2,12,968.9078947368421,994.9203126700841,76
635,2,13,1149.1184210526317,1197.4425831666492,76
635,2,14,1359.921052631579,1378.8493084861577,76
635,2,15,1906.578947368421,1967.5531221624544,76
635,2,16,2511.657894736842,2540.4047760313783,76
635,2,17,3444.0789473684213,3463.064934274223,76
635,2,18,1772.592105263158,1734.662795814288,76
635,2,19,854.4605263157895,860.1574237131446,76
635,2,20,537.6842105263158,558.0130542639537,76
635,2,21,392.19736842105266,390.38969008279855,76
635,2,22,277.7894736842105,299.2361034871967,76
635,2,23,165.01315789473685,164.09690913470615,76
635,3,0,140.01333333333332,135.0973726637617,75
635,3,1,52.13333333333333,51.64884235343022,75
635,3,2,30.08,28.08224958895237,75
635,3,3,39.18666666666667,35.53107411888684,75
635,3,4,80.77333333333333,78.74021789230335,75
635,3,5,310.17333333333335,310.228442709347,75
635,3,6,591.0133333333333,602.1360556105642,75
635,3,7,1419.2533333333333,1423.1882357893535,75
635,3,8,1700.7066666666667,1686.7527223818417,75
635,3,9,966.3866666666667,941.8773668837665,75
635,3,10,655.1733333333333,645.7057097350144,75
635,3,11,771.7733333333333,800.5760071851048,75
635,3,12,948.8933333333333,985.3181247961818,75
635,3,13,1159.72,1205.2938442217069,75
635,3,14,1366.8133333333333,1374.1748671774249,75
635,3,15,1957.9733333333334,1953.1834730879473,75
635,3,16,2465.5733333333333,2480.5255491904622,75
635,3,17,3213.8133333333335,3181.512031783642,75
635,3,18,1707.96,1714.535092548867,75
635,3,19,888.72,860.9063364333389,75
635,3,20,596.4533333333334,567.8495772552722,75
635,3,21,422.50666666666666,418.45377521519055,75
635,3,22,310.56,325.77907031030907,75
635,3,23,186.17333333333335,182.9479179789587,75
635,4,0,154.49333333333334,140.79391178471226,75
635,4,1,56.74666666666667,54.62579365663952,75
635,4,2,35.333333333333336,31.748527462207708,75
635,4,3,41.72,37.46239953873293,75
635,4,4,76.81333333333333,73.72650673193787,75
635,4,5,282.76,276.33662519562637,75
635,4,6,541.1466666666666,541.8992924259086,75
635,4,7,1186.1066666666666,1173.2315430783985,75
635,4,8,1272.96,1270.0896262203098,75
635,4,9,805.44,840.0779773166718,75
635,4,10,622.3333333333334,641.161987959096,75
635,4,11,831.72,818.0127641357976,75
635,4,12,1046.8133333333333,1034.0272356981932,75
635,4,13,1303.3333333333333,1227.4722120019676,75
635,4,14,1552.12,1519.5779346237696,75
635,4,15,1953.64,1970.5588674847525,75
635,4,16,2186.4,2180.4072276936135,75
635,4,17,2253.8133333333335,2245.9481587970636,75
635,4,18,1313.6933333333334,1312.7829315039912,75
635,4,19,802.72,851.7148146163931,75
635,4,20,590.08,576.7740057574947,75
635,4,21,481.2,469.7510227509815,75
635,4,22,426.85333333333335,412.2954614501023,75
635,4,23,262.85333333333335,240.4640570119562,75
635,5,0,195.28,193.09001904571357,75
635,5,1,78.6,83.20576898651201,75
635,5,2,48.053333333333335,48.6934137547078,75
635,5,3,35.554054054054056,40.85271448154853,74
635,5,4,42.16216216216216,40.709252034919196,74
635,5,5,105.44,117.66539998652962,75
635,5,6,221.25333333333333,226.90665687207022,75
635,5,7,351.6666666666667,352.7750256301147,75
635,5,8,369.72,371.13314227853954,75
635,5,9,435.4,431.7929970623851,75
635,5,10,578.8266666666667,570.8197887655662,75
635,5,11,755.4533333333334,755.9977803845653,75
635,5,12,1048.4266666666667,1032.1562111045596,75
635,5,13,1159.0266666666666,1075.605133820003,75
635,5,14,1219.1866666666667,1194.1344342414675,75
635,5,15,1445.4533333333334,1438.9998084979331,75
635,5,16,1508.8666666666666,1484.9025835289901,75
635,5,17,1406.2666666666667,1376.4375157793081,75
635,5,18,1153.5066666666667,1156.014670509031,75
635,5,19,808.76,789.7899922861953,75
635,5,20,630.6933333333334,624.0936021339238,75
635,5,21,511.28,511.8294712702608,75
635,5,22,366.05333333333334,366.40346582538706,75
635,5,23,253.6,245.4991530640078,75
635,6,0,162.10666666666665,164.41469126774723,75
635,6,1,81.53333333333333,83.12099581349713,75
635,6,2,49.54054054054054,48.53427638262845,74
635,6,3,36.053333333333335,39.56782396208723,75
635,6,4,41.53333333333333,40.87434170070989,75
635,6,5,84.34666666666666,82.48763539714692,75
635,6,6,154.72,156.8225721385838,75
635,6,7,230.17333333333335,232.42195729698162,75
635,6,8,293.18666666666667,288.2318047499504,75
635,6,9,375.0,367.9825736120881,75
635,6,10,497.62666666666667,479.167136244455,75
635,6,11,613.0,617.1941938920604,75
635,6,12,854.92,881.9349879907089,75
635,6,13,947.2533333333333,931.9538002048159,75
635,6,14,935.3333333333334,929.9197900859831,75
635,6,15,1139.48,1138.6077535526806,75
635,6,16,1165.04,1163.926264268523,75
635,6,17,1108.48,1114.3814216113287,75
635,6,18,872.72,865.9083077525552,75
635,6,19,588.16,574.0213692849338,75
635,6,20,471.58666666666664,460.880950919174,75
635,6,21,388.82666666666665,380.34437087117533,75
635,6,22,255.48,253.24774262933065,75
635,6,23,135.2,131.40545537531477,75
8,0,0,44.29577464788732,44.99058425102649,71
8,0,1,13.26086956521739,12.902426592271345,69
8,0,2,5.880597014925373,6.863251925428314,67
8,0,3,4.205882352941177,4.191172767545982,68
8,0,4,3.8309859154929575,4.081957433401814,71
8,0,5,12.45945945945946,12.966241885410913,74
8,0,6,44.64,49.72939898206206,75
8,0,7,91.91891891891892,96.39374880724019,74
8,0,8,165.82432432432432,173.97452668446527,74
8,0,9,192.3108108108108,194.51215620202012,74
8,0,10,241.3108108108108,232.52593991909492,74
8,0,11,337.0405405405405,317.4605578826344,74
8,0,12,453.7027027027027,448.7599187643747,74
8,0,13,558.5540540540541,545.9411108302102,74
8,0,14,764.4864864864865,772.3679073870597,74
8,0,15,1097.8108108108108,1103.2423121839936,74
8,0,16,1428.5466666666666,1417.289393746672,75
8,0,17,1895.8513513513512,1870.4871566312117,74
8,0,18,1460.5675675675675,1434.2562869888504,74
8,0,19,776.4594594594595,753.3129156793738,74
8,0,20,457.52702702702703,452.9529238796877,74
8,0,21,316.2837837837838,313.10790658122846,74
8,0,22,290.17333333333335,277.52202767866055,75
8,0,23,180.66666666666666,161.6409524019496,75
8,1,0,60.0,59.04593956860666,72
8,1,1,13.0,13.904237312794757,70
8,1,2,5.092307692307692,6.5974049023223555,65
8,1,3,3.918032786885246,4.478187278684554,61
8,1,4,3.757142857142857,3.9323528220849298,70
8,1,5,14.786666666666667,15.041010360709082,75
8,1,6,52.026666666666664,54.88570209485542,75
8,1,7,105.64,111.0252118508838,75
8,1,8,199.33333333333334,194.55846618746017,75
8,1,9,211.53333333333333,214.16945412185248,75
8,1,10,254.72,248.25553375920703,75
8,1,11,346.96,342.4250044685757,75
8,1,12,474.05333333333334,478.7926166613627,75
8,1,13,588.2133333333334,568.3480641200017,75
8,1,14,803.6533333333333,815.8064672579859,75
8,1,15,1200.6666666666667,1233.4339739620953,75
8,1,16,1620.5466666666666,1620.0719660385828,75
8,1,17,2252.84,2246.1394967811616,75
8,1,18,1676.8266666666666,1684.151211370964,75
8,1,19,885.6666666666666,846.5616789303008,75
8,1,20,535.0533333333333,526.4628596239055,75
8,1,21,398.61333333333334,385.2230494018716,75
8,1,22,334.50666666666666,334.2741380930127,75
8,1,23,201.74324324324326,191.4552278448425,74
8,2,0,75.06944444444444,69.2263330861007,72
8,2,1,20.076923076923077,18.339510527741005,65
8,2,2,8.272727272727273,8.243952294845856,66
8,2,3,5.079365079365079,5.175501217842909,63
8,2,4,3.6133333333333333,4.05071106462148,75
8,2,5,15.947368421052632,15.11164278702231,76
8,2,6,56.43421052631579,54.576045590320795,76
8,2,7,111.21052631578948,110.18352458535377,76
8,2,8,198.47368421052633,192.5648400420234,76
8,2,9,207.52631578947367,212.14892410432432,76
8,2,10,258.0394736842105,248.0316970219177,76
8,2,11,354.1842105263158,341.55035748220416,76
8,2,12,475.17105263157896,484.3952655910596,76
8,2,13,580.6973684210526,572.9637726772514,76
8,2,14,790.9342105263158,818.5014155051389,76
8,2,15,1174.2631578947369,1232.7392572926665,76
8,2,16,1582.2631578947369,1608.1194916521374,76
8,2,17,2124.1052631578946,2135.5860766161604,76
8,2,18,1626.9605263157894,1652.6746149165892,76
8,2,19,878.6973684210526,838.8846021020026,76
8,2,20,530.4868421052631,525.164975158083,76
8,2,21,407.61842105263156,384.0859836979198,76
8,2,22,373.35526315789474,336.36955618768735,76
8,2,23,212.75,195.338515937098,76
8,3,0,103.98630136986301,89.42371289436659,73
8,3,1,27.939393939393938,24.230375214357974,66
8,3,2,9.942028985507246,9.023956232618547,69
8,3,3,6.176470588235294,5.450618475245446,68
8,3,4,4.414285714285715,4.251455081921534,70
8,3,5,16.466666666666665,15.177439257252935,75
8,3,6,55.21333333333333,53.667411753803776,75
8,3,7,108.86666666666666,108.81456429377303,75
8,3,8,194.28,189.41283249761818,75
8,3,9,207.54666666666665,210.85371427165614,75
8,3,10,270.4533333333333,255.35779005800427,75
8,3,11,364.4533333333333,347.384507904762,75
8,3,12,480.17333333333335,483.0982839162929,75
8,3,13,593.8666666666667,567.7908667702494,75
8,3,14,809.1333333333333,821.2976124407606,75
8,3,15,1198.9066666666668,1238.4722003302281,75
8,3,16,1610.6933333333334,1600.61359063324,75
8,3,17,2073.9333333333334,2093.4263390372,75
8,3,18,1548.48,1611.6641639062907,75
8,3,19,865.56,832.3312102041914,75
8,3,20,543.2933333333333,520.5638469153032,75
8,3,21,404.6933333333333,397.69593081032474,75
8,3,22,353.7866666666667,345.38859688893075,75
8,3,23,220.85333333333332,219.3854975379594,75
8,4,0,90.04109589041096,81.40159826965551,73
8,4,1,25.313432835820894,23.89498109337186,67
8,4,2,10.507692307692308,10.110144995194947,65
8,4,3,5.666666666666667,5.11895792525652,69
8,4,4,4.472222222222222,4.130751728340472,72
8,4,5,14.213333333333333,14.583663111177538,75
8,4,6,46.92,48.515504628607836,75
8,4,7,94.98666666666666,96.80187283015331,75
8,4,8,156.01333333333332,154.07854651651266,75
8,4,9,185.12,195.7301291436167,75
8,4,10,251.88,254.53212804492762,75
8,4,11,371.06666666666666,354.496627158335,75
8,4,12,514.3866666666667,496.5775508663999,75
8,4,13,635.4533333333334,625.7165925727654,75
8,4,14,877.24,832.8549590551215,75
8,4,15,1241.52,1235.8434606075828,75
8,4,16,1475.3866666666668,1452.9379833638702,75
8,4,17,1471.9066666666668,1451.024779629281,75
8,4,18,1214.0,1185.1988460617613,75
8,4,19,767.6133333333333,835.8896738679366,75
8,4,20,502.44,526.0352141086325,75
8,4,21,390.0133333333333,412.82886820348944,75
8,4,22,363.62666666666667,391.21681165158475,75
8,4,23,235.36,245.83480091435558,75
8,5,0,106.64,108.44458087311668,75
8,5,1,32.857142857142854,32.98456373754826,70
8,5,2,12.623188405797102,12.04805312418501,69
8,5,3,6.279411764705882,5.973329179593612,68
8,5,4,4.594202898550725,4.449896195363403,69
8,5,5,8.594202898550725,8.368932940187705,69
8,5,6,30.055555555555557,27.75900169754735,72
8,5,7,52.91891891891892,54.29315854398625,74
8,5,8,77.41666666666667,79.20247783821793,72
8,5,9,153.0,143.87569442785338,71
8,5,10,235.20289855072463,235.8187371036464,69
8,5,11,336.83561643835617,327.6933029277522,73
8,5,12,510.45714285714286,493.8648663201739,70
8,5,13,609.2112676056338,600.9079681631549,71
8,5,14,774.8888888888889,753.5736557250455,72
8,5,15,945.3698630136986,914.8312019885827,73
8,5,16,1122.1,1082.884458268236,70
8,5,17,1028.4166666666667,999.9110367209344,72
8,5,18,942.4788732394367,912.6840149992757,71
8,5,19,692.6142857142858,669.174052205556,70
8,5,20,425.0285714285714,434.9472514077325,70
8,5,21,312.0281690140845,326.4317958575352,71
8,5,22,316.05555555555554,320.7190903786363,72
8,5,23,206.65217391304347,213.65187888370687,69
8,6,0,86.80555555555556,89.00317204613428,72
8,6,1,34.056338028169016,32.98904210953272,71
8,6,2,12.343283582089553,11.841327032761017,67
8,6,3,6.073529411764706,5.9358754012053945,68
8,6,4,5.271428571428571,4.576188396946481,70
8,6,5,7.3,7.321167952903991,70
8,6,6,24.408450704225352,25.576070037004374,71
8,6,7,46.291666666666664,46.15213811148159,72
8,6,8,73.58333333333333,73.32954877091794,72
8,6,9,141.57142857142858,140.50172419677898,70
8,6,10,186.125,183.0110963358828,72
8,6,11,270.97222222222223,273.9824191318433,72
8,6,12,426.3098591549296,426.5553747622293,71
8,6,13,515.3239436619718,512.9254294415548,71
8,6,14,651.5416666666666,649.7292510921775,72
8,6,15,799.7,777.2526042575435,70
8,6,16,954.9714285714285,918.8756812593641,70
8,6,17,940.1428571428571,893.887830320542,70
8,6,18,754.4084507042254,724.1335565883509,71
8,6,19,505.5,501.85832131767893,68
8,6,20,289.0845070422535,289.4159440696222,71
8,6,21,212.46478873239437,226.77562707848756,71
8,6,22,214.41095890410958,219.10570654780128,73
8,6,23,127.18055555555556,125.53454114644549,72
9,0,0,170.25333333333333,170.536250986894,75
9,0,1,56.57333333333333,56.14949171303838,75
9,0,2,33.36,32.46881484157182,75
9,0,3,16.4,19.541456410969865,75
9,0,4,21.333333333333332,20.314341944815045,75
9,0,5,49.78666666666667,50.221272874793726,75
9,0,6,179.73333333333332,195.88818233210623,75
9,0,7,530.4666666666667,538.097731610094,75
9,0,8,932.5066666666667,931.9684373946443,75
9,0,9,894.2533333333333,890.9620472055567,75
9,0,10,784.5466666666666,774.9120614946695,75
9,0,11,823.3066666666666,826.1628504195787,75
9,0,12,952.4133333333333,951.3251823482191,75
9,0,13,1071.2133333333334,1068.3824675064884,75
9,0,14,1401.9066666666668,1388.5700715487599,75
9,0,15,1927.5333333333333,1894.187677084945,75
9,0,16,2372.5866666666666,2354.0249829136856,75
9,0,17,3235.92,3226.0855137104118,75
9,0,18,2656.693333333333,2641.489272186834,75
9,0,19,1650.4133333333334,1618.712199997346,75
9,0,20,1171.9866666666667,1145.4286854863137,75
9,0,21,1054.7466666666667,1047.73092136961,75
9,0,22,927.84,937.1969857244829,75
9,0,23,532.68,516.9682954405581,75
9,1,0,222.66666666666666,219.97064916257898,75
9,1,1,58.608108108108105,64.53723445582723,74
9,1,2,33.626666666666665,35.50518365386471,75
9,1,3,18.16216216216216,20.441392844866417,74
9,1,4,18.24,19.670179242820094,75
9,1,5,55.06666666666667,57.129881463204775,75
9,1,6,203.38666666666666,221.59074745722793,75
9,1,7,600.0133333333333,609.712808165532,75
9,1,8,1114.7333333333333,1100.412681367725,75
9,1,9,1039.5333333333333,1023.6313741573133,75
9,1,10,839.4266666666666,859.9238923803001,75
9,1,11,873.64,904.3843294391191,75
9,1,12,1017.12,1018.8128685395717,75
9,1,13,1144.48,1205.7158965291324,75
9,1,14,1547.2,1539.622750388444,75
9,1,15,2153.1066666666666,2093.2569865566343,75
9,1,16,2733.1066666666666,2690.9044107540967,75
9,1,17,4126.973333333333,4091.6579849570617,75
9,1,18,3297.5866666666666,3212.359172770695,75
9,1,19,2003.7466666666667,1867.7110451673925,75
9,1,20,1430.2933333333333,1379.5243775815468,75
9,1,21,1395.1733333333334,1405.2894974562423,75
9,1,22,1279.3333333333333,1376.1954996654058,75
9,1,23,634.5866666666667,672.0798189239038,75
9,2,0,287.2,288.4854456785164,75
9,2,1,86.69333333333333,82.82919271523633,75
9,2,2,45.08,43.42022872378693,75
9,2,3,23.5,26.54352881494779,76
9,2,4,20.56578947368421,20.557348091548086,76
9,2,5,58.80263157894737,58.44166667340953,76
9,2,6,214.1578947368421,220.78594058906955,76
9,2,7,601.4605263157895,604.3284142840179,76
9,2,8,1102.0657894736842,1087.8365899440237,76
9,2,9,1039.5131578947369,1017.9473145075417,76
9,2,10,854.671052631579,855.8876337234376,76
9,2,11,876.5394736842105,912.2667062502662,76
9,2,12,1027.407894736842,1031.953507842712,76
9,2,13,1181.0526315789473,1219.429992250319,76
9,2,14,1548.842105263158,1543.854533919787,76
9,2,15,2181.4736842105262,2090.381653667773,76
9,2,16,2739.7631578947367,2675.371981575683,76
9,2,17,4031.5789473684213,4020.234789875064,76
9,2,18,3204.2631578947367,3160.8196123671623,76
9,2,19,1964.4605263157894,1838.5409526902517,76
9,2,20,1460.7466666666667,1383.8020084504353,75
9,2,21,1411.9868421052631,1400.8654233036752,76
9,2,22,1363.6052631578948,1385.1230221405656,76
9,2,23,738.5205479452055,711.7797714921645,73
9,3,0,281.2432432432432,283.986912602255,74
9,3,1,93.87837837837837,88.23364723199991,74
9,3,2,43.16216216216216,43.43772947750447,74
9,3,3,26.27027027027027,26.693150769986676,74
9,3,4,23.14666666666667,22.1702682933939,75
9,3,5,58.84,58.45546977381085,75
9,3,6,203.94666666666666,217.2806202251128,75
9,3,7,588.84,593.5216366903632,75
9,3,8,1049.4266666666667,1051.977606660083,75
9,3,9,1018.8,1007.3252575192096,75
9,3,10,898.0666666666667,872.9412029907193,75
9,3,11,922.08,925.835670489291,75
9,3,12,1048.3333333333333,1030.878365321841,75
9,3,13,1181.3333333333333,1223.6724718202388,75
9,3,14,1559.7066666666667,1551.9336766123113,75
9,3,15,2157.24,2109.603402322161,75
9,3,16,2693.866666666667,2639.3006439770875,75
9,3,17,3730.92,3710.9316147425407,75
9,3,18,3060.4133333333334,3101.0788825188356,75
9,3,19,1927.28,1827.732468654397,75
9,3,20,1453.6133333333332,1382.48329720712,75
9,3,21,1536.92,1422.8523651136563,75
9,3,22,1475.2666666666667,1417.5843834458415,75
9,3,23,731.8,732.8997902728061,75
9,4,0,318.77027027027026,313.6123499161342,74
9,4,1,102.6027397260274,103.84247766657987,73
9,4,2,48.19178082191781,48.19936241906605,73
9,4,3,27.824324324324323,28.616665120677784,74
9,4,4,24.426666666666666,22.58317656482146,75
9,4,5,54.29333333333334,55.77398143275067,75
9,4,6,193.2,193.91435487509648,75
9,4,7,520.7066666666667,513.7353639011931,75
9,4,8,832.2266666666667,824.2952348228714,75
9,4,9,870.1333333333333,889.3352212055563,75
9,4,10,846.68,847.4941201303058,75
9,4,11,912.0266666666666,917.3825638947134,75
9,4,12,1039.0666666666666,1055.131775658285,75
9,4,13,1196.24,1231.6218548136503,75
9,4,14,1577.1333333333334,1591.6635357440446,75
9,4,15,2125.1866666666665,2138.1652065240373,75
9,4,16,2425.7466666666664,2434.23399109767,75
9,4,17,2626.266666666667,2611.969408143234,75
9,4,18,2144.5466666666666,2145.797966456932,75
9,4,19,1592.56,1777.654347568346,75
9,4,20,1303.0933333333332,1398.207498902182,75
9,4,21,1431.96,1435.9173334899099,75
9,4,22,1550.5333333333333,1452.0205345970326,75
9,4,23,919.0533333333333,843.6288262292093,75
9,5,0,474.56,465.97763423132466,75
9,5,1,177.74666666666667,172.75938436031868,75
9,5,2,87.0945945945946,83.53999102662225,74
9,5,3,45.45333333333333,45.88564686914092,75
9,5,4,36.0945945945946,34.36804250845291,74
9,5,5,46.32,45.94979299138065,75
9,5,6,121.8,120.68037821191724,75
9,5,7,232.44,229.52124729162722,75
9,5,8,394.94666666666666,389.55588248220937,75
9,5,9,645.1466666666666,639.0118711390704,75
9,5,10,874.16,859.8636595725757,75
9,5,11,1047.44,1020.9789440045694,75
9,5,12,1202.0133333333333,1217.8452746923524,75
9,5,13,1278.96,1253.2989405288833,75
9,5,14,1491.1466666666668,1466.608170755535,75
9,5,15,1732.4666666666667,1701.9161270296938,75
9,5,16,2054.16,2008.4372472189589,75
9,5,17,1890.6533333333334,1904.8528362194209,75
9,5,18,1601.5066666666667,1603.5976701055736,75
9,5,19,1329.8933333333334,1338.289540165696,75
9,5,20,1093.7866666666666,1166.9567263712984,75
9,5,21,1157.3333333333333,1200.5940474921651,75
9,5,22,1359.0533333333333,1334.5592158359254,75
9,5,23,889.3333333333334,884.92350418148,75
9,6,0,416.49333333333334,415.52642046745683,75
9,6,1,178.54666666666665,172.35806649579493,75
9,6,2,82.93243243243244,81.13865271622544,74
9,6,3,49.24,47.07398958620452,75
9,6,4,36.666666666666664,34.477846123034006,75
9,6,5,47.88,46.89631921438165,75
9,6,6,114.73333333333333,113.4771697051164,75
9,6,7,218.2,214.06904149379466,75
9,6,8,340.36,333.18402612221774,75
9,6,9,553.5466666666666,551.9748517856885,75
9,6,10,765.1866666666666,736.8125664088316,75
9,6,11,937.84,931.5701197051613,75
9,6,12,1066.76,1039.4878279750765,75
9,6,13,1073.8533333333332,1040.0993779990667,75
9,6,14,1209.5733333333333,1230.5635053791768,75
9,6,15,1436.1333333333334,1368.5023406969447,75
9,6,16,1721.4933333333333,1682.7160008814712,75
9,6,17,1606.1733333333334,1576.9859923874249,75
9,6,18,1356.6933333333334,1347.1900876456511,75
9,6,19,1015.9333333333333,1022.4809342215501,75
9,6,20,767.92,775.2392852012819,75
9,6,21,730.6133333333333,728.9887239298088,75
9,6,22,683.7733333333333,702.7437552817058,75
9,6,23,446.4266666666667,442.0864692459454,75
TRAM1,0,0,20.594594594594593,20.263800285258775,74
TRAM1,0,1,8.397260273972602,8.884307801118597,73
TRAM1,0,5,2.9692307692307693,3.265078704928656,65
TRAM1,0,6,35.88,34.526055650522416,75
TRAM1,0,7,43.666666666666664,48.58649375224602,75
TRAM1,0,8,76.21333333333334,76.2687645363213,75
TRAM1,0,9,135.53333333333333,141.91449361432774,75
TRAM1,0,10,212.89333333333335,211.2237626785834,75
TRAM1,0,11,249.36,244.84375732316698,75
TRAM1,0,12,259.24,268.26524143801953,75
TRAM1,0,13,263.88,283.53169315640247,75
TRAM1,0,14,303.26666666666665,314.64311712705677,75
TRAM1,0,15,337.2266666666667,368.05048348979574,75
TRAM1,0,16,383.1333333333333,396.11018420532895,75
TRAM1,0,17,443.64,443.3991758919125,75
TRAM1,0,18,403.8783783783784,385.6905511556521,74
TRAM1,0,19,306.4189189189189,303.9513598586701,74
TRAM1,0,20,197.27027027027026,197.4994484184027,74
TRAM1,0,21,125.60810810810811,121.79715461376131,74
TRAM1,0,22,75.62162162162163,76.97944316745374,74
TRAM1,0,23,36.84931506849315,40.65207728510307,73
TRAM1,1,0,19.81081081081081,19.991792907864113,74
TRAM1,1,1,8.054794520547945,8.871961240780015,73
TRAM1,1,5,3.2777777777777777,3.338921258427501,72
TRAM1,1,6,36.10666666666667,35.95957525911609,75
TRAM1,1,7,52.04,53.15276558426448,75
TRAM1,1,8,81.37333333333333,80.36710325009108,75
TRAM1,1,9,142.4,147.10171638366495,75
TRAM1,1,10,209.04,228.7335446401961,75
TRAM1,1,11,246.56,260.61314318905136,75
TRAM1,1,12,252.96,261.4360974166601,75
TRAM1,1,13,259.18666666666667,270.4700241755175,75
TRAM1,1,14,307.44,298.417274797955,75
TRAM1,1,15,352.3333333333333,377.0233301588374,75
TRAM1,1,16,372.93333333333334,383.1282435593955,75
TRAM1,1,17,445.56,457.3270956306958,75
TRAM1,1,18,399.84,389.81464137110197,75
TRAM1,1,19,311.2133333333333,284.6948043536356,75
TRAM1,1,20,195.26666666666668,213.2087524506334,75
TRAM1,1,21,128.84,126.6481640487101,75
TRAM1,1,22,79.77333333333333,80.17623986573959,75
TRAM1,1,23,41.973333333333336,41.37886802394228,75
TRAM1,2,0,21.19736842105263,20.461467345698104,76
TRAM1,2,1,9.144736842105264,9.440659843266074,76
TRAM1,2,2,13.0,18.023639423076922,1
TRAM1,2,3,1.0,4.1613326719576715,1
TRAM1,2,4,7.0,5.672707214212495,1
TRAM1,2,5,4.08,3.602715852709998,75
TRAM1,2,6,33.71052631578947,34.915930291107486,76
TRAM1,2,7,52.48684210526316,52.986935055105015,76
TRAM1,2,8,80.94736842105263,80.063109050094,76
TRAM1,2,9,138.46052631578948,146.3157059786002,76
TRAM1,2,10,210.31578947368422,229.56192309277068,76
TRAM1,2,11,240.03947368421052,262.7376449487063,76
TRAM1,2,12,243.64473684210526,261.97457516313494,76
TRAM1,2,13,247.51315789473685,273.203104034305,76
TRAM1,2,14,283.5657894736842,295.89020302781137,76
TRAM1,2,15,321.25,373.38910533236395,76
TRAM1,2,16,369.63157894736844,382.20997766919754,76
TRAM1,2,17,431.82894736842104,456.13983246028585,76
TRAM1,2,18,388.4605263157895,387.327663225502,76
TRAM1,2,19,282.4605263157895,282.54007913658603,76
TRAM1,2,20,187.8684210526316,213.68079568378153,76
TRAM1,2,21,125.10526315789474,132.51059740846904,76
TRAM1,2,22,81.39473684210526,83.45132883116673,76
TRAM1,2,23,44.921052631578945,44.11291293980721,76
TRAM1,3,0,21.386666666666667,21.196826342349393,75
TRAM1,3,1,8.547945205479452,9.417824139457151,73
TRAM1,3,2,5.5,13.275472959210811,2
TRAM1,3,3,1.5,3.4549066685599876,2
TRAM1,3,4,2.0,2.8856913596966414,1
TRAM1,3,5,3.445945945945946,3.442321973498871,74
TRAM1,3,6,34.42666666666667,35.25497097051134,75
TRAM1,3,7,47.70666666666666,51.51752157846643,75
TRAM1,3,8,73.62666666666667,78.83473167170877,75
TRAM1,3,9,132.4,143.70979212939778,75
TRAM1,3,10,207.8783783783784,233.22437064205286,74
TRAM1,3,11,244.01351351351352,269.0649007344131,74
TRAM1,3,12,258.4266666666667,273.7862874411595,75
TRAM1,3,13,263.4266666666667,282.20454182878876,75
TRAM1,3,14,299.82666666666665,304.3592556064535,75
TRAM1,3,15,358.58666666666664,391.57520144198895,75
TRAM1,3,16,386.05333333333334,394.59212943528195,75
TRAM1,3,17,451.05333333333334,468.92318491598115,75
TRAM1,3,18,396.76,404.1115768431404,75
TRAM1,3,19,309.76,295.20789387161807,75
TRAM1,3,20,213.42666666666668,219.22412065706177,75
TRAM1,3,21,131.73333333333332,140.91915278362015,75
TRAM1,3,22,89.29333333333334,86.4483500529426,75
TRAM1,3,23,52.0,48.89729248061459,75
TRAM1,4,0,25.14666666666667,24.107523223249903,75
TRAM1,4,1,11.613333333333333,11.308275753043105,75
TRAM1,4,2,1.0,6.434386066385304,3
TRAM1,4,3,1.0,2.3682804453542934,1
TRAM1,4,4,1.0,3.305476658284439,1
TRAM1,4,5,3.5,3.322714689473992,74
TRAM1,4,6,34.52,35.56838868079325,75
TRAM1,4,7,49.72,50.28203026712288,75
TRAM1,4,8,83.45333333333333,82.2921728057072,75
TRAM1,4,9,143.92,145.56155051412938,75
TRAM1,4,10,233.73333333333332,242.4065633027032,75
TRAM1,4,11,282.62666666666667,271.31852108044546,75
TRAM1,4,12,292.26666666666665,291.93244791695423,75
TRAM1,4,13,292.0133333333333,313.15446838602355,75
TRAM1,4,14,350.50666666666666,348.8310442491844,75
TRAM1,4,15,400.8666666666667,419.15321240093294,75
TRAM1,4,16,425.05333333333334,431.53815944709163,75
TRAM1,4,17,446.4533333333333,492.4034831579073,75
TRAM1,4,18,412.56,423.36929530712365,75
TRAM1,4,19,339.12,341.4074861234805,75
TRAM1,4,20,251.09333333333333,236.5400552870922,75
TRAM1,4,21,175.69333333333333,169.53171394885473,75
TRAM1,4,22,124.02666666666667,117.7705847456583,75
TRAM1,4,23,75.57333333333334,72.11804068889715,75
TRAM1,5,0,39.54666666666667,38.72213997113249,75
TRAM1,5,1,19.783783783783782,18.121856375744162,74
TRAM1,5,2,7.657534246575342,8.902824691956388,73
TRAM1,5,3,2.4722222222222223,2.298537584802436,36
TRAM1,5,5,2.3285714285714287,2.5513702285930906,70
TRAM1,5,6,17.48,18.095973546627167,75
TRAM1,5,7,43.06666666666667,40.65080505134916,75
TRAM1,5,8,69.84,68.26621941162553,75
TRAM1,5,9,157.76,150.95312446088667,75
TRAM1,5,10,253.70666666666668,237.07528077901466,75
TRAM1,5,11,348.48,322.72020722403363,75
TRAM1,5,12,378.44,373.5912791760653,75
TRAM1,5,13,403.4533333333333,403.20076198002425,75
TRAM1,5,14,446.61333333333334,437.43180553046784,75
TRAM1,5,15,460.92,441.931432571698,75
TRAM1,5,16,477.2133333333333,452.8801418997909,75
TRAM1,5,17,452.0,448.11392329719075,75
TRAM1,5,18,402.5466666666667,420.8034840352401,75
TRAM1,5,19,342.3066666666667,352.02653388429445,75
TRAM1,5,20,247.45333333333335,232.9915370073336,75
TRAM1,5,21,169.22666666666666,172.23625009349277,75
TRAM1,5,22,112.52,112.24618206332649,75
TRAM1,5,23,73.76,71.04614000619942,75
TRAM1,6,0,40.013333333333335,38.99110905543141,75
TRAM1,6,1,19.666666666666668,18.065149039188686,75
TRAM1,6,2,9.493150684931507,9.129107290095773,73
TRAM1,6,3,2.260869565217391,2.3724638977487302,46
TRAM1,6,5,1.9649122807017543,2.4887459443380466,57
TRAM1,6,6,16.106666666666666,16.468581021895996,75
TRAM1,6,7,38.32,39.16302551552658,75
TRAM1,6,8,60.8,58.315618536423926,75
TRAM1,6,9,132.09333333333333,130.62377367966465,75
TRAM1,6,10,232.49333333333334,234.75705616487264,75
TRAM1,6,11,316.08,326.09007106275516,75
TRAM1,6,12,355.25333333333333,361.2892631354854,75
TRAM1,6,13,376.9066666666667,382.76579669138727,75
TRAM1,6,14,418.76,421.83308609679654,75
TRAM1,6,15,444.92,437.92831584157017,75
TRAM1,6,16,452.08,442.337983041115,75
TRAM1,6,17,435.2266666666667,436.4339907470478,75
TRAM1,6,18,394.0133333333333,391.8723729776856,75
TRAM1,6,19,326.0933333333333,322.76764716069624,75
TRAM1,6,20,220.74666666666667,216.06108486028083,75
TRAM1,6,21,137.58666666666667,134.98439095307575,75
TRAM1,6,22,85.42666666666666,83.81530780901512,75
TRAM1,6,23,43.85333333333333,42.80765102144578,75
TRAM2,0,0,19.84931506849315,15.501170515574564,73
TRAM2,0,1,8.376811594202898,7.4672544605957585,69
TRAM2,0,2,1.0,5.380404763000294,1
TRAM2,0,5,5.534246575342466,6.447614285501115,73
TRAM2,0,6,41.972972972972975,39.4477658327541,74
TRAM2,0,7,166.4,164.44941095738676,75
TRAM2,0,8,271.8933333333333,263.50153104776143,75
TRAM2,0,9,216.77333333333334,219.85493420041618,75
TRAM2,0,10,191.21333333333334,201.21800274902796,75
TRAM2,0,11,221.0,230.7282160137778,75
TRAM2,0,12,222.61333333333334,231.47797310414026,75
TRAM2,0,13,225.52,234.53428328733372,75
TRAM2,0,14,241.82666666666665,259.4411227000772,75
TRAM2,0,15,266.76,288.88031022030077,75
TRAM2,0,16,294.85333333333335,300.7658908321687,75
TRAM2,0,17,297.94594594594594,304.68765283267777,74
TRAM2,0,18,249.83783783783784,265.275245308932,74
TRAM2,0,19,227.21621621621622,227.8666343853432,74
TRAM2,0,20,164.85135135135135,159.319621251266,74
TRAM2,0,21,94.04054054054055,91.43352200450622,74
TRAM2,0,22,61.25675675675676,60.8538061920877,74
TRAM2,0,23,32.794520547945204,35.747601767248284,73
TRAM2,1,0,11.797297297297296,14.392524854502208,74
TRAM2,1,1,6.984126984126984,7.432369933547873,63
TRAM2,1,2,2.0,5.545243395373538,1
TRAM2,1,3,1.0,2.1368387510943587,1
TRAM2,1,4,2.0,2.3716551443601235,1
TRAM2,1,5,7.773333333333333,6.875519626145175,75
TRAM2,1,6,43.18666666666667,41.238773083892596,75
TRAM2,1,7,191.86666666666667,179.48074764795032,75
TRAM2,1,8,307.08,290.7824826839746,75
TRAM2,1,9,252.4,241.96202000316154,75
TRAM2,1,10,201.78666666666666,212.43445158875343,75
TRAM2,1,11,213.48,227.82497983490433,75
TRAM2,1,12,223.45333333333335,228.99881702177134,75
TRAM2,1,13,225.38666666666666,229.00959820369536,75
TRAM2,1,14,238.2,254.529377174815,75
TRAM2,1,15,269.6666666666667,275.75548169142354,75
TRAM2,1,16,280.46666666666664,281.24594387159624,75
TRAM2,1,17,284.7733333333333,283.4664022328964,75
TRAM2,1,18,245.41333333333333,254.51828822329009,75
TRAM2,1,19,207.46666666666667,232.16645171054577,75
TRAM2,1,20,152.29333333333332,155.49101488376002,75
TRAM2,1,21,86.04,90.58004548814274,75
TRAM2,1,22,59.906666666666666,60.148823332631814,75
TRAM2,1,23,32.053333333333335,35.70726535810053,75
TRAM2,2,0,13.837837837837839,15.073234386322964,74
TRAM2,2,1,6.4393939393939394,8.021564672187905,66
TRAM2,2,2,8.5,8.517904426958488,2
TRAM2,2,3,3.0,3.0938025116751646,3
TRAM2,2,5,7.053333333333334,6.769193822575988,75
TRAM2,2,6,42.776315789473685,40.83283338862912,76
TRAM2,2,7,186.53947368421052,169.79560644791192,76
TRAM2,2,8,294.10526315789474,287.3989187598715,76
TRAM2,2,9,242.35526315789474,238.9895356539611,76
TRAM2,2,10,195.85526315789474,213.03385420873613,76
TRAM2,2,11,219.39473684210526,230.33675639686092,76
TRAM2,2,12,216.60526315789474,231.70054424943297,76
TRAM2,2,13,218.23684210526315,232.2281873248913,76
TRAM2,2,14,228.1578947368421,255.82194271717373,76
TRAM2,2,15,256.7368421052632,277.42970951123164,76
TRAM2,2,16,279.0,284.7481816693621,76
TRAM2,2,17,277.2763157894737,286.47336924013786,76
TRAM2,2,18,227.69736842105263,256.1794863579629,76
TRAM2,2,19,200.69736842105263,234.99147897072612,76
TRAM2,2,20,143.8421052631579,157.8041776032928,76
TRAM2,2,21,88.90789473684211,94.43844300086889,76
TRAM2,2,22,60.723684210526315,63.60373810160361,76
TRAM2,2,23,36.68421052631579,37.51572360813314,76
TRAM2,3,0,15.837837837837839,16.28529896874596,74
TRAM2,3,1,5.827586206896552,7.801048256446238,58
TRAM2,3,2,2.0,6.748631568057521,2
TRAM2,3,4,2.0,2.495158664437525,1
TRAM2,3,5,7.202702702702703,6.884493134560872,74
TRAM2,3,6,40.10666666666667,39.997989666448426,75
TRAM2,3,7,178.66666666666666,166.8513780116164,75
TRAM2,3,8,289.6933333333333,283.22603929733486,75
TRAM2,3,9,237.88,236.81370708014825,75
TRAM2,3,10,188.10666666666665,212.40041994053476,75
TRAM2,3,11,214.70666666666668,231.5732226315373,75
TRAM2,3,12,227.54666666666665,235.1489441837679,75
TRAM2,3,13,230.64,236.669192656534,75
TRAM2,3,14,253.01333333333332,262.3992581857333,75
TRAM2,3,15,271.53333333333336,285.24169550870874,75
TRAM2,3,16,305.5733333333333,294.160222405611,75
TRAM2,3,17,293.73333333333335,296.66817603342747,75
TRAM2,3,18,255.30666666666667,262.56608033477596,75
TRAM2,3,19,213.53333333333333,238.00197738272323,75
TRAM2,3,20,166.14666666666668,170.10694754599896,75
TRAM2,3,21,105.16,101.31471926873677,75
TRAM2,3,22,73.57333333333334,71.8538045735336,75
TRAM2,3,23,43.06666666666667,43.27056136745258,75
TRAM2,4,0,18.69333333333333,18.654811070196118,75
TRAM2,4,1,7.6923076923076925,8.85644650177878,65
TRAM2,4,3,1.0,2.3607500814305737,1
TRAM2,4,5,6.6,6.828396735589145,75
TRAM2,4,6,37.76,38.84530236061321,75
TRAM2,4,7,161.41333333333333,153.87516767573115,75
TRAM2,4,8,249.82666666666665,248.08083834023898,75
TRAM2,4,9,215.76,221.30852811579834,75
TRAM2,4,10,202.22666666666666,220.3121563459766,75
TRAM2,4,11,234.81333333333333,249.2587862208246,75
TRAM2,4,12,247.69333333333333,257.8893929891671,75
TRAM2,4,13,254.6,258.49846660434633,75
TRAM2,4,14,271.0,285.99240526360956,75
TRAM2,4,15,317.05333333333334,330.28053867368686,75
TRAM2,4,16,338.93333333333334,345.42660458546806,75
TRAM2,4,17,336.05333333333334,345.933294632789,75
TRAM2,4,18,295.73333333333335,295.6519988765434,75
TRAM2,4,19,262.05333333333334,261.17838509680985,75
TRAM2,4,20,196.73333333333332,187.88179097094456,75
TRAM2,4,21,132.10666666666665,132.63662526929272,75
TRAM2,4,22,93.81333333333333,96.30374636044444,75
TRAM2,4,23,64.18666666666667,60.528401187259846,75
TRAM2,5,0,36.0,36.36682593021996,75
TRAM2,5,1,16.84931506849315,17.456454184052873,73
TRAM2,5,2,4.765625,5.985126509993398,64
TRAM2,5,3,1.8888888888888888,2.228848352234348,18
TRAM2,5,4,1.25,2.196000576962858,4
TRAM2,5,5,2.403225806451613,2.36192410018944,62
TRAM2,5,6,19.266666666666666,18.735651607365238,75
TRAM2,5,7,48.86666666666667,68.70358218306778,75
TRAM2,5,8,105.54666666666667,123.44175710457836,75
TRAM2,5,9,153.10666666666665,183.76954356562416,75
TRAM2,5,10,247.45333333333335,234.2634153671115,75
TRAM2,5,11,325.73333333333335,318.6447290246866,75
TRAM2,5,12,370.3466666666667,331.70869345346244,75
TRAM2,5,13,370.9066666666667,330.42758186898106,75
TRAM2,5,14,371.9066666666667,357.6528294932148,75
TRAM2,5,15,386.50666666666666,395.8652590268629,75
TRAM2,5,16,421.6,431.02824521819895,75
TRAM2,5,17,431.7866666666667,430.65039636259644,75
TRAM2,5,18,382.3466666666667,368.93400409815956,75
TRAM2,5,19,325.18666666666667,303.631903639207,75
TRAM2,5,20,255.13333333333333,255.64101978466002,75
TRAM2,5,21,165.92,161.84811657694723,75
TRAM2,5,22,104.10666666666667,102.78634722078937,75
TRAM2,5,23,65.4,65.08645133887778,75
TRAM2,6,0,35.78666666666667,35.98737566188958,75
TRAM2,6,1,17.453333333333333,17.507800429217696,75
TRAM2,6,2,7.25,6.744747852316387,68
TRAM2,6,3,2.5714285714285716,2.5948955412091386,28
TRAM2,6,4,4.0,2.5237689900255758,1
TRAM2,6,5,2.418918918918919,2.3743448586633895,74
TRAM2,6,6,16.426666666666666,16.548118578787467,75
TRAM2,6,7,44.306666666666665,42.55223132829089,75
TRAM2,6,8,78.86666666666666,76.8198108568468,75
TRAM2,6,9,142.16,144.04316758510706,75
TRAM2,6,10,219.96,222.14039637936958,75
TRAM2,6,11,301.25333333333333,318.0642669691179,75
TRAM2,6,12,331.93333333333334,334.2445242767787,75
TRAM2,6,13,340.05333333333334,336.28345426145,75
TRAM2,6,14,346.6,344.01677739212255,75
TRAM2,6,15,371.81333333333333,385.1615173109056,75
TRAM2,6,16,395.82666666666665,398.91775187433865,75
TRAM2,6,17,393.97333333333336,394.14247469166287,75
TRAM2,6,18,350.58666666666664,346.58235111551244,75
TRAM2,6,19,298.6533333333333,299.5420002555075,75
TRAM2,6,20,231.26666666666668,224.08300373926573,75
TRAM2,6,21,138.8,136.64490290061,75
TRAM2,6,22,81.52,82.66787136041168,75
TRAM2,6,23,47.148648648648646,44.39262210581394,74
